instance	extremal_optimization	greedy_descent	synth_population	population_resample	random_flip_sweep	consensus_seek	extremal_metropolis	steepest_descent	history_field	tabu_sweep	houdayer_cluster	gibbs_color_sweep	isoenergetic_cluster	elite_broadcast	replica_exchange	consensus_freeze	synth_dynamics	metropolis_sweep	random_restart_worst
G1	0.777	0.023	0.000	1.000	0.156	0.001	0.002	0.750	0.004	0.006	1.000	0.002	1.000	1.000	1.000	0.001	0.000	0.000	0.153
G11	0.813	0.226	0.000	1.000	0.893	0.000	0.046	0.674	0.029	0.018	1.000	0.005	1.000	1.000	1.000	0.004	0.002	0.000	0.860
G12	0.815	0.278	0.000	1.000	0.924	0.002	0.046	0.659	0.026	0.017	1.000	0.002	1.000	1.000	1.000	0.001	0.002	0.001	0.890
G13	0.825	0.258	0.000	1.000	0.895	0.003	0.043	0.683	0.033	0.026	1.000	0.009	1.000	1.000	1.000	0.003	0.003	0.003	0.873
G14	0.539	0.036	0.001	1.000	0.198	0.001	0.006	0.380	0.005	0.004	1.000	0.003	1.000	1.000	1.000	0.001	0.000	0.001	0.189
G15	0.519	0.028	0.001	1.000	0.203	0.000	0.003	0.358	0.001	0.003	1.000	0.001	1.000	1.000	1.000	0.002	0.000	0.001	0.188
G16	0.534	0.040	0.001	1.000	0.197	0.000	0.003	0.377	0.006	0.004	1.000	0.002	1.000	1.000	1.000	0.001	0.001	0.002	0.189
G2	0.776	0.017	0.000	1.000	0.158	0.001	0.001	0.750	0.002	0.002	1.000	0.002	1.000	1.000	1.000	0.000	0.000	0.000	0.152
G22	0.905	0.028	0.000	1.000	0.232	0.001	0.011	0.884	0.006	0.008	1.000	0.004	1.000	1.000	1.000	0.002	0.001	0.000	0.229
G23	0.906	0.036	0.002	1.000	0.232	0.001	0.008	0.885	0.005	0.006	1.000	0.004	1.000	1.000	1.000	0.001	0.002	0.000	0.228
G24	0.905	0.032	0.000	1.000	0.228	0.001	0.011	0.885	0.005	0.008	1.000	0.005	1.000	1.000	1.000	0.000	0.000	0.000	0.229
G3	0.774	0.012	0.001	1.000	0.158	0.000	0.000	0.746	0.000	0.001	1.000	0.002	1.000	1.000	1.000	0.002	0.001	0.000	0.151
G32	0.922	0.220	0.001	1.000	0.941	0.000	0.105	0.854	0.022	0.004	1.000	0.007	1.000	1.000	1.000	0.004	0.006	0.002	0.920
G33	0.924	0.256	0.000	1.000	0.962	0.000	0.118	0.852	0.023	0.005	1.000	0.011	1.000	1.000	1.000	0.000	0.001	0.002	0.939
G34	0.924	0.247	0.004	1.000	0.963	0.000	0.126	0.852	0.023	0.002	1.000	0.007	1.000	1.000	1.000	0.003	0.004	0.004	0.955
G35	0.717	0.034	0.001	1.000	0.209	0.000	0.008	0.558	0.003	0.004	1.000	0.001	1.000	1.000	1.000	0.000	0.000	0.000	0.201
G36	0.728	0.033	0.001	1.000	0.207	0.000	0.009	0.574	0.004	0.005	1.000	0.001	1.000	1.000	1.000	0.001	0.000	0.001	0.202
G43	0.819	0.034	0.001	1.000	0.229	0.000	0.008	0.785	0.003	0.006	1.000	0.004	1.000	1.000	1.000	0.003	0.002	0.002	0.220
G44	0.818	0.034	0.001	1.000	0.225	0.000	0.005	0.782	0.002	0.003	1.000	0.003	1.000	1.000	1.000	0.002	0.002	0.001	0.218
G45	0.819	0.034	0.001	1.000	0.225	0.001	0.004	0.788	0.003	0.006	1.000	0.004	1.000	1.000	1.000	0.000	0.001	0.002	0.219
G48	0.967	0.000	0.000	1.000	0.486	0.000	0.179	0.967	0.000	0.000	1.000	0.000	1.000	1.000	1.000	0.000	0.000	0.000	0.480
G49	0.967	0.000	0.000	1.000	0.487	0.000	0.189	0.967	0.000	0.000	1.000	0.000	1.000	1.000	1.000	0.000	0.000	0.000	0.480
G50	0.966	0.000	0.000	1.000	0.476	0.000	0.160	0.966	0.000	0.000	1.000	0.000	1.000	1.000	1.000	0.000	0.000	0.000	0.469
G51	0.564	0.040	0.000	1.000	0.201	0.002	0.007	0.403	0.003	0.003	1.000	0.002	1.000	1.000	1.000	0.000	0.001	0.001	0.196
G52	0.583	0.038	0.000	1.000	0.202	0.000	0.003	0.422	0.002	0.005	1.000	0.002	1.000	1.000	1.000	0.000	0.001	0.000	0.195
G53	0.577	0.034	0.003	1.000	0.207	0.000	0.006	0.420	0.001	0.002	1.000	0.003	1.000	1.000	1.000	0.003	0.002	0.002	0.191
G55	0.960	0.069	0.002	1.000	0.368	0.000	0.089	0.940	0.008	0.009	1.000	0.005	1.000	1.000	1.000	0.002	0.000	0.001	0.362
G60	0.972	0.073	0.003	1.000	0.376	0.003	0.140	0.958	0.013	0.016	1.000	0.008	1.000	1.000	1.000	0.000	0.002	0.002	0.370
G63	0.872	0.034	0.000	1.000	0.215	0.001	0.031	0.739	0.004	0.004	1.000	0.002	1.000	1.000	1.000	0.000	0.000	0.000	0.210
G70	0.978	0.085	0.002	1.000	0.452	0.004	0.364	0.962	0.011	0.015	1.000	0.005	1.000	1.000	1.000	0.000	0.003	0.002	0.446
