instance	consensus_freeze	extremal_optimization	elite_broadcast	steepest_descent	synth_dynamics	synth_population	random_restart_worst	population_resample	gibbs_color_sweep	replica_exchange	extremal_metropolis	history_field	isoenergetic_cluster	consensus_seek	houdayer_cluster	metropolis_sweep	random_flip_sweep	greedy_descent	tabu_sweep
G1	0.001297466	0.776720584	1.000000000	0.750281118	0.000057665	0.000317158	0.152870282	1.000000000	0.002393103	1.000000000	0.002450768	0.004209555	1.000000000	0.000605484	1.000000000	0.000000000	0.156013032	0.022575902	0.005795346
G11	0.003618818	0.813027744	1.000000000	0.674306393	0.002412545	0.000000000	0.860072376	1.000000000	0.004825090	1.000000000	0.045838359	0.028950543	1.000000000	0.000000000	1.000000000	0.000000000	0.892641737	0.225572979	0.018094089
G12	0.001222494	0.815403423	1.000000000	0.658924205	0.002444988	0.000000000	0.889975550	1.000000000	0.002444988	1.000000000	0.046454768	0.025672372	1.000000000	0.002444988	1.000000000	0.001222494	0.924205379	0.277506112	0.017114914
G13	0.003484321	0.824622532	1.000000000	0.682926829	0.003484321	0.000000000	0.873403020	1.000000000	0.009291521	1.000000000	0.042973287	0.032520325	1.000000000	0.003484321	1.000000000	0.003484321	0.895470383	0.257839721	0.025551684
G14	0.000659268	0.538622129	1.000000000	0.379628612	0.000000000	0.000549390	0.188770465	1.000000000	0.002527195	1.000000000	0.006372926	0.005384024	1.000000000	0.000769146	1.000000000	0.001428414	0.197890342	0.035820240	0.004175365
G15	0.001889099	0.519279920	1.000000000	0.358262029	0.000000000	0.001000111	0.188354262	1.000000000	0.000666741	1.000000000	0.002555840	0.001111235	1.000000000	0.000222247	1.000000000	0.001222358	0.202689188	0.028225358	0.003111457
G16	0.000663570	0.534284450	1.000000000	0.376907764	0.001216545	0.001216545	0.189338642	1.000000000	0.001769520	1.000000000	0.003096660	0.006082725	1.000000000	0.000000000	1.000000000	0.001658925	0.196859102	0.040477770	0.003760230
G2	0.000317552	0.775808314	1.000000000	0.749711316	0.000375289	0.000000000	0.152136259	1.000000000	0.001991917	1.000000000	0.000779446	0.001558891	1.000000000	0.000519630	1.000000000	0.000202079	0.157909931	0.016599307	0.001732102
G22	0.002195861	0.905325593	1.000000000	0.883543665	0.000681474	0.000025240	0.228899546	1.000000000	0.004316002	1.000000000	0.011029783	0.005552751	1.000000000	0.000731954	1.000000000	0.000000000	0.231726401	0.027839475	0.007975770
G23	0.001237218	0.905996718	1.000000000	0.885393258	0.002398687	0.001742204	0.228001515	1.000000000	0.004368135	1.000000000	0.008433279	0.004746875	1.000000000	0.000580735	1.000000000	0.000000000	0.232142406	0.035652064	0.005529605
G24	0.000000000	0.905254657	1.000000000	0.884836707	0.000100954	0.000429055	0.228988946	1.000000000	0.004542931	1.000000000	0.010549695	0.004669123	1.000000000	0.001362879	1.000000000	0.000302862	0.228408460	0.032431477	0.008202514
G3	0.002253358	0.774057490	1.000000000	0.746063845	0.001213347	0.001184458	0.150657230	1.000000000	0.002253358	1.000000000	0.000000000	0.000260003	1.000000000	0.000346671	1.000000000	0.000317781	0.157763975	0.012249025	0.001386682
G32	0.004373178	0.922254616	1.000000000	0.854227405	0.005830904	0.001457726	0.919825073	1.000000000	0.007288630	1.000000000	0.105442177	0.022351798	1.000000000	0.000000000	1.000000000	0.001943635	0.940719145	0.220116618	0.004373178
G33	0.000493340	0.923532314	1.000000000	0.851998027	0.000986680	0.000000000	0.939319191	1.000000000	0.010853478	1.000000000	0.117908239	0.023186976	1.000000000	0.000000000	1.000000000	0.001973360	0.962012827	0.255550074	0.005426739
G34	0.003446578	0.923682915	1.000000000	0.852289513	0.004431315	0.003938946	0.955194485	1.000000000	0.006893156	1.000000000	0.126046283	0.022648941	1.000000000	0.000000000	1.000000000	0.004431315	0.962580010	0.246676514	0.001969473
G35	0.000000000	0.717149907	1.000000000	0.558341412	0.000264387	0.001410064	0.200669781	1.000000000	0.000749097	1.000000000	0.007623160	0.003481096	1.000000000	0.000176258	1.000000000	0.000264387	0.208997973	0.033797480	0.003921741
G36	0.001234296	0.728499008	1.000000000	0.574300198	0.000000000	0.001234296	0.201631034	1.000000000	0.001102050	1.000000000	0.008640071	0.004143707	1.000000000	0.000264492	1.000000000	0.001454706	0.207405775	0.032620674	0.004540445
G43	0.002979046	0.819288059	1.000000000	0.785357233	0.002423630	0.001161323	0.220297905	1.000000000	0.004241353	1.000000000	0.007826306	0.003433476	1.000000000	0.000000000	1.000000000	0.002423630	0.228780611	0.034334764	0.005958091
G44	0.002076791	0.817597001	1.000000000	0.782088947	0.001924830	0.000759801	0.218214973	1.000000000	0.002988552	1.000000000	0.004964036	0.001519603	1.000000000	0.000000000	1.000000000	0.001165029	0.225357107	0.034140411	0.003039206
G45	0.000000000	0.819052445	1.000000000	0.787788194	0.001013428	0.001064099	0.218596402	1.000000000	0.004256397	1.000000000	0.004459083	0.003496326	1.000000000	0.000506714	1.000000000	0.001722827	0.225234355	0.034405878	0.005776539
G48	0.000000000	0.966666667	1.000000000	0.966666667	0.000000000	0.000000000	0.480444444	1.000000000	0.000000000	1.000000000	0.179333333	0.000000000	1.000000000	0.000000000	1.000000000	0.000000000	0.486222222	0.000000000	0.000000000
G49	0.000000000	0.966666667	1.000000000	0.966666667	0.000000000	0.000000000	0.480333333	1.000000000	0.000000000	1.000000000	0.189333333	0.000000000	1.000000000	0.000000000	1.000000000	0.000000000	0.486777778	0.000000000	0.000000000
G50	0.000000000	0.965986395	1.000000000	0.965986395	0.000000000	0.000000000	0.469160998	1.000000000	0.000000000	1.000000000	0.159750567	0.000113379	1.000000000	0.000000000	1.000000000	0.000000000	0.476417234	0.000000000	0.000000000
G51	0.000000000	0.564412874	1.000000000	0.403051828	0.000701570	0.000350785	0.196176445	1.000000000	0.002367798	1.000000000	0.007015698	0.003244760	1.000000000	0.002017013	1.000000000	0.000964658	0.201438218	0.039726388	0.003332456
G52	0.000175546	0.583428421	1.000000000	0.421750197	0.001316598	0.000175546	0.194944264	1.000000000	0.002106557	1.000000000	0.002984289	0.002457649	1.000000000	0.000351093	1.000000000	0.000000000	0.201527254	0.038093566	0.004915299
G53	0.003158172	0.576541802	1.000000000	0.419685937	0.002193175	0.002544083	0.191420300	1.000000000	0.002719537	1.000000000	0.005526801	0.001315905	1.000000000	0.000000000	1.000000000	0.002280902	0.206509343	0.033599439	0.002456356
G55	0.001724824	0.959765159	1.000000000	0.940493565	0.000000000	0.001592145	0.362047234	1.000000000	0.005273982	1.000000000	0.088961125	0.007662200	1.000000000	0.000132679	1.000000000	0.000696564	0.368283137	0.068694441	0.008690460
G60	0.000000000	0.971588051	1.000000000	0.957957023	0.001652972	0.002683085	0.369618858	1.000000000	0.008169034	1.000000000	0.139807872	0.013295642	1.000000000	0.002659128	1.000000000	0.002132094	0.375919316	0.073473397	0.016002683
G63	0.000000000	0.871824726	1.000000000	0.739380282	0.000125196	0.000488263	0.210128326	1.000000000	0.002366197	1.000000000	0.030685446	0.003755869	1.000000000	0.000663537	1.000000000	0.000438185	0.214535211	0.033502347	0.004494523
G70	0.000000000	0.977950946	1.000000000	0.962293963	0.002944662	0.002262362	0.446224010	1.000000000	0.005458398	1.000000000	0.363701655	0.010737243	1.000000000	0.004237440	1.000000000	0.001939168	0.452185155	0.084712895	0.015369699
