seed	repetition	state_digest	ledger_sha256	histogram_sha256	entropy_bits
4001	0	e74d8282a72ede91	05f9d9a317dd894bad9c7c4973c91d20d9996b92cfaee8c1cadb5481c539099e	a3c294b5f74484f6d91069d5faa24408ca19509fb84a26a7d9a3b0146323b69a	4011e7d7f62a4190
4001	1	e74d8282a72ede91	05f9d9a317dd894bad9c7c4973c91d20d9996b92cfaee8c1cadb5481c539099e	a3c294b5f74484f6d91069d5faa24408ca19509fb84a26a7d9a3b0146323b69a	4011e7d7f62a4190
4001	2	e74d8282a72ede91	05f9d9a317dd894bad9c7c4973c91d20d9996b92cfaee8c1cadb5481c539099e	a3c294b5f74484f6d91069d5faa24408ca19509fb84a26a7d9a3b0146323b69a	4011e7d7f62a4190
4001	3	e74d8282a72ede91	05f9d9a317dd894bad9c7c4973c91d20d9996b92cfaee8c1cadb5481c539099e	a3c294b5f74484f6d91069d5faa24408ca19509fb84a26a7d9a3b0146323b69a	4011e7d7f62a4190
4001	4	e74d8282a72ede91	05f9d9a317dd894bad9c7c4973c91d20d9996b92cfaee8c1cadb5481c539099e	a3c294b5f74484f6d91069d5faa24408ca19509fb84a26a7d9a3b0146323b69a	4011e7d7f62a4190
4001	5	e74d8282a72ede91	05f9d9a317dd894bad9c7c4973c91d20d9996b92cfaee8c1cadb5481c539099e	a3c294b5f74484f6d91069d5faa24408ca19509fb84a26a7d9a3b0146323b69a	4011e7d7f62a4190
4001	6	e74d8282a72ede91	05f9d9a317dd894bad9c7c4973c91d20d9996b92cfaee8c1cadb5481c539099e	a3c294b5f74484f6d91069d5faa24408ca19509fb84a26a7d9a3b0146323b69a	4011e7d7f62a4190
4001	7	e74d8282a72ede91	05f9d9a317dd894bad9c7c4973c91d20d9996b92cfaee8c1cadb5481c539099e	a3c294b5f74484f6d91069d5faa24408ca19509fb84a26a7d9a3b0146323b69a	4011e7d7f62a4190
4001	8	e74d8282a72ede91	05f9d9a317dd894bad9c7c4973c91d20d9996b92cfaee8c1cadb5481c539099e	a3c294b5f74484f6d91069d5faa24408ca19509fb84a26a7d9a3b0146323b69a	4011e7d7f62a4190
4001	9	e74d8282a72ede91	05f9d9a317dd894bad9c7c4973c91d20d9996b92cfaee8c1cadb5481c539099e	a3c294b5f74484f6d91069d5faa24408ca19509fb84a26a7d9a3b0146323b69a	4011e7d7f62a4190
4001	10	e74d8282a72ede91	05f9d9a317dd894bad9c7c4973c91d20d9996b92cfaee8c1cadb5481c539099e	a3c294b5f74484f6d91069d5faa24408ca19509fb84a26a7d9a3b0146323b69a	4011e7d7f62a4190
4001	11	e74d8282a72ede91	05f9d9a317dd894bad9c7c4973c91d20d9996b92cfaee8c1cadb5481c539099e	a3c294b5f74484f6d91069d5faa24408ca19509fb84a26a7d9a3b0146323b69a	4011e7d7f62a4190
4001	12	e74d8282a72ede91	05f9d9a317dd894bad9c7c4973c91d20d9996b92cfaee8c1cadb5481c539099e	a3c294b5f74484f6d91069d5faa24408ca19509fb84a26a7d9a3b0146323b69a	4011e7d7f62a4190
4001	13	e74d8282a72ede91	05f9d9a317dd894bad9c7c4973c91d20d9996b92cfaee8c1cadb5481c539099e	a3c294b5f74484f6d91069d5faa24408ca19509fb84a26a7d9a3b0146323b69a	4011e7d7f62a4190
4001	14	e74d8282a72ede91	05f9d9a317dd894bad9c7c4973c91d20d9996b92cfaee8c1cadb5481c539099e	a3c294b5f74484f6d91069d5faa24408ca19509fb84a26a7d9a3b0146323b69a	4011e7d7f62a4190
4001	15	e74d8282a72ede91	05f9d9a317dd894bad9c7c4973c91d20d9996b92cfaee8c1cadb5481c539099e	a3c294b5f74484f6d91069d5faa24408ca19509fb84a26a7d9a3b0146323b69a	4011e7d7f62a4190
4002	0	a1dfadaaed294b9d	d4ed7d6b671cbd9dba61dc45d70335b442324cacefc808a0f887f84de18ef179	e6e816ade371cd840a0200567cc26a75e506723222d605b370aa1a8513a82a3d	40120c7dd3427f3b
4002	1	a1dfadaaed294b9d	d4ed7d6b671cbd9dba61dc45d70335b442324cacefc808a0f887f84de18ef179	e6e816ade371cd840a0200567cc26a75e506723222d605b370aa1a8513a82a3d	40120c7dd3427f3b
4002	2	a1dfadaaed294b9d	d4ed7d6b671cbd9dba61dc45d70335b442324cacefc808a0f887f84de18ef179	e6e816ade371cd840a0200567cc26a75e506723222d605b370aa1a8513a82a3d	40120c7dd3427f3b
4002	3	a1dfadaaed294b9d	d4ed7d6b671cbd9dba61dc45d70335b442324cacefc808a0f887f84de18ef179	e6e816ade371cd840a0200567cc26a75e506723222d605b370aa1a8513a82a3d	40120c7dd3427f3b
4002	4	a1dfadaaed294b9d	d4ed7d6b671cbd9dba61dc45d70335b442324cacefc808a0f887f84de18ef179	e6e816ade371cd840a0200567cc26a75e506723222d605b370aa1a8513a82a3d	40120c7dd3427f3b
4002	5	a1dfadaaed294b9d	d4ed7d6b671cbd9dba61dc45d70335b442324cacefc808a0f887f84de18ef179	e6e816ade371cd840a0200567cc26a75e506723222d605b370aa1a8513a82a3d	40120c7dd3427f3b
4002	6	a1dfadaaed294b9d	d4ed7d6b671cbd9dba61dc45d70335b442324cacefc808a0f887f84de18ef179	e6e816ade371cd840a0200567cc26a75e506723222d605b370aa1a8513a82a3d	40120c7dd3427f3b
4002	7	a1dfadaaed294b9d	d4ed7d6b671cbd9dba61dc45d70335b442324cacefc808a0f887f84de18ef179	e6e816ade371cd840a0200567cc26a75e506723222d605b370aa1a8513a82a3d	40120c7dd3427f3b
4002	8	a1dfadaaed294b9d	d4ed7d6b671cbd9dba61dc45d70335b442324cacefc808a0f887f84de18ef179	e6e816ade371cd840a0200567cc26a75e506723222d605b370aa1a8513a82a3d	40120c7dd3427f3b
4002	9	a1dfadaaed294b9d	d4ed7d6b671cbd9dba61dc45d70335b442324cacefc808a0f887f84de18ef179	e6e816ade371cd840a0200567cc26a75e506723222d605b370aa1a8513a82a3d	40120c7dd3427f3b
4002	10	a1dfadaaed294b9d	d4ed7d6b671cbd9dba61dc45d70335b442324cacefc808a0f887f84de18ef179	e6e816ade371cd840a0200567cc26a75e506723222d605b370aa1a8513a82a3d	40120c7dd3427f3b
4002	11	a1dfadaaed294b9d	d4ed7d6b671cbd9dba61dc45d70335b442324cacefc808a0f887f84de18ef179	e6e816ade371cd840a0200567cc26a75e506723222d605b370aa1a8513a82a3d	40120c7dd3427f3b
4002	12	a1dfadaaed294b9d	d4ed7d6b671cbd9dba61dc45d70335b442324cacefc808a0f887f84de18ef179	e6e816ade371cd840a0200567cc26a75e506723222d605b370aa1a8513a82a3d	40120c7dd3427f3b
4002	13	a1dfadaaed294b9d	d4ed7d6b671cbd9dba61dc45d70335b442324cacefc808a0f887f84de18ef179	e6e816ade371cd840a0200567cc26a75e506723222d605b370aa1a8513a82a3d	40120c7dd3427f3b
4002	14	a1dfadaaed294b9d	d4ed7d6b671cbd9dba61dc45d70335b442324cacefc808a0f887f84de18ef179	e6e816ade371cd840a0200567cc26a75e506723222d605b370aa1a8513a82a3d	40120c7dd3427f3b
4002	15	a1dfadaaed294b9d	d4ed7d6b671cbd9dba61dc45d70335b442324cacefc808a0f887f84de18ef179	e6e816ade371cd840a0200567cc26a75e506723222d605b370aa1a8513a82a3d	40120c7dd3427f3b
4003	0	609aac833438c53d	ded0cf6bd6b384e5c633978a91e5acab68540544cba5b51c304fda9f0ac9c5cc	a9992456df26f20aa0806665b6e59cc7c3b93d469c7a54e7840e11d6e48ff7c5	4012800000000000
4003	1	609aac833438c53d	ded0cf6bd6b384e5c633978a91e5acab68540544cba5b51c304fda9f0ac9c5cc	a9992456df26f20aa0806665b6e59cc7c3b93d469c7a54e7840e11d6e48ff7c5	4012800000000000
4003	2	609aac833438c53d	ded0cf6bd6b384e5c633978a91e5acab68540544cba5b51c304fda9f0ac9c5cc	a9992456df26f20aa0806665b6e59cc7c3b93d469c7a54e7840e11d6e48ff7c5	4012800000000000
4003	3	609aac833438c53d	ded0cf6bd6b384e5c633978a91e5acab68540544cba5b51c304fda9f0ac9c5cc	a9992456df26f20aa0806665b6e59cc7c3b93d469c7a54e7840e11d6e48ff7c5	4012800000000000
4003	4	609aac833438c53d	ded0cf6bd6b384e5c633978a91e5acab68540544cba5b51c304fda9f0ac9c5cc	a9992456df26f20aa0806665b6e59cc7c3b93d469c7a54e7840e11d6e48ff7c5	4012800000000000
4003	5	609aac833438c53d	ded0cf6bd6b384e5c633978a91e5acab68540544cba5b51c304fda9f0ac9c5cc	a9992456df26f20aa0806665b6e59cc7c3b93d469c7a54e7840e11d6e48ff7c5	4012800000000000
4003	6	609aac833438c53d	ded0cf6bd6b384e5c633978a91e5acab68540544cba5b51c304fda9f0ac9c5cc	a9992456df26f20aa0806665b6e59cc7c3b93d469c7a54e7840e11d6e48ff7c5	4012800000000000
4003	7	609aac833438c53d	ded0cf6bd6b384e5c633978a91e5acab68540544cba5b51c304fda9f0ac9c5cc	a9992456df26f20aa0806665b6e59cc7c3b93d469c7a54e7840e11d6e48ff7c5	4012800000000000
4003	8	609aac833438c53d	ded0cf6bd6b384e5c633978a91e5acab68540544cba5b51c304fda9f0ac9c5cc	a9992456df26f20aa0806665b6e59cc7c3b93d469c7a54e7840e11d6e48ff7c5	4012800000000000
4003	9	609aac833438c53d	ded0cf6bd6b384e5c633978a91e5acab68540544cba5b51c304fda9f0ac9c5cc	a9992456df26f20aa0806665b6e59cc7c3b93d469c7a54e7840e11d6e48ff7c5	4012800000000000
4003	10	609aac833438c53d	ded0cf6bd6b384e5c633978a91e5acab68540544cba5b51c304fda9f0ac9c5cc	a9992456df26f20aa0806665b6e59cc7c3b93d469c7a54e7840e11d6e48ff7c5	4012800000000000
4003	11	609aac833438c53d	ded0cf6bd6b384e5c633978a91e5acab68540544cba5b51c304fda9f0ac9c5cc	a9992456df26f20aa0806665b6e59cc7c3b93d469c7a54e7840e11d6e48ff7c5	4012800000000000
4003	12	609aac833438c53d	ded0cf6bd6b384e5c633978a91e5acab68540544cba5b51c304fda9f0ac9c5cc	a9992456df26f20aa0806665b6e59cc7c3b93d469c7a54e7840e11d6e48ff7c5	4012800000000000
4003	13	609aac833438c53d	ded0cf6bd6b384e5c633978a91e5acab68540544cba5b51c304fda9f0ac9c5cc	a9992456df26f20aa0806665b6e59cc7c3b93d469c7a54e7840e11d6e48ff7c5	4012800000000000
4003	14	609aac833438c53d	ded0cf6bd6b384e5c633978a91e5acab68540544cba5b51c304fda9f0ac9c5cc	a9992456df26f20aa0806665b6e59cc7c3b93d469c7a54e7840e11d6e48ff7c5	4012800000000000
4003	15	609aac833438c53d	ded0cf6bd6b384e5c633978a91e5acab68540544cba5b51c304fda9f0ac9c5cc	a9992456df26f20aa0806665b6e59cc7c3b93d469c7a54e7840e11d6e48ff7c5	4012800000000000
4004	0	08726d29e9832c00	9ee9915a0a5aacc85cea5bf7b08a058059744280388f7c04bee140b38b43cbcf	75366bded48df4a1af2965a3b817e3fe146dbd9db1e706c0f70a162aa4edbb49	4012000000000000
4004	1	08726d29e9832c00	9ee9915a0a5aacc85cea5bf7b08a058059744280388f7c04bee140b38b43cbcf	75366bded48df4a1af2965a3b817e3fe146dbd9db1e706c0f70a162aa4edbb49	4012000000000000
4004	2	08726d29e9832c00	9ee9915a0a5aacc85cea5bf7b08a058059744280388f7c04bee140b38b43cbcf	75366bded48df4a1af2965a3b817e3fe146dbd9db1e706c0f70a162aa4edbb49	4012000000000000
4004	3	08726d29e9832c00	9ee9915a0a5aacc85cea5bf7b08a058059744280388f7c04bee140b38b43cbcf	75366bded48df4a1af2965a3b817e3fe146dbd9db1e706c0f70a162aa4edbb49	4012000000000000
4004	4	08726d29e9832c00	9ee9915a0a5aacc85cea5bf7b08a058059744280388f7c04bee140b38b43cbcf	75366bded48df4a1af2965a3b817e3fe146dbd9db1e706c0f70a162aa4edbb49	4012000000000000
4004	5	08726d29e9832c00	9ee9915a0a5aacc85cea5bf7b08a058059744280388f7c04bee140b38b43cbcf	75366bded48df4a1af2965a3b817e3fe146dbd9db1e706c0f70a162aa4edbb49	4012000000000000
4004	6	08726d29e9832c00	9ee9915a0a5aacc85cea5bf7b08a058059744280388f7c04bee140b38b43cbcf	75366bded48df4a1af2965a3b817e3fe146dbd9db1e706c0f70a162aa4edbb49	4012000000000000
4004	7	08726d29e9832c00	9ee9915a0a5aacc85cea5bf7b08a058059744280388f7c04bee140b38b43cbcf	75366bded48df4a1af2965a3b817e3fe146dbd9db1e706c0f70a162aa4edbb49	4012000000000000
4004	8	08726d29e9832c00	9ee9915a0a5aacc85cea5bf7b08a058059744280388f7c04bee140b38b43cbcf	75366bded48df4a1af2965a3b817e3fe146dbd9db1e706c0f70a162aa4edbb49	4012000000000000
4004	9	08726d29e9832c00	9ee9915a0a5aacc85cea5bf7b08a058059744280388f7c04bee140b38b43cbcf	75366bded48df4a1af2965a3b817e3fe146dbd9db1e706c0f70a162aa4edbb49	4012000000000000
4004	10	08726d29e9832c00	9ee9915a0a5aacc85cea5bf7b08a058059744280388f7c04bee140b38b43cbcf	75366bded48df4a1af2965a3b817e3fe146dbd9db1e706c0f70a162aa4edbb49	4012000000000000
4004	11	08726d29e9832c00	9ee9915a0a5aacc85cea5bf7b08a058059744280388f7c04bee140b38b43cbcf	75366bded48df4a1af2965a3b817e3fe146dbd9db1e706c0f70a162aa4edbb49	4012000000000000
4004	12	08726d29e9832c00	9ee9915a0a5aacc85cea5bf7b08a058059744280388f7c04bee140b38b43cbcf	75366bded48df4a1af2965a3b817e3fe146dbd9db1e706c0f70a162aa4edbb49	4012000000000000
4004	13	08726d29e9832c00	9ee9915a0a5aacc85cea5bf7b08a058059744280388f7c04bee140b38b43cbcf	75366bded48df4a1af2965a3b817e3fe146dbd9db1e706c0f70a162aa4edbb49	4012000000000000
4004	14	08726d29e9832c00	9ee9915a0a5aacc85cea5bf7b08a058059744280388f7c04bee140b38b43cbcf	75366bded48df4a1af2965a3b817e3fe146dbd9db1e706c0f70a162aa4edbb49	4012000000000000
4004	15	08726d29e9832c00	9ee9915a0a5aacc85cea5bf7b08a058059744280388f7c04bee140b38b43cbcf	75366bded48df4a1af2965a3b817e3fe146dbd9db1e706c0f70a162aa4edbb49	4012000000000000
4005	0	1c27846350397e25	d7440e061a636c710d0004f3b4123ec09323e48122a342f3193cb91c03712bd2	1eb0ebeaf2c19f152486120689ce8cb007f5afada8c837caf5c6aa16a7a0349b	4012400000000000
4005	1	1c27846350397e25	d7440e061a636c710d0004f3b4123ec09323e48122a342f3193cb91c03712bd2	1eb0ebeaf2c19f152486120689ce8cb007f5afada8c837caf5c6aa16a7a0349b	4012400000000000
4005	2	1c27846350397e25	d7440e061a636c710d0004f3b4123ec09323e48122a342f3193cb91c03712bd2	1eb0ebeaf2c19f152486120689ce8cb007f5afada8c837caf5c6aa16a7a0349b	4012400000000000
4005	3	1c27846350397e25	d7440e061a636c710d0004f3b4123ec09323e48122a342f3193cb91c03712bd2	1eb0ebeaf2c19f152486120689ce8cb007f5afada8c837caf5c6aa16a7a0349b	4012400000000000
4005	4	1c27846350397e25	d7440e061a636c710d0004f3b4123ec09323e48122a342f3193cb91c03712bd2	1eb0ebeaf2c19f152486120689ce8cb007f5afada8c837caf5c6aa16a7a0349b	4012400000000000
4005	5	1c27846350397e25	d7440e061a636c710d0004f3b4123ec09323e48122a342f3193cb91c03712bd2	1eb0ebeaf2c19f152486120689ce8cb007f5afada8c837caf5c6aa16a7a0349b	4012400000000000
4005	6	1c27846350397e25	d7440e061a636c710d0004f3b4123ec09323e48122a342f3193cb91c03712bd2	1eb0ebeaf2c19f152486120689ce8cb007f5afada8c837caf5c6aa16a7a0349b	4012400000000000
4005	7	1c27846350397e25	d7440e061a636c710d0004f3b4123ec09323e48122a342f3193cb91c03712bd2	1eb0ebeaf2c19f152486120689ce8cb007f5afada8c837caf5c6aa16a7a0349b	4012400000000000
4005	8	1c27846350397e25	d7440e061a636c710d0004f3b4123ec09323e48122a342f3193cb91c03712bd2	1eb0ebeaf2c19f152486120689ce8cb007f5afada8c837caf5c6aa16a7a0349b	4012400000000000
4005	9	1c27846350397e25	d7440e061a636c710d0004f3b4123ec09323e48122a342f3193cb91c03712bd2	1eb0ebeaf2c19f152486120689ce8cb007f5afada8c837caf5c6aa16a7a0349b	4012400000000000
4005	10	1c27846350397e25	d7440e061a636c710d0004f3b4123ec09323e48122a342f3193cb91c03712bd2	1eb0ebeaf2c19f152486120689ce8cb007f5afada8c837caf5c6aa16a7a0349b	4012400000000000
4005	11	1c27846350397e25	d7440e061a636c710d0004f3b4123ec09323e48122a342f3193cb91c03712bd2	1eb0ebeaf2c19f152486120689ce8cb007f5afada8c837caf5c6aa16a7a0349b	4012400000000000
4005	12	1c27846350397e25	d7440e061a636c710d0004f3b4123ec09323e48122a342f3193cb91c03712bd2	1eb0ebeaf2c19f152486120689ce8cb007f5afada8c837caf5c6aa16a7a0349b	4012400000000000
4005	13	1c27846350397e25	d7440e061a636c710d0004f3b4123ec09323e48122a342f3193cb91c03712bd2	1eb0ebeaf2c19f152486120689ce8cb007f5afada8c837caf5c6aa16a7a0349b	4012400000000000
4005	14	1c27846350397e25	d7440e061a636c710d0004f3b4123ec09323e48122a342f3193cb91c03712bd2	1eb0ebeaf2c19f152486120689ce8cb007f5afada8c837caf5c6aa16a7a0349b	4012400000000000
4005	15	1c27846350397e25	d7440e061a636c710d0004f3b4123ec09323e48122a342f3193cb91c03712bd2	1eb0ebeaf2c19f152486120689ce8cb007f5afada8c837caf5c6aa16a7a0349b	4012400000000000
4006	0	fecace863af12837	4022109e6aeceb5e6337834e899f2c004526500f9ae781df140151a1c16e3374	6e08f3bd8bd1b8402e2113e4c0b9280f2ffe6bfc28288a9336c3ef2ce89c6193	40110fafec54831f
4006	1	fecace863af12837	4022109e6aeceb5e6337834e899f2c004526500f9ae781df140151a1c16e3374	6e08f3bd8bd1b8402e2113e4c0b9280f2ffe6bfc28288a9336c3ef2ce89c6193	40110fafec54831f
4006	2	fecace863af12837	4022109e6aeceb5e6337834e899f2c004526500f9ae781df140151a1c16e3374	6e08f3bd8bd1b8402e2113e4c0b9280f2ffe6bfc28288a9336c3ef2ce89c6193	40110fafec54831f
4006	3	fecace863af12837	4022109e6aeceb5e6337834e899f2c004526500f9ae781df140151a1c16e3374	6e08f3bd8bd1b8402e2113e4c0b9280f2ffe6bfc28288a9336c3ef2ce89c6193	40110fafec54831f
4006	4	fecace863af12837	4022109e6aeceb5e6337834e899f2c004526500f9ae781df140151a1c16e3374	6e08f3bd8bd1b8402e2113e4c0b9280f2ffe6bfc28288a9336c3ef2ce89c6193	40110fafec54831f
4006	5	fecace863af12837	4022109e6aeceb5e6337834e899f2c004526500f9ae781df140151a1c16e3374	6e08f3bd8bd1b8402e2113e4c0b9280f2ffe6bfc28288a9336c3ef2ce89c6193	40110fafec54831f
4006	6	fecace863af12837	4022109e6aeceb5e6337834e899f2c004526500f9ae781df140151a1c16e3374	6e08f3bd8bd1b8402e2113e4c0b9280f2ffe6bfc28288a9336c3ef2ce89c6193	40110fafec54831f
4006	7	fecace863af12837	4022109e6aeceb5e6337834e899f2c004526500f9ae781df140151a1c16e3374	6e08f3bd8bd1b8402e2113e4c0b9280f2ffe6bfc28288a9336c3ef2ce89c6193	40110fafec54831f
4006	8	fecace863af12837	4022109e6aeceb5e6337834e899f2c004526500f9ae781df140151a1c16e3374	6e08f3bd8bd1b8402e2113e4c0b9280f2ffe6bfc28288a9336c3ef2ce89c6193	40110fafec54831f
4006	9	fecace863af12837	4022109e6aeceb5e6337834e899f2c004526500f9ae781df140151a1c16e3374	6e08f3bd8bd1b8402e2113e4c0b9280f2ffe6bfc28288a9336c3ef2ce89c6193	40110fafec54831f
4006	10	fecace863af12837	4022109e6aeceb5e6337834e899f2c004526500f9ae781df140151a1c16e3374	6e08f3bd8bd1b8402e2113e4c0b9280f2ffe6bfc28288a9336c3ef2ce89c6193	40110fafec54831f
4006	11	fecace863af12837	4022109e6aeceb5e6337834e899f2c004526500f9ae781df140151a1c16e3374	6e08f3bd8bd1b8402e2113e4c0b9280f2ffe6bfc28288a9336c3ef2ce89c6193	40110fafec54831f
4006	12	fecace863af12837	4022109e6aeceb5e6337834e899f2c004526500f9ae781df140151a1c16e3374	6e08f3bd8bd1b8402e2113e4c0b9280f2ffe6bfc28288a9336c3ef2ce89c6193	40110fafec54831f
4006	13	fecace863af12837	4022109e6aeceb5e6337834e899f2c004526500f9ae781df140151a1c16e3374	6e08f3bd8bd1b8402e2113e4c0b9280f2ffe6bfc28288a9336c3ef2ce89c6193	40110fafec54831f
4006	14	fecace863af12837	4022109e6aeceb5e6337834e899f2c004526500f9ae781df140151a1c16e3374	6e08f3bd8bd1b8402e2113e4c0b9280f2ffe6bfc28288a9336c3ef2ce89c6193	40110fafec54831f
4006	15	fecace863af12837	4022109e6aeceb5e6337834e899f2c004526500f9ae781df140151a1c16e3374	6e08f3bd8bd1b8402e2113e4c0b9280f2ffe6bfc28288a9336c3ef2ce89c6193	40110fafec54831f
4007	0	261fd9d08ea89f70	d7b6b8578b99bd2fd1be722704d76285fc72bfbf51fc9c3addfc6c172c782699	51c1e019e6cf85461257b326e5087b16977eefa36a89c9dc6bca2c97d40c5127	40124c7dd3427f3b
4007	1	261fd9d08ea89f70	d7b6b8578b99bd2fd1be722704d76285fc72bfbf51fc9c3addfc6c172c782699	51c1e019e6cf85461257b326e5087b16977eefa36a89c9dc6bca2c97d40c5127	40124c7dd3427f3b
4007	2	261fd9d08ea89f70	d7b6b8578b99bd2fd1be722704d76285fc72bfbf51fc9c3addfc6c172c782699	51c1e019e6cf85461257b326e5087b16977eefa36a89c9dc6bca2c97d40c5127	40124c7dd3427f3b
4007	3	261fd9d08ea89f70	d7b6b8578b99bd2fd1be722704d76285fc72bfbf51fc9c3addfc6c172c782699	51c1e019e6cf85461257b326e5087b16977eefa36a89c9dc6bca2c97d40c5127	40124c7dd3427f3b
4007	4	261fd9d08ea89f70	d7b6b8578b99bd2fd1be722704d76285fc72bfbf51fc9c3addfc6c172c782699	51c1e019e6cf85461257b326e5087b16977eefa36a89c9dc6bca2c97d40c5127	40124c7dd3427f3b
4007	5	261fd9d08ea89f70	d7b6b8578b99bd2fd1be722704d76285fc72bfbf51fc9c3addfc6c172c782699	51c1e019e6cf85461257b326e5087b16977eefa36a89c9dc6bca2c97d40c5127	40124c7dd3427f3b
4007	6	261fd9d08ea89f70	d7b6b8578b99bd2fd1be722704d76285fc72bfbf51fc9c3addfc6c172c782699	51c1e019e6cf85461257b326e5087b16977eefa36a89c9dc6bca2c97d40c5127	40124c7dd3427f3b
4007	7	261fd9d08ea89f70	d7b6b8578b99bd2fd1be722704d76285fc72bfbf51fc9c3addfc6c172c782699	51c1e019e6cf85461257b326e5087b16977eefa36a89c9dc6bca2c97d40c5127	40124c7dd3427f3b
4007	8	261fd9d08ea89f70	d7b6b8578b99bd2fd1be722704d76285fc72bfbf51fc9c3addfc6c172c782699	51c1e019e6cf85461257b326e5087b16977eefa36a89c9dc6bca2c97d40c5127	40124c7dd3427f3b
4007	9	261fd9d08ea89f70	d7b6b8578b99bd2fd1be722704d76285fc72bfbf51fc9c3addfc6c172c782699	51c1e019e6cf85461257b326e5087b16977eefa36a89c9dc6bca2c97d40c5127	40124c7dd3427f3b
4007	10	261fd9d08ea89f70	d7b6b8578b99bd2fd1be722704d76285fc72bfbf51fc9c3addfc6c172c782699	51c1e019e6cf85461257b326e5087b16977eefa36a89c9dc6bca2c97d40c5127	40124c7dd3427f3b
4007	11	261fd9d08ea89f70	d7b6b8578b99bd2fd1be722704d76285fc72bfbf51fc9c3addfc6c172c782699	51c1e019e6cf85461257b326e5087b16977eefa36a89c9dc6bca2c97d40c5127	40124c7dd3427f3b
4007	12	261fd9d08ea89f70	d7b6b8578b99bd2fd1be722704d76285fc72bfbf51fc9c3addfc6c172c782699	51c1e019e6cf85461257b326e5087b16977eefa36a89c9dc6bca2c97d40c5127	40124c7dd3427f3b
4007	13	261fd9d08ea89f70	d7b6b8578b99bd2fd1be722704d76285fc72bfbf51fc9c3addfc6c172c782699	51c1e019e6cf85461257b326e5087b16977eefa36a89c9dc6bca2c97d40c5127	40124c7dd3427f3b
4007	14	261fd9d08ea89f70	d7b6b8578b99bd2fd1be722704d76285fc72bfbf51fc9c3addfc6c172c782699	51c1e019e6cf85461257b326e5087b16977eefa36a89c9dc6bca2c97d40c5127	40124c7dd3427f3b
4007	15	261fd9d08ea89f70	d7b6b8578b99bd2fd1be722704d76285fc72bfbf51fc9c3addfc6c172c782699	51c1e019e6cf85461257b326e5087b16977eefa36a89c9dc6bca2c97d40c5127	40124c7dd3427f3b
4008	0	4ffe9e412c740345	2f42aa1a13f83343cad0820dcdfaa944035a5348c7d57c37e3a87c6707b454d3	fe50a3b29b52752b6c2c1788b811beaa8fe4a4ad19bc6f8ba2e73038e37bc909	40124c7dd3427f3b
4008	1	4ffe9e412c740345	2f42aa1a13f83343cad0820dcdfaa944035a5348c7d57c37e3a87c6707b454d3	fe50a3b29b52752b6c2c1788b811beaa8fe4a4ad19bc6f8ba2e73038e37bc909	40124c7dd3427f3b
4008	2	4ffe9e412c740345	2f42aa1a13f83343cad0820dcdfaa944035a5348c7d57c37e3a87c6707b454d3	fe50a3b29b52752b6c2c1788b811beaa8fe4a4ad19bc6f8ba2e73038e37bc909	40124c7dd3427f3b
4008	3	4ffe9e412c740345	2f42aa1a13f83343cad0820dcdfaa944035a5348c7d57c37e3a87c6707b454d3	fe50a3b29b52752b6c2c1788b811beaa8fe4a4ad19bc6f8ba2e73038e37bc909	40124c7dd3427f3b
4008	4	4ffe9e412c740345	2f42aa1a13f83343cad0820dcdfaa944035a5348c7d57c37e3a87c6707b454d3	fe50a3b29b52752b6c2c1788b811beaa8fe4a4ad19bc6f8ba2e73038e37bc909	40124c7dd3427f3b
4008	5	4ffe9e412c740345	2f42aa1a13f83343cad0820dcdfaa944035a5348c7d57c37e3a87c6707b454d3	fe50a3b29b52752b6c2c1788b811beaa8fe4a4ad19bc6f8ba2e73038e37bc909	40124c7dd3427f3b
4008	6	4ffe9e412c740345	2f42aa1a13f83343cad0820dcdfaa944035a5348c7d57c37e3a87c6707b454d3	fe50a3b29b52752b6c2c1788b811beaa8fe4a4ad19bc6f8ba2e73038e37bc909	40124c7dd3427f3b
4008	7	4ffe9e412c740345	2f42aa1a13f83343cad0820dcdfaa944035a5348c7d57c37e3a87c6707b454d3	fe50a3b29b52752b6c2c1788b811beaa8fe4a4ad19bc6f8ba2e73038e37bc909	40124c7dd3427f3b
4008	8	4ffe9e412c740345	2f42aa1a13f83343cad0820dcdfaa944035a5348c7d57c37e3a87c6707b454d3	fe50a3b29b52752b6c2c1788b811beaa8fe4a4ad19bc6f8ba2e73038e37bc909	40124c7dd3427f3b
4008	9	4ffe9e412c740345	2f42aa1a13f83343cad0820dcdfaa944035a5348c7d57c37e3a87c6707b454d3	fe50a3b29b52752b6c2c1788b811beaa8fe4a4ad19bc6f8ba2e73038e37bc909	40124c7dd3427f3b
4008	10	4ffe9e412c740345	2f42aa1a13f83343cad0820dcdfaa944035a5348c7d57c37e3a87c6707b454d3	fe50a3b29b52752b6c2c1788b811beaa8fe4a4ad19bc6f8ba2e73038e37bc909	40124c7dd3427f3b
4008	11	4ffe9e412c740345	2f42aa1a13f83343cad0820dcdfaa944035a5348c7d57c37e3a87c6707b454d3	fe50a3b29b52752b6c2c1788b811beaa8fe4a4ad19bc6f8ba2e73038e37bc909	40124c7dd3427f3b
4008	12	4ffe9e412c740345	2f42aa1a13f83343cad0820dcdfaa944035a5348c7d57c37e3a87c6707b454d3	fe50a3b29b52752b6c2c1788b811beaa8fe4a4ad19bc6f8ba2e73038e37bc909	40124c7dd3427f3b
4008	13	4ffe9e412c740345	2f42aa1a13f83343cad0820dcdfaa944035a5348c7d57c37e3a87c6707b454d3	fe50a3b29b52752b6c2c1788b811beaa8fe4a4ad19bc6f8ba2e73038e37bc909	40124c7dd3427f3b
4008	14	4ffe9e412c740345	2f42aa1a13f83343cad0820dcdfaa944035a5348c7d57c37e3a87c6707b454d3	fe50a3b29b52752b6c2c1788b811beaa8fe4a4ad19bc6f8ba2e73038e37bc909	40124c7dd3427f3b
4008	15	4ffe9e412c740345	2f42aa1a13f83343cad0820dcdfaa944035a5348c7d57c37e3a87c6707b454d3	fe50a3b29b52752b6c2c1788b811beaa8fe4a4ad19bc6f8ba2e73038e37bc909	40124c7dd3427f3b
