mode	family	n	exchanges	candidate	wins	ties	losses	mean_quality_advantage	mean_elapsed_ratio
fixed	cycle	16	1	1	0	15	0	0.0	1.5599674544412157
fixed	cycle	16	1	2	10	5	0	0.057716049382716045	0.8475533662764393
fixed	cycle	16	1	3	10	5	0	0.057716049382716045	0.019279290129747093
fixed	cycle	16	1	4	2	13	0	0.01265432098765432	1.6665209695834267
fixed	cycle	16	1	5	2	13	0	0.01265432098765432	1.3039523487352174
fixed	cycle	16	1	6	10	5	0	0.057716049382716045	0.9481800600372183
fixed	cycle	16	1	7	10	5	0	0.057716049382716045	0.02118054670008301
fixed	cycle	16	8	1	0	15	0	0.0	1.6521008925966079
fixed	cycle	16	8	2	0	15	0	0.0	0.8404494615254282
fixed	cycle	16	8	3	0	15	0	0.0	0.011378060014243484
fixed	cycle	16	8	4	0	15	0	0.0	1.3507936066014183
fixed	cycle	16	8	5	0	15	0	0.0	1.3289538874050517
fixed	cycle	16	8	6	0	15	0	0.0	1.059434632068225
fixed	cycle	16	8	7	0	15	0	0.0	0.012824955549846613
fixed	cycle	64	1	1	0	15	0	0.0	0.9965305777943281
fixed	cycle	64	1	2	15	0	0	0.17110723970570216	0.4085568456432473
fixed	cycle	64	1	3	15	0	0	0.17110723970570216	0.03161802516758231
fixed	cycle	64	1	4	15	0	0	0.09542687572255876	1.064900305756175
fixed	cycle	64	1	5	15	0	0	0.09542687572255876	1.1273365274333769
fixed	cycle	64	1	6	15	0	0	0.17110723970570216	0.4225415819296052
fixed	cycle	64	1	7	15	0	0	0.17110723970570216	0.03750835419867005
fixed	cycle	64	8	1	0	15	0	0.0	1.0838509367022044
fixed	cycle	64	8	2	15	0	0	0.07641237926276365	0.32380188203078536
fixed	cycle	64	8	3	15	0	0	0.07641237926276365	0.01710935273439407
fixed	cycle	64	8	4	13	2	0	0.028572250547413174	1.0316266560351726
fixed	cycle	64	8	5	13	2	0	0.028572250547413174	0.9930144706379018
fixed	cycle	64	8	6	15	0	0	0.07641237926276365	0.3183348958311744
fixed	cycle	64	8	7	15	0	0	0.07641237926276365	0.015752943121084752
fixed	cycle	128	1	1	0	15	0	0.0	0.8843001236447818
fixed	cycle	128	1	2	15	0	0	0.19236104928887032	0.21806351110640207
fixed	cycle	128	1	3	15	0	0	0.19236104928887032	0.028461105142475598
fixed	cycle	128	1	4	15	0	0	0.09200955860653764	0.9858041177905856
fixed	cycle	128	1	5	15	0	0	0.09200955860653764	0.9880170088286574
fixed	cycle	128	1	6	15	0	0	0.19236104928887032	0.20930496868477474
fixed	cycle	128	1	7	15	0	0	0.19236104928887032	0.027763242723187358
fixed	cycle	128	8	1	0	15	0	0.0	1.04898302971673
fixed	cycle	128	8	2	15	0	0	0.10138311145645768	0.20099427693104935
fixed	cycle	128	8	3	15	0	0	0.10138311145645768	0.01618569377101763
fixed	cycle	128	8	4	15	0	0	0.03401831631591732	1.052448900388618
fixed	cycle	128	8	5	15	0	0	0.03401831631591732	1.0422864688931306
fixed	cycle	128	8	6	15	0	0	0.10138311145645768	0.19589983409845407
fixed	cycle	128	8	7	15	0	0	0.10138311145645768	0.017901227022050673
fixed	dense	16	1	1	0	15	0	0.0	1.4582081501297548
fixed	dense	16	1	2	0	15	0	0.0	1.2483619893816618
fixed	dense	16	1	3	0	15	0	0.0	1.1508586370104996
fixed	dense	16	1	4	0	15	0	0.0	1.733156444006549
fixed	dense	16	1	5	0	15	0	0.0	1.1277325204008648
fixed	dense	16	1	6	0	15	0	0.0	1.1768047442531502
fixed	dense	16	1	7	0	15	0	0.0	1.1026613789193558
fixed	dense	16	8	1	0	15	0	0.0	1.072227653001402
fixed	dense	16	8	2	0	15	0	0.0	1.1522492790498582
fixed	dense	16	8	3	0	15	0	0.0	1.1236989821478724
fixed	dense	16	8	4	0	15	0	0.0	1.3334368909058674
fixed	dense	16	8	5	0	15	0	0.0	0.94447098021594
fixed	dense	16	8	6	0	15	0	0.0	0.9933688650295082
fixed	dense	16	8	7	0	15	0	0.0	1.2156902755058838
fixed	dense	64	1	1	0	15	0	0.0	1.0999793337132155
fixed	dense	64	1	2	0	15	0	0.0	1.1202835000888323
fixed	dense	64	1	3	0	15	0	0.0	1.1191125986831922
fixed	dense	64	1	4	7	8	0	0.02064970323015615	0.9865448331688726
fixed	dense	64	1	5	7	8	0	0.02064970323015615	1.1093735842323251
fixed	dense	64	1	6	7	8	0	0.02064970323015615	1.094119312748196
fixed	dense	64	1	7	7	8	0	0.02064970323015615	1.0266895434008325
fixed	dense	64	8	1	0	15	0	0.0	1.040103304113767
fixed	dense	64	8	2	0	15	0	0.0	1.0452081264193407
fixed	dense	64	8	3	0	15	0	0.0	1.0497394988203284
fixed	dense	64	8	4	0	15	0	0.0	0.972484563057426
fixed	dense	64	8	5	0	15	0	0.0	1.0274502209580887
fixed	dense	64	8	6	0	15	0	0.0	1.0469120297106773
fixed	dense	64	8	7	0	15	0	0.0	1.1057646810478405
fixed	dense	128	1	1	0	15	0	0.0	1.134853049830734
fixed	dense	128	1	2	0	15	0	0.0	1.110926299474673
fixed	dense	128	1	3	0	15	0	0.0	1.1188475429404594
fixed	dense	128	1	4	7	8	0	0.014976632193658197	1.001199624956157
fixed	dense	128	1	5	7	8	0	0.014976632193658197	1.1268060509345608
fixed	dense	128	1	6	7	8	0	0.014976632193658197	1.0817646857520753
fixed	dense	128	1	7	7	8	0	0.014976632193658197	1.1166839537702953
fixed	dense	128	8	1	0	15	0	0.0	1.0709026914621678
fixed	dense	128	8	2	0	15	0	0.0	1.054120140551049
fixed	dense	128	8	3	0	15	0	0.0	1.052110352181134
fixed	dense	128	8	4	7	8	0	0.0026292413037523965	1.012878619009906
fixed	dense	128	8	5	7	8	0	0.0026292413037523965	1.0422387976362546
fixed	dense	128	8	6	7	8	0	0.0026292413037523965	1.0685177947525133
fixed	dense	128	8	7	7	8	0	0.0026292413037523965	1.0653722816581845
fixed	field	16	1	1	0	15	0	0.0	0.9896117566285597
fixed	field	16	1	2	2	12	1	0.0030303030303030303	0.9801872191679653
fixed	field	16	1	3	2	12	1	0.0030303030303030303	1.0542402991214743
fixed	field	16	1	4	0	15	0	0.0	0.9900364929014988
fixed	field	16	1	5	0	15	0	0.0	0.9732808911009792
fixed	field	16	1	6	2	12	1	0.0030303030303030303	0.9475852411022845
fixed	field	16	1	7	2	12	1	0.0030303030303030303	1.0211942467592758
fixed	field	16	8	1	0	15	0	0.0	1.0392349160399845
fixed	field	16	8	2	0	15	0	0.0	1.05517030972247
fixed	field	16	8	3	0	15	0	0.0	1.0256386851844017
fixed	field	16	8	4	0	15	0	0.0	1.0509942444682834
fixed	field	16	8	5	0	15	0	0.0	1.0674288555022227
fixed	field	16	8	6	0	15	0	0.0	1.0536420137923184
fixed	field	16	8	7	0	15	0	0.0	1.025525560773126
fixed	field	64	1	1	0	15	0	0.0	1.0337051564986908
fixed	field	64	1	2	5	6	4	0.01007104290991759	1.0345974622780385
fixed	field	64	1	3	5	6	4	0.01007104290991759	1.0649198693583664
fixed	field	64	1	4	12	3	0	0.02880873599105047	1.0907449467266215
fixed	field	64	1	5	12	3	0	0.02880873599105047	1.12121067269438
fixed	field	64	1	6	9	4	2	0.02334695707658613	1.018593509653921
fixed	field	64	1	7	9	4	2	0.02334695707658613	1.0208831297240946
fixed	field	64	8	1	0	15	0	0.0	1.0091643194235111
fixed	field	64	8	2	7	6	2	0.0066325660699062235	1.0502502590748695
fixed	field	64	8	3	7	6	2	0.0066325660699062235	1.0256401465140679
fixed	field	64	8	4	4	11	0	0.0029587891139018414	1.0246535806173984
fixed	field	64	8	5	4	11	0	0.0029587891139018414	1.0778784176730525
fixed	field	64	8	6	9	6	0	0.011938612927485246	1.0224919354647475
fixed	field	64	8	7	9	6	0	0.011938612927485246	1.021464794760671
fixed	field	128	1	1	6	5	4	-0.011327920998908038	1.0887619533510122
fixed	field	128	1	2	8	0	7	-0.0066069960544431865	1.0524440797152033
fixed	field	128	1	3	6	0	9	-0.00625725163690216	0.9778777864980417
fixed	field	128	1	4	14	1	0	0.036962296069185926	1.0174594399896415
fixed	field	128	1	5	11	1	3	0.038035267630691885	1.0126903947677997
fixed	field	128	1	6	14	0	1	0.052808908279339095	1.0223380132932274
fixed	field	128	1	7	12	0	3	0.03839184201780623	1.0108993708712646
fixed	field	128	8	1	8	5	2	0.007298738704521357	1.016834918819675
fixed	field	128	8	2	8	0	7	0.0035566650091496607	0.9808577390630768
fixed	field	128	8	3	8	1	6	0.0037497365880637124	0.9784692171969542
fixed	field	128	8	4	13	2	0	0.01119365379217402	1.0742994646112496
fixed	field	128	8	5	14	1	0	0.016617066094948237	1.0073869733109857
fixed	field	128	8	6	11	0	4	0.015205594578003667	1.0334832968547794
fixed	field	128	8	7	10	1	4	0.012007253094517617	1.017772459419007
fixed	sparse	16	1	1	0	15	0	0.0	1.192442169197048
fixed	sparse	16	1	2	2	12	1	0.0015873015873015873	1.307800686170125
fixed	sparse	16	1	3	2	12	1	0.0015873015873015873	1.0554650794913931
fixed	sparse	16	1	4	0	15	0	0.0	1.1008556421879523
fixed	sparse	16	1	5	0	15	0	0.0	1.1419953859126688
fixed	sparse	16	1	6	2	12	1	0.0015873015873015873	1.0811664183737417
fixed	sparse	16	1	7	2	12	1	0.0015873015873015873	1.091548218081516
fixed	sparse	16	8	1	0	15	0	0.0	0.9797153917111863
fixed	sparse	16	8	2	0	15	0	0.0	0.9305256382936168
fixed	sparse	16	8	3	0	15	0	0.0	1.091071333484032
fixed	sparse	16	8	4	0	15	0	0.0	1.2180540883262514
fixed	sparse	16	8	5	0	15	0	0.0	1.0379731799644327
fixed	sparse	16	8	6	0	15	0	0.0	0.9909536084635063
fixed	sparse	16	8	7	0	15	0	0.0	1.0131053980472127
fixed	sparse	64	1	1	0	15	0	0.0	0.9851374957805245
fixed	sparse	64	1	2	5	5	5	-0.00873015873015873	0.9948094786407037
fixed	sparse	64	1	3	5	5	5	-0.00873015873015873	0.9780207623323554
fixed	sparse	64	1	4	11	4	0	0.03518801934181494	0.9611854248968074
fixed	sparse	64	1	5	11	4	0	0.03518801934181494	1.027648429548798
fixed	sparse	64	1	6	10	1	4	0.03348867293658618	0.9691835517536304
fixed	sparse	64	1	7	10	1	4	0.03348867293658618	0.9800254669439888
fixed	sparse	64	8	1	0	15	0	0.0	1.1050923592261956
fixed	sparse	64	8	2	2	8	5	0.0003641456582633054	1.1894913783579322
fixed	sparse	64	8	3	2	8	5	0.0003641456582633054	1.0436319270855017
fixed	sparse	64	8	4	2	13	0	0.0011417043539948568	1.0646239167451912
fixed	sparse	64	8	5	2	13	0	0.0011417043539948568	1.1051684097433652
fixed	sparse	64	8	6	4	8	3	0.0026869891345737552	1.0784483159375244
fixed	sparse	64	8	7	4	8	3	0.0026869891345737552	1.1110960855849672
fixed	sparse	128	1	1	7	5	3	0.00795430303627025	0.9975928869566265
fixed	sparse	128	1	2	12	0	3	0.017823245053750006	1.0696680832437384
fixed	sparse	128	1	3	9	1	5	0.006483440271322272	0.9025928715909368
fixed	sparse	128	1	4	15	0	0	0.05997082041448253	1.0631509996813884
fixed	sparse	128	1	5	14	0	1	0.06297083980794455	0.9168485761466909
fixed	sparse	128	1	6	14	0	1	0.05495359032991845	0.9999265738483091
fixed	sparse	128	1	7	15	0	0	0.04263516161804712	0.9883278224809937
fixed	sparse	128	8	1	5	5	5	-0.0018271624829001882	0.9495577521844389
fixed	sparse	128	8	2	10	2	3	0.007156755643596354	1.05852211866739
fixed	sparse	128	8	3	9	2	4	0.007948605615774195	0.9697090223948885
fixed	sparse	128	8	4	13	2	0	0.01393869890890229	0.9870794502965307
fixed	sparse	128	8	5	13	0	2	0.015114539429005105	0.9627303824230861
fixed	sparse	128	8	6	11	1	3	0.014663822557275785	0.9780750153892405
fixed	sparse	128	8	7	12	0	3	0.021635026249790953	0.9877405079964379
fixed	subdivided	16	1	1	0	15	0	0.0	1.0658073025065167
fixed	subdivided	16	1	2	0	15	0	0.0	1.0274031949439657
fixed	subdivided	16	1	3	0	15	0	0.0	0.8355810018452624
fixed	subdivided	16	1	4	0	15	0	0.0	1.058354978214929
fixed	subdivided	16	1	5	0	15	0	0.0	1.1050019704696117
fixed	subdivided	16	1	6	0	15	0	0.0	0.9487736203273112
fixed	subdivided	16	1	7	0	15	0	0.0	0.8427749405035959
fixed	subdivided	16	8	1	0	15	0	0.0	0.9613930841833562
fixed	subdivided	16	8	2	0	15	0	0.0	0.7304704820776429
fixed	subdivided	16	8	3	0	15	0	0.0	0.7991408655407422
fixed	subdivided	16	8	4	0	15	0	0.0	1.0016347978387221
fixed	subdivided	16	8	5	0	15	0	0.0	0.9424802463605907
fixed	subdivided	16	8	6	0	15	0	0.0	0.7279219494241888
fixed	subdivided	16	8	7	0	15	0	0.0	0.8013850550234854
fixed	subdivided	64	1	1	0	15	0	0.0	0.9756162134629324
fixed	subdivided	64	1	2	15	0	0	0.13268591541549798	0.5226226440641826
fixed	subdivided	64	1	3	15	0	0	0.13268591541549798	0.5407057249249833
fixed	subdivided	64	1	4	14	1	0	0.049606681280002514	1.0169127359916137
fixed	subdivided	64	1	5	14	1	0	0.049606681280002514	1.0021410454257376
fixed	subdivided	64	1	6	15	0	0	0.13268591541549798	0.6427595912262519
fixed	subdivided	64	1	7	15	0	0	0.13268591541549798	0.5603655127233892
fixed	subdivided	64	8	1	0	15	0	0.0	1.0713303450594795
fixed	subdivided	64	8	2	15	0	0	0.0647553680439343	0.4769376648820377
fixed	subdivided	64	8	3	15	0	0	0.0647553680439343	0.49703099678783236
fixed	subdivided	64	8	4	10	5	0	0.017603695759775613	0.9702067656023564
fixed	subdivided	64	8	5	10	5	0	0.017603695759775613	0.989903139820211
fixed	subdivided	64	8	6	15	0	0	0.0647553680439343	0.5073303305998818
fixed	subdivided	64	8	7	15	0	0	0.0647553680439343	0.577815117020803
fixed	subdivided	128	1	1	0	15	0	0.0	1.1093489663137488
fixed	subdivided	128	1	2	15	0	0	0.136010642961903	0.37669321880961953
fixed	subdivided	128	1	3	15	0	0	0.136010642961903	0.3426699214753786
fixed	subdivided	128	1	4	15	0	0	0.05541187965397849	1.0475646168968045
fixed	subdivided	128	1	5	15	0	0	0.05541187965397849	1.0002326554704297
fixed	subdivided	128	1	6	15	0	0	0.136010642961903	0.3591772255281137
fixed	subdivided	128	1	7	15	0	0	0.136010642961903	0.37154977381568477
fixed	subdivided	128	8	1	0	15	0	0.0	1.0532055813023964
fixed	subdivided	128	8	2	15	0	0	0.0966264386845743	0.41215051893549404
fixed	subdivided	128	8	3	15	0	0	0.0966264386845743	0.4273051382055664
fixed	subdivided	128	8	4	13	2	0	0.02561731595668957	1.008050494782072
fixed	subdivided	128	8	5	13	2	0	0.02561731595668957	0.974139602601328
fixed	subdivided	128	8	6	15	0	0	0.0966264386845743	0.42847876191289086
fixed	subdivided	128	8	7	15	0	0	0.0966264386845743	0.40751866696155803
wall	cycle	128	1	1	0	14	1	-0.00037986704653371323	1.0024840631053802
wall	cycle	128	1	2	15	0	0	0.10417574447609813	0.9879293550985436
wall	cycle	128	1	3	15	0	0	0.10417574447609813	0.9876807156949886
wall	cycle	128	1	4	15	0	0	0.05799722686079591	0.9986037403673464
wall	cycle	128	1	5	15	0	0	0.05799722686079591	0.9980060686393214
wall	cycle	128	1	6	15	0	0	0.10417574447609813	0.9880114580292803
wall	cycle	128	1	7	15	0	0	0.10417574447609813	0.9877095885912307
wall	dense	128	1	1	0	15	0	0.0	1.014463055003367
wall	dense	128	1	2	0	15	0	0.0	1.018650525551681
wall	dense	128	1	3	0	15	0	0.0	1.0040554992462465
wall	dense	128	1	4	9	6	0	0.009610691579166691	0.9978397258379925
wall	dense	128	1	5	9	6	0	0.009610691579166691	1.0193775359011215
wall	dense	128	1	6	9	6	0	0.012597358245833358	1.0057773585774066
wall	dense	128	1	7	9	6	0	0.009610691579166691	1.016716057690456
wall	field	128	1	1	4	6	5	-0.002081058412065391	0.9932242667779774
wall	field	128	1	2	9	1	5	0.002241895866285854	0.9946062259134272
wall	field	128	1	3	10	2	3	0.005063589515496951	0.9872381160023639
wall	field	128	1	4	14	1	0	0.027106566682575498	0.9914449664518298
wall	field	128	1	5	15	0	0	0.02721118182628389	0.9920506436597024
wall	field	128	1	6	13	1	1	0.027652547786881625	0.990049241770936
wall	field	128	1	7	13	1	1	0.026533682161535444	0.9940269037607311
wall	sparse	128	1	1	8	4	3	0.003502317200279154	0.9873174996638309
wall	sparse	128	1	2	7	1	7	0.002356291546799044	0.9872663028205737
wall	sparse	128	1	3	8	0	7	0.0011401722978929094	0.9904479853776743
wall	sparse	128	1	4	15	0	0	0.0404870268208762	0.9861547534681434
wall	sparse	128	1	5	15	0	0	0.041078676592853844	0.9914008570247647
wall	sparse	128	1	6	15	0	0	0.03755796059573126	0.991246440802447
wall	sparse	128	1	7	14	0	1	0.034159032606639335	0.9882562057957864
wall	subdivided	128	1	1	1	14	0	0.00034275921165381317	1.0028407040112381
wall	subdivided	128	1	2	15	0	0	0.0839664804233815	0.9947106036574505
wall	subdivided	128	1	3	15	0	0	0.0839664804233815	0.9955040752568914
wall	subdivided	128	1	4	15	0	0	0.037595298525444534	1.0049952120581036
wall	subdivided	128	1	5	15	0	0	0.037938057737098345	1.006108323072998
wall	subdivided	128	1	6	15	0	0	0.0839664804233815	0.9945530870497478
wall	subdivided	128	1	7	15	0	0	0.0839664804233815	0.9947488305779043
