mode	family	n	exchanges	arm	runs	energy_mean	gap_to_reference_mean	success_probability	within_instance_seed_variance	elapsed_ms_median	elapsed_ms_mean	time_best_ms_median	target_rmst100_ms	process_cpu_s_mean	peak_rss_kib_median	residual_n_mean	nominal_proposals_mean	table_evals_mean	degree_scans_mean	pair_queries_mean	pair_moves_mean	common_improvement_sum_mean	pair_improvement_sum_mean	common_gain_scans_mean	pair_stage_gain_scans_mean
fixed	cycle	16	1	0	15	-47.06666666666667	0.057716049382716045	0.3333333333333333	7.066666666666667	0.789444	0.9337829333333334	0.789114	NA	0.0	3328.0	16.0	2048.0	0.0	0.0	0.0	0.0	0.0	0.0	16.0	0.0
fixed	cycle	16	1	1	15	-47.06666666666667	0.057716049382716045	0.3333333333333333	7.066666666666667	0.714821	1.3462214666666668	0.71446	NA	0.0	3328.0	16.0	2048.0	0.0	16.0	0.0	0.0	0.0	0.0	16.0	0.0
fixed	cycle	16	1	2	15	-50.0	0.0	1.0	0.0	0.635724	0.7835049333333334	0.635463	NA	0.0	3328.0	2.0	256.0	56.0	121.0	0.0	0.0	0.0	0.0	16.0	0.0
fixed	cycle	16	1	3	15	-50.0	0.0	1.0	0.0	0.016762	0.016190799999999998	0.016551	NA	0.0	2944.0	0.0	0.0	58.666666666666664	152.0	0.0	0.0	0.0	0.0	16.0	0.0
fixed	cycle	16	1	4	15	-47.733333333333334	0.04506172839506173	0.4666666666666667	6.533333333333333	0.821784	1.6401188	0.821473	NA	0.0	3328.0	16.0	2048.0	0.0	0.0	18.133333333333333	0.13333333333333333	0.0	0.6666666666666666	16.0	2.1333333333333333
fixed	cycle	16	1	5	15	-47.733333333333334	0.04506172839506173	0.4666666666666667	6.533333333333333	0.817787	1.2897028	0.817406	NA	0.0	3328.0	16.0	2048.0	0.0	16.0	18.133333333333333	0.13333333333333333	0.0	0.6666666666666666	16.0	2.1333333333333333
fixed	cycle	16	1	6	15	-50.0	0.0	1.0	0.0	0.627192	0.7469902	0.626311	NA	0.0	3328.0	2.0	256.0	56.0	121.0	16.0	0.0	0.0	0.0	16.0	0.0
fixed	cycle	16	1	7	15	-50.0	0.0	1.0	0.0	0.019307	0.017983533333333333	0.018977	NA	0.0	3072.0	0.0	0.0	58.666666666666664	152.0	16.0	0.0	0.0	0.0	16.0	0.0
fixed	cycle	16	8	0	15	-50.0	0.0	1.0	0.0	1.562434	1.6073298	1.561332	NA	0.0	3328.0	16.0	16384.0	0.0	0.0	0.0	0.0	0.0	0.0	16.0	0.0
fixed	cycle	16	8	1	15	-50.0	0.0	1.0	0.0	1.635773	2.2206366	1.635132	NA	0.0	3328.0	16.0	16384.0	0.0	16.0	0.0	0.0	0.0	0.0	16.0	0.0
fixed	cycle	16	8	2	15	-50.0	0.0	1.0	0.0	1.179396	1.2341875333333334	1.179005	NA	0.0	3328.0	2.0	2048.0	56.0	121.0	0.0	0.0	0.0	0.0	16.0	0.0
fixed	cycle	16	8	3	15	-50.0	0.0	1.0	0.0	0.016732	0.016361133333333333	0.016552	NA	0.0	3072.0	0.0	0.0	58.666666666666664	152.0	0.0	0.0	0.0	0.0	16.0	0.0
fixed	cycle	16	8	4	15	-50.0	0.0	1.0	0.0	1.540293	1.7931903333333334	1.539872	NA	0.0	3328.0	16.0	16384.0	0.0	0.0	16.0	0.0	0.0	0.0	16.0	0.0
fixed	cycle	16	8	5	15	-50.0	0.0	1.0	0.0	1.629416	1.8359232666666667	1.628785	NA	0.0	3328.0	16.0	16384.0	0.0	16.0	16.0	0.0	0.0	0.0	16.0	0.0
fixed	cycle	16	8	6	15	-50.0	0.0	1.0	0.0	1.343232	1.5810484	1.343022	NA	0.0	3328.0	2.0	2048.0	56.0	121.0	16.0	0.0	0.0	0.0	16.0	0.0
fixed	cycle	16	8	7	15	-50.0	0.0	1.0	0.0	0.019106	0.018363	0.018796	NA	0.0	2944.0	0.0	0.0	58.666666666666664	152.0	16.0	0.0	0.0	0.0	16.0	0.0
fixed	cycle	64	1	0	15	-167.4	0.09149977890368192	0.06666666666666667	66.4	1.457705	1.796418	1.457234	NA	0.0	3328.0	64.0	8192.0	0.0	0.0	0.0	0.0	0.0	0.0	64.0	0.0
fixed	cycle	64	1	1	15	-167.4	0.09149977890368192	0.06666666666666667	66.4	1.461041	1.4528323333333333	1.46053	NA	0.0	3328.0	64.0	8192.0	0.0	64.0	0.0	0.0	0.0	0.0	64.0	0.0
fixed	cycle	64	1	2	15	-199.0	-0.07960746080202023	1.0	0.0	0.624288	0.6024505333333333	0.623907	NA	0.0	3328.0	2.0	256.0	248.0	2017.0	0.0	0.0	0.0	0.0	64.0	0.0
fixed	cycle	64	1	3	15	-199.0	-0.07960746080202023	1.0	0.0	0.042641	0.04634286666666666	0.042541	NA	0.0	2944.0	0.0	0.0	250.66666666666666	2144.0	0.0	0.0	0.0	0.0	64.0	0.0
fixed	cycle	64	1	4	15	-185.13333333333333	-0.0039270968188768315	0.6	33.6	1.438998	1.6984138666666666	1.438517	NA	0.0	3328.0	64.0	8192.0	0.0	0.0	264.53333333333336	3.1333333333333333	0.0	17.733333333333334	64.0	221.86666666666667
fixed	cycle	64	1	5	15	-185.13333333333333	-0.0039270968188768315	0.6	33.6	1.579566	1.6574356	1.578414	NA	0.0	3328.0	64.0	8192.0	0.0	64.0	264.53333333333336	3.1333333333333333	0.0	17.733333333333334	64.0	221.86666666666667
fixed	cycle	64	1	6	15	-199.0	-0.07960746080202023	1.0	0.0	0.609191	0.6405115333333333	0.6086	NA	0.0	3328.0	2.0	256.0	248.0	2017.0	64.0	0.0	0.0	0.0	64.0	0.0
fixed	cycle	64	1	7	15	-199.0	-0.07960746080202023	1.0	0.0	0.058762	0.0570186	0.058562	NA	0.0	3072.0	0.0	0.0	250.66666666666666	2144.0	64.0	0.0	0.0	0.0	64.0	0.0
fixed	cycle	64	8	0	15	-184.86666666666667	-0.0031950815392565836	0.5333333333333333	10.4	3.0256	3.175431666666667	3.025069	NA	0.0	3328.0	64.0	65536.0	0.0	0.0	0.0	0.0	0.0	0.0	64.0	0.0
fixed	cycle	64	8	1	15	-184.86666666666667	-0.0031950815392565836	0.5333333333333333	10.4	2.691765	3.1693036666666665	2.691124	NA	0.0	3328.0	64.0	65536.0	0.0	64.0	0.0	0.0	0.0	0.0	64.0	0.0
fixed	cycle	64	8	2	15	-199.0	-0.07960746080202023	1.0	0.0	0.956531	0.9719236	0.95611	NA	0.0	3328.0	2.0	2048.0	248.0	2017.0	0.0	0.0	0.0	0.0	64.0	0.0
fixed	cycle	64	8	3	15	-199.0	-0.07960746080202023	1.0	0.0	0.053492	0.05239233333333333	0.053001	NA	0.0	2944.0	0.0	0.0	250.66666666666666	2144.0	0.0	0.0	0.0	0.0	64.0	0.0
fixed	cycle	64	8	4	15	-190.2	-0.03176733208666976	1.0	9.466666666666667	3.226031	3.145393933333333	3.224839	NA	0.0	3328.0	64.0	65536.0	0.0	0.0	145.06666666666666	1.2666666666666666	0.0	5.333333333333333	64.0	85.33333333333333
fixed	cycle	64	8	5	15	-190.2	-0.03176733208666976	1.0	9.466666666666667	2.732944	3.0334234666666666	2.732292	NA	0.0	3328.0	64.0	65536.0	0.0	64.0	145.06666666666666	1.2666666666666666	0.0	5.333333333333333	64.0	85.33333333333333
fixed	cycle	64	8	6	15	-199.0	-0.07960746080202023	1.0	0.0	0.94044	0.9528363333333334	0.940099	NA	0.0	3328.0	2.0	2048.0	248.0	2017.0	64.0	0.0	0.0	0.0	64.0	0.0
fixed	cycle	64	8	7	15	-199.0	-0.07960746080202023	1.0	0.0	0.043403	0.04851246666666666	0.042792	NA	0.0	3072.0	0.0	0.0	250.66666666666666	2144.0	64.0	0.0	0.0	0.0	64.0	0.0
fixed	cycle	128	1	0	15	-324.8666666666667	0.09977762145569948	0.0	193.06666666666666	3.074187	3.1084612666666667	3.072934	NA	0.0	3456.0	128.0	16384.0	0.0	0.0	0.0	0.0	0.0	0.0	128.0	0.0
fixed	cycle	128	1	1	15	-324.8666666666667	0.09977762145569948	0.0	193.06666666666666	2.315988	2.6041438666666665	2.315647	NA	0.0	3456.0	128.0	16384.0	0.0	128.0	0.0	0.0	0.0	0.0	128.0	0.0
fixed	cycle	128	1	2	15	-394.3333333333333	-0.09258342783317086	1.0	0.0	0.638284	0.6308962	0.637823	NA	0.0	3328.0	2.0	256.0	504.0	8129.0	0.0	0.0	0.0	0.0	128.0	0.0
fixed	cycle	128	1	3	15	-394.3333333333333	-0.09258342783317086	1.0	0.0	0.091023	0.0843124	0.090733	NA	0.0	2944.0	0.0	0.0	506.3333333333333	8384.0	0.0	0.0	0.0	0.0	128.0	0.0
fixed	cycle	128	1	4	15	-358.06666666666666	0.007768062849161823	0.4666666666666667	128.8	3.115975	2.8588272	3.115694	NA	0.0	3456.0	128.0	16384.0	0.0	0.0	904.5333333333333	6.066666666666666	0.0	33.2	128.0	870.4
fixed	cycle	128	1	5	15	-358.06666666666666	0.007768062849161823	0.4666666666666667	128.8	2.633503	2.8295213333333336	2.633053	NA	0.0	3456.0	128.0	16384.0	0.0	128.0	904.5333333333333	6.066666666666666	0.0	33.2	128.0	870.4
fixed	cycle	128	1	6	15	-394.3333333333333	-0.09258342783317086	1.0	0.0	0.607897	0.6013006666666667	0.607376	NA	0.0	3328.0	2.0	256.0	504.0	8129.0	128.0	0.0	0.0	0.0	128.0	0.0
fixed	cycle	128	1	7	15	-394.3333333333333	-0.09258342783317086	1.0	0.0	0.064383	0.07960546666666667	0.064283	NA	0.0	2944.0	0.0	0.0	506.3333333333333	8384.0	128.0	0.0	0.0	0.0	128.0	0.0
fixed	cycle	128	8	0	15	-357.8	0.008799683623286822	0.4	25.466666666666665	4.99041	5.034773933333334	4.989578	NA	0.0	3456.0	128.0	131072.0	0.0	0.0	0.0	0.0	0.0	0.0	128.0	0.0
fixed	cycle	128	8	1	15	-357.8	0.008799683623286822	0.4	25.466666666666665	5.330106	5.217948533333333	5.329756	NA	0.0006666666666666666	3456.0	128.0	131072.0	0.0	128.0	0.0	0.0	0.0	0.0	128.0	0.0
fixed	cycle	128	8	2	15	-394.3333333333333	-0.09258342783317086	1.0	0.0	0.873842	1.0093515333333334	0.87268	NA	0.0	3328.0	2.0	2048.0	504.0	8129.0	0.0	0.0	0.0	0.0	128.0	0.0
fixed	cycle	128	8	3	15	-394.3333333333333	-0.09258342783317086	1.0	0.0	0.076726	0.08017186666666667	0.076546	NA	0.0	2944.0	0.0	0.0	506.3333333333333	8384.0	0.0	0.0	0.0	0.0	128.0	0.0
fixed	cycle	128	8	4	15	-370.06666666666666	-0.0252186326926305	0.9333333333333333	21.2	4.884742	5.2127044	4.884432	NA	0.0006666666666666666	3456.0	128.0	131072.0	0.0	0.0	435.2	2.4	0.0	12.266666666666667	128.0	315.73333333333335
fixed	cycle	128	8	5	15	-370.06666666666666	-0.0252186326926305	0.9333333333333333	21.2	4.973538	5.204166533333333	4.972446	NA	0.0006666666666666666	3456.0	128.0	131072.0	0.0	128.0	435.2	2.4	0.0	12.266666666666667	128.0	315.73333333333335
fixed	cycle	128	8	6	15	-394.3333333333333	-0.09258342783317086	1.0	0.0	0.924709	0.9641446	0.924078	NA	0.0	3328.0	2.0	2048.0	504.0	8129.0	128.0	0.0	0.0	0.0	128.0	0.0
fixed	cycle	128	8	7	15	-394.3333333333333	-0.09258342783317086	1.0	0.0	0.089881	0.08811233333333333	0.088649	NA	0.0	2944.0	0.0	0.0	506.3333333333333	8384.0	128.0	0.0	0.0	0.0	128.0	0.0
fixed	dense	16	1	0	15	-100.66666666666667	0.0	1.0	0.0	0.866048	0.8621655333333333	0.865808	NA	0.0	3328.0	16.0	2048.0	0.0	0.0	0.0	0.0	0.0	0.0	16.0	0.0
fixed	dense	16	1	1	15	-100.66666666666667	0.0	1.0	0.0	0.939798	1.17097	0.939557	NA	0.0	3328.0	16.0	2048.0	0.0	16.0	0.0	0.0	0.0	0.0	16.0	0.0
fixed	dense	16	1	2	15	-100.66666666666667	0.0	1.0	0.0	0.898209	1.0214566	0.897617	NA	0.0	3328.0	15.666666666666666	2005.3333333333333	1.3333333333333333	18.0	0.0	0.0	0.0	0.0	16.0	0.0
fixed	dense	16	1	3	15	-100.66666666666667	0.0	1.0	0.0	0.9242	0.9629152666666667	0.92374	NA	0.0	3328.0	15.666666666666666	2005.3333333333333	1.3333333333333333	18.0	0.0	0.0	0.0	0.0	16.0	0.0
fixed	dense	16	1	4	15	-100.66666666666667	0.0	1.0	0.0	0.929099	1.3422097333333334	0.928467	NA	0.0	3328.0	16.0	2048.0	0.0	0.0	57.333333333333336	0.0	0.0	0.0	16.0	0.0
fixed	dense	16	1	5	15	-100.66666666666667	0.0	1.0	0.0	0.970889	0.9560847333333333	0.970489	NA	0.0	3328.0	16.0	2048.0	0.0	16.0	57.333333333333336	0.0	0.0	0.0	16.0	0.0
fixed	dense	16	1	6	15	-100.66666666666667	0.0	1.0	0.0	0.888252	0.9909652666666666	0.887751	NA	0.0	3328.0	15.666666666666666	2005.3333333333333	1.3333333333333333	18.0	57.333333333333336	0.0	0.0	0.0	16.0	0.0
fixed	dense	16	1	7	15	-100.66666666666667	0.0	1.0	0.0	0.901922	0.9343045333333334	0.901491	NA	0.0	3328.0	15.666666666666666	2005.3333333333333	1.3333333333333333	18.0	57.333333333333336	0.0	0.0	0.0	16.0	0.0
fixed	dense	16	8	0	15	-100.66666666666667	0.0	1.0	0.0	1.924362	1.8539735333333334	1.923861	NA	0.0	3328.0	16.0	16384.0	0.0	0.0	0.0	0.0	0.0	0.0	16.0	0.0
fixed	dense	16	8	1	15	-100.66666666666667	0.0	1.0	0.0	1.797848	1.9259265333333333	1.797297	NA	0.0	3328.0	16.0	16384.0	0.0	16.0	0.0	0.0	0.0	0.0	16.0	0.0
fixed	dense	16	8	2	15	-100.66666666666667	0.0	1.0	0.0	1.785799	1.9299928	1.785108	NA	0.0	3328.0	15.666666666666666	16042.666666666666	1.3333333333333333	18.0	0.0	0.0	0.0	0.0	16.0	0.0
fixed	dense	16	8	3	15	-100.66666666666667	0.0	1.0	0.0	1.743243	1.9228449333333333	1.742612	NA	0.0	3328.0	15.666666666666666	16042.666666666666	1.3333333333333333	18.0	0.0	0.0	0.0	0.0	16.0	0.0
fixed	dense	16	8	4	15	-100.66666666666667	0.0	1.0	0.0	1.808122	2.1239913333333336	1.807631	NA	0.0	3328.0	16.0	16384.0	0.0	0.0	57.333333333333336	0.0	0.0	0.0	16.0	0.0
fixed	dense	16	8	5	15	-100.66666666666667	0.0	1.0	0.0	1.773795	1.6720654	1.773294	NA	0.0	3328.0	16.0	16384.0	0.0	16.0	57.333333333333336	0.0	0.0	0.0	16.0	0.0
fixed	dense	16	8	6	15	-100.66666666666667	0.0	1.0	0.0	1.590364	1.7486196	1.589602	NA	0.0	3328.0	15.666666666666666	16042.666666666666	1.3333333333333333	18.0	57.333333333333336	0.0	0.0	0.0	16.0	0.0
fixed	dense	16	8	7	15	-100.66666666666667	0.0	1.0	0.0	1.814684	2.1170077333333333	1.814404	NA	0.0	3328.0	15.666666666666666	16042.666666666666	1.3333333333333333	18.0	57.333333333333336	0.0	0.0	0.0	16.0	0.0
fixed	dense	64	1	0	15	-812.0	0.042768074066047844	0.13333333333333333	861.5999999999999	4.495528	4.694622466666667	4.494967	NA	0.0013333333333333333	3840.0	64.0	8192.0	0.0	0.0	0.0	0.0	0.0	0.0	64.0	0.0
fixed	dense	64	1	1	15	-812.0	0.042768074066047844	0.13333333333333333	861.5999999999999	5.175032	5.061945133333333	5.174521	NA	0.0006666666666666666	3840.0	64.0	8192.0	0.0	64.0	0.0	0.0	0.0	0.0	64.0	0.0
fixed	dense	64	1	2	15	-812.0	0.042768074066047844	0.13333333333333333	861.5999999999999	5.208324	5.165343133333334	5.207793	NA	0.0	3840.0	64.0	8192.0	0.0	64.0	0.0	0.0	0.0	0.0	64.0	0.0
fixed	dense	64	1	3	15	-812.0	0.042768074066047844	0.13333333333333333	861.5999999999999	5.018033	5.1771808	5.017051	NA	0.0	3840.0	64.0	8192.0	0.0	64.0	0.0	0.0	0.0	0.0	64.0	0.0
fixed	dense	64	1	4	15	-829.3333333333334	0.022118370835891694	0.26666666666666666	271.6	4.503312	4.545862666666666	4.502941	NA	0.0	3840.0	64.0	8192.0	0.0	0.0	1744.4	0.7333333333333333	0.0	17.333333333333332	64.0	157.86666666666667
fixed	dense	64	1	5	15	-829.3333333333334	0.022118370835891694	0.26666666666666666	271.6	5.252309	5.132179866666667	5.251598	NA	0.0006666666666666666	3840.0	64.0	8192.0	0.0	64.0	1744.4	0.7333333333333333	0.0	17.333333333333332	64.0	157.86666666666667
fixed	dense	64	1	6	15	-829.3333333333334	0.022118370835891694	0.26666666666666666	271.6	5.065362	5.066187533333333	5.064671	NA	0.0006666666666666666	3840.0	64.0	8192.0	0.0	64.0	1744.4	0.7333333333333333	0.0	17.333333333333332	64.0	157.86666666666667
fixed	dense	64	1	7	15	-829.3333333333334	0.022118370835891694	0.26666666666666666	271.6	4.633105	4.7663382	4.632664	NA	0.0	3840.0	64.0	8192.0	0.0	64.0	1744.4	0.7333333333333333	0.0	17.333333333333332	64.0	157.86666666666667
fixed	dense	64	8	0	15	-848.4	-0.0004929389244049554	0.9333333333333333	4.0	7.613197	7.422948866666666	7.612696	NA	0.0026666666666666666	3840.0	64.0	65536.0	0.0	0.0	0.0	0.0	0.0	0.0	64.0	0.0
fixed	dense	64	8	1	15	-848.4	-0.0004929389244049554	0.9333333333333333	4.0	7.415335	7.677183733333333	7.414824	NA	0.004	3840.0	64.0	65536.0	0.0	64.0	0.0	0.0	0.0	0.0	64.0	0.0
fixed	dense	64	8	2	15	-848.4	-0.0004929389244049554	0.9333333333333333	4.0	7.654124	7.6938296	7.653654	NA	0.002	3840.0	64.0	65536.0	0.0	64.0	0.0	0.0	0.0	0.0	64.0	0.0
fixed	dense	64	8	3	15	-848.4	-0.0004929389244049554	0.9333333333333333	4.0	7.640959	7.758028599999999	7.640118	NA	0.0033333333333333335	3840.0	64.0	65536.0	0.0	64.0	0.0	0.0	0.0	0.0	64.0	0.0
fixed	dense	64	8	4	15	-848.4	-0.0004929389244049554	0.9333333333333333	4.0	7.240298	7.173583266666666	7.239757	NA	0.0013333333333333333	3840.0	64.0	65536.0	0.0	0.0	1006.6666666666666	0.0	0.0	0.0	64.0	0.0
fixed	dense	64	8	5	15	-848.4	-0.0004929389244049554	0.9333333333333333	4.0	7.642248	7.5443978666666665	7.641767	NA	0.0026666666666666666	3840.0	64.0	65536.0	0.0	64.0	1006.6666666666666	0.0	0.0	0.0	64.0	0.0
fixed	dense	64	8	6	15	-848.4	-0.0004929389244049554	0.9333333333333333	4.0	7.449602	7.7404649333333335	7.449151	NA	0.0013333333333333333	3840.0	64.0	65536.0	0.0	64.0	1006.6666666666666	0.0	0.0	0.0	64.0	0.0
fixed	dense	64	8	7	15	-848.4	-0.0004929389244049554	0.9333333333333333	4.0	7.706204	8.207539066666667	7.705683	NA	0.004	3840.0	64.0	65536.0	0.0	64.0	1006.6666666666666	0.0	0.0	0.0	64.0	0.0
fixed	dense	128	1	0	15	-2263.866666666667	0.08304571953022472	0.0	8747.466666666667	19.835318	20.684774466666667	19.834346	NA	0.016666666666666666	4736.0	128.0	16384.0	0.0	0.0	0.0	0.0	0.0	0.0	128.0	0.0
fixed	dense	128	1	1	15	-2263.866666666667	0.08304571953022472	0.0	8747.466666666667	23.593322	23.367192133333333	23.592901	NA	0.019333333333333334	4992.0	128.0	16384.0	0.0	128.0	0.0	0.0	0.0	0.0	128.0	0.0
fixed	dense	128	1	2	15	-2263.866666666667	0.08304571953022472	0.0	8747.466666666667	23.487917	22.847234133333334	23.487316	NA	0.019333333333333334	4884.0	128.0	16384.0	0.0	128.0	0.0	0.0	0.0	0.0	128.0	0.0
fixed	dense	128	1	3	15	-2263.866666666667	0.08304571953022472	0.0	8747.466666666667	23.458095	22.972252	23.457294	NA	0.019333333333333334	4884.0	128.0	16384.0	0.0	128.0	0.0	0.0	0.0	0.0	128.0	0.0
fixed	dense	128	1	4	15	-2300.6666666666665	0.06806908733656652	0.06666666666666667	9041.066666666668	20.691127	20.517093266666667	20.690325	NA	0.016	4736.0	128.0	16384.0	0.0	0.0	7331.333333333333	0.8	0.0	36.8	128.0	452.26666666666665
fixed	dense	128	1	5	15	-2300.6666666666665	0.06806908733656652	0.06666666666666667	9041.066666666668	23.701825	23.13140853333333	23.699581	NA	0.02	4880.0	128.0	16384.0	0.0	128.0	7331.333333333333	0.8	0.0	36.8	128.0	452.26666666666665
fixed	dense	128	1	6	15	-2300.6666666666665	0.06806908733656652	0.06666666666666667	9041.066666666668	21.379891	22.1898432	21.379239	NA	0.016666666666666666	4976.0	128.0	16384.0	0.0	128.0	7331.333333333333	0.8	0.0	36.8	128.0	452.26666666666665
fixed	dense	128	1	7	15	-2300.6666666666665	0.06806908733656652	0.06666666666666667	9041.066666666668	23.63698	22.996081733333334	23.636419	NA	0.02	4884.0	128.0	16384.0	0.0	128.0	7331.333333333333	0.8	0.0	36.8	128.0	452.26666666666665
fixed	dense	128	8	0	15	-2446.8	0.009083207440094042	0.2	454.1333333333333	27.586916	27.918020066666667	27.585683	NA	0.023333333333333334	4736.0	128.0	131072.0	0.0	0.0	0.0	0.0	0.0	0.0	128.0	0.0
fixed	dense	128	8	1	15	-2446.8	0.009083207440094042	0.2	454.1333333333333	30.350285	29.8281266	30.349604	NA	0.025333333333333333	4884.0	128.0	131072.0	0.0	128.0	0.0	0.0	0.0	0.0	128.0	0.0
fixed	dense	128	8	2	15	-2446.8	0.009083207440094042	0.2	454.1333333333333	29.012851	29.405799599999998	29.012169	NA	0.028666666666666667	4964.0	128.0	131072.0	0.0	128.0	0.0	0.0	0.0	0.0	128.0	0.0
fixed	dense	128	8	3	15	-2446.8	0.009083207440094042	0.2	454.1333333333333	29.446029	29.31665	29.445378	NA	0.026	4976.0	128.0	131072.0	0.0	128.0	0.0	0.0	0.0	0.0	128.0	0.0
fixed	dense	128	8	4	15	-2453.3333333333335	0.006453966136341646	0.3333333333333333	467.8666666666667	27.187454	28.186401333333333	27.186222	NA	0.025333333333333333	4736.0	128.0	131072.0	0.0	0.0	6553.8	0.6	0.0	6.533333333333333	128.0	145.06666666666666
fixed	dense	128	8	5	15	-2453.3333333333335	0.006453966136341646	0.3333333333333333	467.8666666666667	28.2353	29.0044996	28.234148	NA	0.024666666666666667	4992.0	128.0	131072.0	0.0	128.0	6553.8	0.6	0.0	6.533333333333333	128.0	145.06666666666666
fixed	dense	128	8	6	15	-2453.3333333333335	0.006453966136341646	0.3333333333333333	467.8666666666667	29.36006	29.750755866666665	29.359128	NA	0.026	4992.0	128.0	131072.0	0.0	128.0	6553.8	0.6	0.0	6.533333333333333	128.0	145.06666666666666
fixed	dense	128	8	7	15	-2453.3333333333335	0.006453966136341646	0.3333333333333333	467.8666666666667	30.214531	29.6476306	30.21377	NA	0.025333333333333333	4884.0	128.0	131072.0	0.0	128.0	6553.8	0.6	0.0	6.533333333333333	128.0	145.06666666666666
fixed	field	16	1	0	15	-89.8	0.006060606060606061	0.8	0.9333333333333332	0.817731	0.8392048666666667	0.817361	NA	0.0	3328.0	16.0	2048.0	0.0	0.0	0.0	0.0	0.0	0.0	16.0	0.0
fixed	field	16	1	1	15	-89.8	0.006060606060606061	0.8	0.9333333333333332	0.820678	0.8275122	0.820137	NA	0.0	3328.0	16.0	2048.0	0.0	16.0	0.0	0.0	0.0	0.0	16.0	0.0
fixed	field	16	1	2	15	-90.06666666666666	0.0030303030303030303	0.9333333333333333	1.0666666666666667	0.793024	0.8169037333333333	0.792683	NA	0.0	3328.0	15.0	1920.0	4.0	19.666666666666668	0.0	0.0	0.0	0.0	16.0	0.0
fixed	field	16	1	3	15	-90.06666666666666	0.0030303030303030303	0.9333333333333333	1.0666666666666667	0.894748	0.8827028	0.894167	NA	0.0	3328.0	15.0	1920.0	4.0	19.666666666666668	0.0	0.0	0.0	0.0	16.0	0.0
fixed	field	16	1	4	15	-89.8	0.006060606060606061	0.8	0.9333333333333332	0.807507	0.8242386	0.806996	NA	0.0	3328.0	16.0	2048.0	0.0	0.0	42.0	0.0	0.0	0.0	16.0	0.0
fixed	field	16	1	5	15	-89.8	0.006060606060606061	0.8	0.9333333333333332	0.801887	0.8142810666666667	0.801566	NA	0.0	3328.0	16.0	2048.0	0.0	16.0	42.0	0.0	0.0	0.0	16.0	0.0
fixed	field	16	1	6	15	-90.06666666666666	0.0030303030303030303	0.9333333333333333	1.0666666666666667	0.785927	0.7882709999999999	0.785597	NA	0.0	3328.0	15.0	1920.0	4.0	19.666666666666668	42.0	0.0	0.0	0.0	16.0	0.0
fixed	field	16	1	7	15	-90.06666666666666	0.0030303030303030303	0.9333333333333333	1.0666666666666667	0.802286	0.8433949333333334	0.801975	NA	0.0	3328.0	15.0	1920.0	4.0	19.666666666666668	42.0	0.0	0.0	0.0	16.0	0.0
fixed	field	16	8	0	15	-90.33333333333333	0.0	1.0	0.0	1.553609	1.5911179333333334	1.552567	NA	0.0	3328.0	16.0	16384.0	0.0	0.0	0.0	0.0	0.0	0.0	16.0	0.0
fixed	field	16	8	1	15	-90.33333333333333	0.0	1.0	0.0	1.637658	1.6249314666666668	1.637307	NA	0.0	3328.0	16.0	16384.0	0.0	16.0	0.0	0.0	0.0	0.0	16.0	0.0
fixed	field	16	8	2	15	-90.33333333333333	0.0	1.0	0.0	1.576375	1.6414848	1.575874	NA	0.0	3328.0	15.0	15360.0	4.0	19.666666666666668	0.0	0.0	0.0	0.0	16.0	0.0
fixed	field	16	8	3	15	-90.33333333333333	0.0	1.0	0.0	1.666958	1.6058432	1.666657	NA	0.0	3328.0	15.0	15360.0	4.0	19.666666666666668	0.0	0.0	0.0	0.0	16.0	0.0
fixed	field	16	8	4	15	-90.33333333333333	0.0	1.0	0.0	1.570249	1.634978	1.569448	NA	0.0	3328.0	16.0	16384.0	0.0	0.0	42.0	0.0	0.0	0.0	16.0	0.0
fixed	field	16	8	5	15	-90.33333333333333	0.0	1.0	0.0	1.63912	1.6694271333333333	1.6388	NA	0.0	3328.0	16.0	16384.0	0.0	16.0	42.0	0.0	0.0	0.0	16.0	0.0
fixed	field	16	8	6	15	-90.33333333333333	0.0	1.0	0.0	1.619692	1.655439	1.619352	NA	0.0	3328.0	15.0	15360.0	4.0	19.666666666666668	42.0	0.0	0.0	0.0	16.0	0.0
fixed	field	16	8	7	15	-90.33333333333333	0.0	1.0	0.0	1.611528	1.5981502666666667	1.611147	NA	0.0	3328.0	15.0	15360.0	4.0	19.666666666666668	42.0	0.0	0.0	0.0	16.0	0.0
fixed	field	64	1	0	15	-333.6	0.05994196600287471	0.0	171.06666666666666	1.862965	1.9704480666666666	1.862344	NA	0.0	3456.0	64.0	8192.0	0.0	0.0	0.0	0.0	0.0	0.0	64.0	0.0
fixed	field	64	1	1	15	-333.6	0.05994196600287471	0.0	171.06666666666666	1.985279	1.9812780666666667	1.984868	NA	0.0	3456.0	63.666666666666664	8149.333333333333	0.3333333333333333	71.66666666666667	0.0	0.0	0.0	0.0	64.0	0.0
fixed	field	64	1	2	15	-337.06666666666666	0.04987092309295712	0.0	29.066666666666666	1.954896	2.0000504	1.953944	NA	0.0	3456.0	62.0	7936.0	8.0	138.66666666666666	0.0	0.0	0.0	0.0	64.0	0.0
fixed	field	64	1	3	15	-337.06666666666666	0.04987092309295712	0.0	29.066666666666666	2.131396	2.0516228666666665	2.131076	NA	0.0	3456.0	61.666666666666664	7893.333333333333	8.333333333333334	146.33333333333334	0.0	0.0	0.0	0.0	64.0	0.0
fixed	field	64	1	4	15	-343.6	0.03113323001182424	0.2	158.93333333333334	2.125321	2.0948219999999997	2.12479	NA	0.0	3456.0	64.0	8192.0	0.0	0.0	475.46666666666664	1.4	0.0	10.0	64.0	136.53333333333333
fixed	field	64	1	5	15	-343.6	0.03113323001182424	0.2	158.93333333333334	2.213033	2.1484144666666665	2.21106	NA	0.0	3456.0	63.666666666666664	8149.333333333333	0.3333333333333333	71.66666666666667	475.46666666666664	1.4	0.0	10.0	64.0	136.53333333333333
fixed	field	64	1	6	15	-341.73333333333335	0.03659500892628858	0.06666666666666667	77.6	2.004972	1.9483213333333333	2.004301	NA	0.0	3456.0	62.0	7936.0	8.0	138.66666666666666	343.46666666666664	0.7333333333333333	0.0	4.666666666666667	64.0	51.2
fixed	field	64	1	7	15	-341.73333333333335	0.03659500892628858	0.06666666666666667	77.6	1.856073	1.9706517333333333	1.855562	NA	0.0	3456.0	61.666666666666664	7893.333333333333	8.333333333333334	146.33333333333334	343.46666666666664	0.7333333333333333	0.0	4.666666666666667	64.0	51.2
fixed	field	64	8	0	15	-353.8666666666667	0.001764113545689776	0.6	36.93333333333333	3.433631	3.44938	3.43295	NA	0.0	3456.0	64.0	65536.0	0.0	0.0	0.0	0.0	0.0	0.0	64.0	0.0
fixed	field	64	8	1	15	-353.8666666666667	0.001764113545689776	0.6	36.93333333333333	3.389398	3.4610444	3.388146	NA	0.0	3456.0	63.666666666666664	65194.666666666664	0.3333333333333333	71.66666666666667	0.0	0.0	0.0	0.0	64.0	0.0
fixed	field	64	8	2	15	-356.1333333333333	-0.004868452524216448	0.8	27.466666666666665	3.599741	3.5929791333333334	3.59919	NA	0.0	3456.0	62.0	63488.0	8.0	138.66666666666666	0.0	0.0	0.0	0.0	64.0	0.0
fixed	field	64	8	3	15	-356.1333333333333	-0.004868452524216448	0.8	27.466666666666665	3.534407	3.5155096666666665	3.533966	NA	0.0	3456.0	61.666666666666664	63146.666666666664	8.333333333333334	146.33333333333334	0.0	0.0	0.0	0.0	64.0	0.0
fixed	field	64	8	4	15	-354.93333333333334	-0.0011946755682120656	0.6666666666666666	26.4	3.38014	3.506315	3.379819	NA	0.0	3456.0	64.0	65536.0	0.0	0.0	265.6	0.3333333333333333	0.0	1.0666666666666667	64.0	25.6
fixed	field	64	8	5	15	-354.93333333333334	-0.0011946755682120656	0.6666666666666666	26.4	3.561759	3.687232266666667	3.560867	NA	0.0	3456.0	63.666666666666664	65194.666666666664	0.3333333333333333	71.66666666666667	265.6	0.3333333333333333	0.0	1.0666666666666667	64.0	25.6
fixed	field	64	8	6	15	-358.0	-0.01017449938179547	0.8	16.133333333333333	3.470711	3.5066678	3.46994	NA	0.0	3456.0	62.0	63488.0	8.0	138.66666666666666	303.8	0.5333333333333333	0.0	1.8666666666666667	64.0	38.4
fixed	field	64	8	7	15	-358.0	-0.01017449938179547	0.8	16.133333333333333	3.526629	3.498353466666667	3.526328	NA	0.0	3456.0	61.666666666666664	63146.666666666664	8.333333333333334	146.33333333333334	303.8	0.5333333333333333	0.0	1.8666666666666667	64.0	38.4
fixed	field	128	1	0	15	-694.2666666666667	0.06078747883334124	0.13333333333333333	771.4666666666667	3.8879	3.9042179333333333	3.887359	NA	0.0	3584.0	128.0	16384.0	0.0	0.0	0.0	0.0	0.0	0.0	128.0	0.0
fixed	field	128	1	1	15	-686.2666666666667	0.07211539983224928	0.0	606.9333333333333	4.266219	4.1783672	4.265749	NA	0.0	3584.0	126.66666666666667	16213.333333333334	2.3333333333333335	153.0	0.0	0.0	0.0	0.0	128.0	0.0
fixed	field	128	1	2	15	-689.4666666666667	0.06739447488778443	0.06666666666666667	970.0	3.931936	4.046134	3.930764	NA	0.0	3584.0	123.33333333333333	15786.666666666666	18.666666666666668	428.0	0.0	0.0	0.0	0.0	128.0	0.0
fixed	field	128	1	3	15	-689.7333333333333	0.06704473047024341	0.0	516.5333333333333	3.696156	3.7471732666666666	3.695735	NA	0.0	3584.0	121.66666666666667	15573.333333333334	22.333333333333332	471.3333333333333	0.0	0.0	0.0	0.0	128.0	0.0
fixed	field	128	1	4	15	-722.1333333333333	0.02382518276415532	0.2	337.06666666666666	3.851841	3.8901217999999997	3.8513	NA	0.0	3584.0	128.0	16384.0	0.0	0.0	1314.2	2.4	0.0	27.866666666666667	128.0	529.0666666666667
fixed	field	128	1	5	15	-722.9333333333333	0.02275221120264936	0.13333333333333333	311.2	3.723129	3.8777506	3.722798	NA	0.0	3584.0	126.66666666666667	16213.333333333334	2.3333333333333335	153.0	1779.2	3.6666666666666665	0.0	36.666666666666664	128.0	793.6
fixed	field	128	1	6	15	-733.7333333333333	0.007978570554002154	0.4666666666666667	522.6666666666666	3.793132	3.913935866666667	3.792571	NA	0.0	3584.0	123.33333333333333	15786.666666666666	18.666666666666668	428.0	1881.8	3.933333333333333	0.0	44.266666666666666	128.0	887.4666666666667
fixed	field	128	1	7	15	-723.4666666666667	0.022395636815535015	0.3333333333333333	355.46666666666664	3.789649	3.8918644	3.788297	NA	0.0	3584.0	121.66666666666667	15573.333333333334	22.333333333333332	471.3333333333333	1565.8	3.066666666666667	0.0	33.733333333333334	128.0	665.6
fixed	field	128	8	0	15	-743.6	-0.005109150410089697	0.6	128.66666666666669	6.289794	6.3255776	6.288752	NA	0.002	3584.0	128.0	131072.0	0.0	0.0	0.0	0.0	0.0	0.0	128.0	0.0
fixed	field	128	8	1	15	-748.8	-0.012407889114611053	0.8666666666666667	97.33333333333334	6.516374	6.407281	6.515933	NA	0.0013333333333333333	3584.0	126.66666666666667	129706.66666666667	2.3333333333333335	153.0	0.0	0.0	0.0	0.0	128.0	0.0
fixed	field	128	8	2	15	-746.1333333333333	-0.008665815419239359	0.7333333333333333	180.8	6.134003	6.1858949333333335	6.133572	NA	0.0	3584.0	123.33333333333333	126293.33333333333	18.666666666666668	428.0	0.0	0.0	0.0	0.0	128.0	0.0
fixed	field	128	8	3	15	-746.2666666666667	-0.008858886998153409	0.7333333333333333	207.86666666666665	6.224905	6.1719942	6.224524	NA	0.0033333333333333335	3584.0	121.66666666666667	124586.66666666667	22.333333333333332	471.3333333333333	0.0	0.0	0.0	0.0	128.0	0.0
fixed	field	128	8	4	15	-751.8666666666667	-0.016302804202263717	0.8	138.66666666666666	6.451972	6.7958289333333335	6.451531	NA	0.0026666666666666666	3584.0	128.0	131072.0	0.0	0.0	814.3333333333334	1.1333333333333333	0.0	8.266666666666667	128.0	221.86666666666667
fixed	field	128	8	5	15	-755.7333333333333	-0.021726216505037935	0.8666666666666667	171.06666666666666	6.310705	6.356298733333333	6.309913	NA	0.0	3584.0	126.66666666666667	129706.66666666667	2.3333333333333335	153.0	740.3333333333334	0.9333333333333333	0.0	6.933333333333334	128.0	162.13333333333333
fixed	field	128	8	6	15	-754.9333333333333	-0.020314744988093363	0.9333333333333333	177.33333333333334	6.328637	6.504114133333333	6.328076	NA	0.0006666666666666666	3584.0	123.33333333333333	126293.33333333333	18.666666666666668	428.0	846.4	1.2	0.0	8.8	128.0	179.2
fixed	field	128	8	7	15	-752.6666666666666	-0.017116403504607313	0.8666666666666667	221.06666666666666	6.349057	6.422901066666666	6.348506	NA	0.002	3584.0	121.66666666666667	124586.66666666667	22.333333333333332	471.3333333333333	672.4	0.7333333333333333	0.0	6.4	128.0	110.93333333333334
fixed	sparse	16	1	0	15	-83.73333333333333	0.0031746031746031746	0.8666666666666667	0.39999999999999997	0.792674	0.7984607333333333	0.792123	NA	0.0	3328.0	16.0	2048.0	0.0	0.0	0.0	0.0	0.0	0.0	16.0	0.0
fixed	sparse	16	1	1	15	-83.73333333333333	0.0031746031746031746	0.8666666666666667	0.39999999999999997	0.936894	0.9417629333333333	0.936603	NA	0.0	3328.0	16.0	2048.0	0.0	16.0	0.0	0.0	0.0	0.0	16.0	0.0
fixed	sparse	16	1	2	15	-83.86666666666666	0.0015873015873015873	0.9333333333333333	0.26666666666666666	0.836091	1.0077567333333333	0.83538	NA	0.0	3328.0	15.0	1920.0	4.0	19.666666666666668	0.0	0.0	0.0	0.0	16.0	0.0
fixed	sparse	16	1	3	15	-83.86666666666666	0.0015873015873015873	0.9333333333333333	0.26666666666666666	0.80386	0.8204783999999999	0.803409	NA	0.0	3328.0	15.0	1920.0	4.0	19.666666666666668	0.0	0.0	0.0	0.0	16.0	0.0
fixed	sparse	16	1	4	15	-83.73333333333333	0.0031746031746031746	0.8666666666666667	0.39999999999999997	0.826883	0.8487692	0.826463	NA	0.0	3328.0	16.0	2048.0	0.0	0.0	42.0	0.0	0.0	0.0	16.0	0.0
fixed	sparse	16	1	5	15	-83.73333333333333	0.0031746031746031746	0.8666666666666667	0.39999999999999997	0.799822	0.8782396	0.799552	NA	0.0	3328.0	16.0	2048.0	0.0	16.0	42.0	0.0	0.0	0.0	16.0	0.0
fixed	sparse	16	1	6	15	-83.86666666666666	0.0015873015873015873	0.9333333333333333	0.26666666666666666	0.864301	0.8532418666666667	0.86391	NA	0.0	3328.0	15.0	1920.0	4.0	19.666666666666668	42.0	0.0	0.0	0.0	16.0	0.0
fixed	sparse	16	1	7	15	-83.86666666666666	0.0015873015873015873	0.9333333333333333	0.26666666666666666	0.811097	0.8575718666666666	0.810475	NA	0.0	3328.0	15.0	1920.0	4.0	19.666666666666668	42.0	0.0	0.0	0.0	16.0	0.0
fixed	sparse	16	8	0	15	-84.0	0.0	1.0	0.0	1.798934	1.7862834	1.798383	NA	0.0	3328.0	16.0	16384.0	0.0	0.0	0.0	0.0	0.0	0.0	16.0	0.0
fixed	sparse	16	8	1	15	-84.0	0.0	1.0	0.0	1.746764	1.7050326	1.746473	NA	0.0	3328.0	16.0	16384.0	0.0	16.0	0.0	0.0	0.0	0.0	16.0	0.0
fixed	sparse	16	8	2	15	-84.0	0.0	1.0	0.0	1.583335	1.5910011333333334	1.583044	NA	0.0	3328.0	15.0	15360.0	4.0	19.666666666666668	0.0	0.0	0.0	0.0	16.0	0.0
fixed	sparse	16	8	3	15	-84.0	0.0	1.0	0.0	1.557785	2.014717533333333	1.557444	NA	0.0	3328.0	15.0	15360.0	4.0	19.666666666666668	0.0	0.0	0.0	0.0	16.0	0.0
fixed	sparse	16	8	4	15	-84.0	0.0	1.0	0.0	1.706237	2.128388	1.705726	NA	0.0	3328.0	16.0	16384.0	0.0	0.0	42.0	0.0	0.0	0.0	16.0	0.0
fixed	sparse	16	8	5	15	-84.0	0.0	1.0	0.0	1.617164	1.8304588	1.616783	NA	0.0	3328.0	16.0	16384.0	0.0	16.0	42.0	0.0	0.0	0.0	16.0	0.0
fixed	sparse	16	8	6	15	-84.0	0.0	1.0	0.0	1.671482	1.7160874666666666	1.671041	NA	0.0	3328.0	15.0	15360.0	4.0	19.666666666666668	42.0	0.0	0.0	0.0	16.0	0.0
fixed	sparse	16	8	7	15	-84.0	0.0	1.0	0.0	1.511207	1.6940498	1.510155	NA	0.0	3328.0	15.0	15360.0	4.0	19.666666666666668	42.0	0.0	0.0	0.0	16.0	0.0
fixed	sparse	64	1	0	15	-321.8666666666667	0.06652431549901153	0.06666666666666667	203.06666666666666	2.127774	2.0879292	2.127363	NA	0.0	3456.0	64.0	8192.0	0.0	0.0	0.0	0.0	0.0	0.0	64.0	0.0
fixed	sparse	64	1	1	15	-321.8666666666667	0.06652431549901153	0.06666666666666667	203.06666666666666	2.019384	1.9940971333333333	2.019003	NA	0.0	3456.0	63.666666666666664	8149.333333333333	0.3333333333333333	71.66666666666667	0.0	0.0	0.0	0.0	64.0	0.0
fixed	sparse	64	1	2	15	-318.93333333333334	0.07525447422917025	0.06666666666666667	154.53333333333333	1.93393	2.041318	1.93358	NA	0.0	3456.0	62.0	7936.0	8.0	138.66666666666666	0.0	0.0	0.0	0.0	64.0	0.0
fixed	sparse	64	1	3	15	-318.93333333333334	0.07525447422917025	0.06666666666666667	154.53333333333333	2.004401	1.9718803333333335	2.00396	NA	0.0	3456.0	61.666666666666664	7893.333333333333	8.333333333333334	146.33333333333334	0.0	0.0	0.0	0.0	64.0	0.0
fixed	sparse	64	1	4	15	-334.1333333333333	0.03133629615719659	0.4666666666666667	261.6	1.974914	1.939233	1.974514	NA	0.0	3456.0	64.0	8192.0	0.0	0.0	515.6666666666666	1.6	0.0	12.266666666666667	64.0	149.33333333333334
fixed	sparse	64	1	5	15	-334.1333333333333	0.03133629615719659	0.4666666666666667	261.6	2.126869	2.0707006	2.126047	NA	0.0	3456.0	63.666666666666664	8149.333333333333	0.3333333333333333	71.66666666666667	515.6666666666666	1.6	0.0	12.266666666666667	64.0	149.33333333333334
fixed	sparse	64	1	6	15	-333.6	0.033035642562425346	0.3333333333333333	144.66666666666669	1.939101	1.9537543333333334	1.93866	NA	0.0	3456.0	62.0	7936.0	8.0	138.66666666666666	475.46666666666664	1.4	0.0	14.666666666666666	64.0	153.6
fixed	sparse	64	1	7	15	-333.6	0.033035642562425346	0.3333333333333333	144.66666666666669	1.957969	1.9812782	1.957377	NA	0.0	3456.0	61.666666666666664	7893.333333333333	8.333333333333334	146.33333333333334	475.46666666666664	1.4	0.0	14.666666666666666	64.0	153.6
fixed	sparse	64	8	0	15	-347.2	-0.007054546213271155	0.8	23.066666666666666	3.371409	3.4545758	3.370798	NA	0.0	3456.0	64.0	65536.0	0.0	0.0	0.0	0.0	0.0	0.0	64.0	0.0
fixed	sparse	64	8	1	15	-347.2	-0.007054546213271155	0.8	23.066666666666666	3.709126	3.7345376666666668	3.708595	NA	0.0	3456.0	63.666666666666664	65194.666666666664	0.3333333333333333	71.66666666666667	0.0	0.0	0.0	0.0	64.0	0.0
fixed	sparse	64	8	2	15	-347.3333333333333	-0.007418691871534461	0.9333333333333333	25.73333333333333	3.989379	4.0081516	3.988778	NA	0.0	3456.0	62.0	63488.0	8.0	138.66666666666666	0.0	0.0	0.0	0.0	64.0	0.0
fixed	sparse	64	8	3	15	-347.3333333333333	-0.007418691871534461	0.9333333333333333	25.73333333333333	3.659468	3.5349166666666667	3.658596	NA	0.0	3456.0	61.666666666666664	63146.666666666664	8.333333333333334	146.33333333333334	0.0	0.0	0.0	0.0	64.0	0.0
fixed	sparse	64	8	4	15	-347.6	-0.008196250567266012	0.8	17.466666666666665	3.55635	3.6231204666666668	3.555599	NA	0.0	3456.0	64.0	65536.0	0.0	0.0	226.06666666666666	0.13333333333333333	0.0	0.4	64.0	8.533333333333333
fixed	sparse	64	8	5	15	-347.6	-0.008196250567266012	0.8	17.466666666666665	3.587569	3.711742533333333	3.587128	NA	0.0	3456.0	63.666666666666664	65194.666666666664	0.3333333333333333	71.66666666666667	226.06666666666666	0.13333333333333333	0.0	0.4	64.0	8.533333333333333
fixed	sparse	64	8	6	15	-348.1333333333333	-0.00974153534784491	0.9333333333333333	17.6	3.545519	3.6408891333333333	3.544647	NA	0.0	3456.0	62.0	63488.0	8.0	138.66666666666666	264.93333333333334	0.3333333333333333	0.0	0.8	64.0	21.333333333333332
fixed	sparse	64	8	7	15	-348.1333333333333	-0.00974153534784491	0.9333333333333333	17.6	3.426246	3.7417994666666665	3.425494	NA	0.0	3456.0	61.666666666666664	63146.666666666664	8.333333333333334	146.33333333333334	264.93333333333334	0.3333333333333333	0.0	0.8	64.0	21.333333333333332
fixed	sparse	128	1	0	15	-651.3333333333334	0.07236709238702749	0.06666666666666667	571.4666666666667	4.130477	4.209292666666666	4.130037	NA	0.0	3584.0	128.0	16384.0	0.0	0.0	0.0	0.0	0.0	0.0	128.0	0.0
fixed	sparse	128	1	1	15	-656.6666666666666	0.06441278935075724	0.06666666666666667	716.1333333333333	4.093532	4.077965	4.09256	NA	0.0	3584.0	126.66666666666667	16213.333333333334	2.3333333333333335	153.0	0.0	0.0	0.0	0.0	128.0	0.0
fixed	sparse	128	1	2	15	-663.4666666666667	0.05454384733327749	0.13333333333333333	378.26666666666665	4.430514	4.424701066666667	4.429943	NA	0.0	3584.0	123.33333333333333	15786.666666666666	18.666666666666668	428.0	0.0	0.0	0.0	0.0	128.0	0.0
fixed	sparse	128	1	3	15	-655.8666666666667	0.06588365211570522	0.13333333333333333	708.0	3.542409	3.7006546666666664	3.541948	NA	0.0	3584.0	121.66666666666667	15573.333333333334	22.333333333333332	471.3333333333333	0.0	0.0	0.0	0.0	128.0	0.0
fixed	sparse	128	1	4	15	-694.0	0.012396271972544956	0.4	988.1333333333333	4.091819	4.335890533333333	4.091498	NA	0.0	3584.0	128.0	16384.0	0.0	0.0	2262.6666666666665	4.866666666666666	0.0	42.666666666666664	128.0	947.2
fixed	sparse	128	1	5	15	-696.0	0.009396252579082939	0.4666666666666667	1210.8	3.646172	3.733879	3.645762	NA	0.0	3584.0	126.66666666666667	16213.333333333334	2.3333333333333335	153.0	1845.6666666666667	3.7333333333333334	0.0	39.333333333333336	128.0	904.5333333333333
fixed	sparse	128	1	6	15	-689.4666666666667	0.017413502057109037	0.26666666666666666	455.4666666666667	4.150646	4.1186582000000005	4.150245	NA	0.0	3584.0	123.33333333333333	15786.666666666666	18.666666666666668	428.0	1321.5333333333333	2.466666666666667	0.0	26.0	128.0	622.9333333333333
fixed	sparse	128	1	7	15	-681.2	0.029731930768980373	0.3333333333333333	504.26666666666665	4.009081	4.046377	4.008601	NA	0.0	3584.0	121.66666666666667	15573.333333333334	22.333333333333332	471.3333333333333	1370.5333333333333	2.6	0.0	25.333333333333332	128.0	546.1333333333333
fixed	sparse	128	8	0	15	-710.9333333333333	-0.012269220769210165	0.6666666666666666	174.53333333333333	6.480688	6.682938533333333	6.479275	NA	0.002	3456.0	128.0	131072.0	0.0	0.0	0.0	0.0	0.0	0.0	128.0	0.0
fixed	sparse	128	8	1	15	-709.7333333333333	-0.010442058286309978	0.6666666666666666	194.66666666666666	6.407197	6.205000533333333	6.406736	NA	0.0	3584.0	126.66666666666667	129706.66666666667	2.3333333333333335	153.0	0.0	0.0	0.0	0.0	128.0	0.0
fixed	sparse	128	8	2	15	-716.0	-0.01942597641280652	0.8	100.4	6.693321	7.007244466666666	6.692719	NA	0.0	3584.0	123.33333333333333	126293.33333333333	18.666666666666668	428.0	0.0	0.0	0.0	0.0	128.0	0.0
fixed	sparse	128	8	3	15	-716.5333333333333	-0.020217826384984358	0.7333333333333333	101.73333333333333	6.041927	6.310525133333333	6.041517	NA	0.0013333333333333333	3584.0	121.66666666666667	124586.66666666667	22.333333333333332	471.3333333333333	0.0	0.0	0.0	0.0	128.0	0.0
fixed	sparse	128	8	4	15	-720.8	-0.026207919678112455	0.8	169.06666666666666	6.394999	6.4629422000000005	6.394668	NA	0.0006666666666666666	3584.0	128.0	131072.0	0.0	0.0	1053.0	1.7333333333333334	0.0	9.866666666666667	128.0	273.06666666666666
fixed	sparse	128	8	5	15	-721.6	-0.02738376019821527	0.8	180.4	6.046849	6.3220288	6.046128	NA	0.0006666666666666666	3584.0	126.66666666666667	129706.66666666667	2.3333333333333335	153.0	1026.0	1.6666666666666667	0.0	11.866666666666667	128.0	332.8
fixed	sparse	128	8	6	15	-721.3333333333334	-0.02693304332648595	0.8666666666666667	78.8	6.355698	6.4688593333333335	6.355127	NA	0.0013333333333333333	3584.0	123.33333333333333	126293.33333333333	18.666666666666668	428.0	720.8666666666667	0.8666666666666667	0.0	5.333333333333333	128.0	153.6
fixed	sparse	128	8	7	15	-726.0	-0.03390424701900112	0.8666666666666667	61.46666666666667	6.28714	6.474100733333334	6.286228	NA	0.0006666666666666666	3584.0	121.66666666666667	124586.66666666667	22.333333333333332	471.3333333333333	819.8666666666667	1.1333333333333333	0.0	9.466666666666667	128.0	238.93333333333334
fixed	subdivided	16	1	0	15	-52.666666666666664	0.0	1.0	0.0	0.725236	0.7429858666666667	0.724895	NA	0.0	3328.0	16.0	2048.0	0.0	0.0	0.0	0.0	0.0	0.0	16.0	0.0
fixed	subdivided	16	1	1	15	-52.666666666666664	0.0	1.0	0.0	0.808373	0.778493	0.808052	NA	0.0	3328.0	16.0	2048.0	0.0	16.0	0.0	0.0	0.0	0.0	16.0	0.0
fixed	subdivided	16	1	2	15	-52.666666666666664	0.0	1.0	0.0	0.693566	0.7317988666666667	0.693155	NA	0.0	3328.0	4.0	512.0	48.0	142.0	0.0	0.0	0.0	0.0	16.0	0.0
fixed	subdivided	16	1	3	15	-52.666666666666664	0.0	1.0	0.0	0.600654	0.5993428666666667	0.600243	NA	0.0	3328.0	4.0	512.0	48.0	142.0	0.0	0.0	0.0	0.0	16.0	0.0
fixed	subdivided	16	1	4	15	-52.666666666666664	0.0	1.0	0.0	0.766715	0.7592058	0.766274	NA	0.0	3328.0	16.0	2048.0	0.0	0.0	18.0	0.0	0.0	0.0	16.0	0.0
fixed	subdivided	16	1	5	15	-52.666666666666664	0.0	1.0	0.0	0.784112	0.798387	0.78317	NA	0.0	3328.0	16.0	2048.0	0.0	16.0	18.0	0.0	0.0	0.0	16.0	0.0
fixed	subdivided	16	1	6	15	-52.666666666666664	0.0	1.0	0.0	0.682148	0.6901336666666666	0.681827	NA	0.0	3328.0	4.0	512.0	48.0	142.0	18.0	0.0	0.0	0.0	16.0	0.0
fixed	subdivided	16	1	7	15	-52.666666666666664	0.0	1.0	0.0	0.629769	0.6140219333333333	0.628887	NA	0.0	3328.0	4.0	512.0	48.0	142.0	18.0	0.0	0.0	0.0	16.0	0.0
fixed	subdivided	16	8	0	15	-52.666666666666664	0.0	1.0	0.0	1.480564	1.6567501333333334	1.480213	NA	0.0	3328.0	16.0	16384.0	0.0	0.0	0.0	0.0	0.0	0.0	16.0	0.0
fixed	subdivided	16	8	1	15	-52.666666666666664	0.0	1.0	0.0	1.485799	1.5196603333333334	1.485178	NA	0.0	3328.0	16.0	16384.0	0.0	16.0	0.0	0.0	0.0	0.0	16.0	0.0
fixed	subdivided	16	8	2	15	-52.666666666666664	0.0	1.0	0.0	1.134734	1.1528832	1.134263	NA	0.0	3328.0	4.0	4096.0	48.0	142.0	0.0	0.0	0.0	0.0	16.0	0.0
fixed	subdivided	16	8	3	15	-52.666666666666664	0.0	1.0	0.0	1.148802	1.2411598666666668	1.148511	NA	0.0	3328.0	4.0	4096.0	48.0	142.0	0.0	0.0	0.0	0.0	16.0	0.0
fixed	subdivided	16	8	4	15	-52.666666666666664	0.0	1.0	0.0	1.457915	1.5593776	1.457164	NA	0.0	3328.0	16.0	16384.0	0.0	0.0	18.0	0.0	0.0	0.0	16.0	0.0
fixed	subdivided	16	8	5	15	-52.666666666666664	0.0	1.0	0.0	1.378469	1.4572872666666667	1.378218	NA	0.0	3328.0	16.0	16384.0	0.0	16.0	18.0	0.0	0.0	0.0	16.0	0.0
fixed	subdivided	16	8	6	15	-52.666666666666664	0.0	1.0	0.0	1.074717	1.1509994666666667	1.074337	NA	0.0	3328.0	4.0	4096.0	48.0	142.0	18.0	0.0	0.0	0.0	16.0	0.0
fixed	subdivided	16	8	7	15	-52.666666666666664	0.0	1.0	0.0	1.306698	1.2634262	1.306207	NA	0.0	3328.0	4.0	4096.0	48.0	142.0	18.0	0.0	0.0	0.0	16.0	0.0
fixed	subdivided	64	1	0	15	-192.66666666666666	0.05550254947714113	0.0	16.8	1.629352	1.5514160000000001	1.628881	NA	0.0	3456.0	64.0	8192.0	0.0	0.0	0.0	0.0	0.0	0.0	64.0	0.0
fixed	subdivided	64	1	1	15	-192.66666666666666	0.05550254947714113	0.0	16.8	1.449359	1.4691087333333332	1.449068	NA	0.0	3456.0	64.0	8192.0	0.0	64.0	0.0	0.0	0.0	0.0	64.0	0.0
fixed	subdivided	64	1	2	15	-219.73333333333332	-0.07718336593835687	1.0	0.5333333333333333	0.795665	0.7824832666666667	0.795304	NA	0.0	3328.0	16.0	2048.0	192.0	2008.0	0.0	0.0	0.0	0.0	64.0	0.0
fixed	subdivided	64	1	3	15	-219.73333333333332	-0.07718336593835687	1.0	0.5333333333333333	0.823782	0.8197698	0.823361	NA	0.0	3328.0	16.0	2048.0	192.0	2008.0	0.0	0.0	0.0	0.0	64.0	0.0
fixed	subdivided	64	1	4	15	-202.8	0.005895868197138615	0.4666666666666667	55.333333333333336	1.461926	1.5323322	1.461505	NA	0.0	3456.0	64.0	8192.0	0.0	0.0	230.4	2.2	0.0	10.133333333333333	64.0	149.33333333333334
fixed	subdivided	64	1	5	15	-202.8	0.005895868197138615	0.4666666666666667	55.333333333333336	1.506586	1.5171749333333333	1.506025	NA	0.0	3456.0	64.0	8192.0	0.0	64.0	230.4	2.2	0.0	10.133333333333333	64.0	149.33333333333334
fixed	subdivided	64	1	6	15	-219.73333333333332	-0.07718336593835687	1.0	0.5333333333333333	0.881829	0.9582755333333334	0.881338	NA	0.0	3328.0	16.0	2048.0	192.0	2008.0	72.0	0.0	0.0	0.0	64.0	0.0
fixed	subdivided	64	1	7	15	-219.73333333333332	-0.07718336593835687	1.0	0.5333333333333333	0.82749	0.8604774666666667	0.827129	NA	0.0	3328.0	16.0	2048.0	192.0	2008.0	72.0	0.0	0.0	0.0	64.0	0.0
fixed	subdivided	64	8	0	15	-206.8	-0.013751479011007142	0.7333333333333333	15.600000000000001	3.003056	3.214590333333333	3.002576	NA	0.0	3456.0	64.0	65536.0	0.0	0.0	0.0	0.0	0.0	0.0	64.0	0.0
fixed	subdivided	64	8	1	15	-206.8	-0.013751479011007142	0.7333333333333333	15.600000000000001	3.079803	3.2446089333333332	3.079522	NA	0.0	3456.0	64.0	65536.0	0.0	64.0	0.0	0.0	0.0	0.0	64.0	0.0
fixed	subdivided	64	8	2	15	-220.0	-0.07850684705494143	1.0	0.0	1.503617	1.4370666666666667	1.503376	NA	0.0	3328.0	16.0	16384.0	192.0	2008.0	0.0	0.0	0.0	0.0	64.0	0.0
fixed	subdivided	64	8	3	15	-220.0	-0.07850684705494143	1.0	0.0	1.430854	1.4903846666666667	1.430333	NA	0.0	3328.0	16.0	16384.0	192.0	2008.0	0.0	0.0	0.0	0.0	64.0	0.0
fixed	subdivided	64	8	4	15	-210.4	-0.03135517477078276	0.9333333333333333	21.2	2.926901	2.9264988	2.926551	NA	0.0	3456.0	64.0	65536.0	0.0	0.0	129.6	0.8	0.0	3.6	64.0	59.733333333333334
fixed	subdivided	64	8	5	15	-210.4	-0.03135517477078276	0.9333333333333333	21.2	2.84394	3.0532762666666664	2.843609	NA	0.0	3328.0	64.0	65536.0	0.0	64.0	129.6	0.8	0.0	3.6	64.0	59.733333333333334
fixed	subdivided	64	8	6	15	-220.0	-0.07850684705494143	1.0	0.0	1.51061	1.5217749333333332	1.51031	NA	0.0	3328.0	16.0	16384.0	192.0	2008.0	72.0	0.0	0.0	0.0	64.0	0.0
fixed	subdivided	64	8	7	15	-220.0	-0.07850684705494143	1.0	0.0	1.703569	1.6883046666666666	1.703162	NA	0.0	3328.0	16.0	16384.0	192.0	2008.0	72.0	0.0	0.0	0.0	64.0	0.0
fixed	subdivided	128	1	0	15	-367.53333333333336	0.04047022937526179	0.06666666666666667	111.6	2.890302	2.932048866666667	2.88946	NA	0.0	3456.0	128.0	16384.0	0.0	0.0	0.0	0.0	0.0	0.0	128.0	0.0
fixed	subdivided	128	1	1	15	-367.53333333333336	0.04047022937526179	0.06666666666666667	111.6	3.246857	3.1705004	3.246546	NA	0.0	3456.0	128.0	16384.0	0.0	128.0	0.0	0.0	0.0	0.0	128.0	0.0
fixed	subdivided	128	1	2	15	-419.53333333333336	-0.0955404135866412	1.0	1.4666666666666666	1.012881	1.0666012666666667	1.01231	NA	0.0	3328.0	32.0	4096.0	384.0	7856.0	0.0	0.0	0.0	0.0	128.0	0.0
fixed	subdivided	128	1	3	15	-419.53333333333336	-0.0955404135866412	1.0	1.4666666666666666	1.030611	0.983986	1.030141	NA	0.0	3328.0	32.0	4096.0	384.0	7856.0	0.0	0.0	0.0	0.0	128.0	0.0
fixed	subdivided	128	1	4	15	-388.73333333333335	-0.014941650278716695	0.8	71.33333333333333	3.218181	2.9993834666666666	3.217811	NA	0.0	3456.0	128.0	16384.0	0.0	0.0	729.6	4.066666666666666	0.0	21.2	128.0	580.2666666666667
fixed	subdivided	128	1	5	15	-388.73333333333335	-0.014941650278716695	0.8	71.33333333333333	2.70026	2.862253	2.699749	NA	0.0	3456.0	128.0	16384.0	0.0	128.0	729.6	4.066666666666666	0.0	21.2	128.0	580.2666666666667
fixed	subdivided	128	1	6	15	-419.53333333333336	-0.0955404135866412	1.0	1.4666666666666666	0.918969	1.0362781333333333	0.918608	NA	0.0	3328.0	32.0	4096.0	384.0	7856.0	144.0	0.0	0.0	0.0	128.0	0.0
fixed	subdivided	128	1	7	15	-419.53333333333336	-0.0955404135866412	1.0	1.4666666666666666	1.030487	1.0635745333333333	1.030196	NA	0.0	3328.0	32.0	4096.0	384.0	7856.0	144.0	0.0	0.0	0.0	128.0	0.0
fixed	subdivided	128	8	0	15	-385.53333333333336	-0.006615876561996006	0.6666666666666666	28.400000000000002	5.108098	5.0702704	5.107677	NA	0.0	3456.0	128.0	131072.0	0.0	0.0	0.0	0.0	0.0	0.0	128.0	0.0
fixed	subdivided	128	8	1	15	-385.53333333333336	-0.006615876561996006	0.6666666666666666	28.400000000000002	5.458381	5.251507733333334	5.4578	NA	0.0	3456.0	128.0	131072.0	0.0	128.0	0.0	0.0	0.0	0.0	128.0	0.0
fixed	subdivided	128	8	2	15	-422.46666666666664	-0.1032423152465703	1.0	0.26666666666666666	1.979789	2.0472542	1.979468	NA	0.0	3328.0	32.0	32768.0	384.0	7856.0	0.0	0.0	0.0	0.0	128.0	0.0
fixed	subdivided	128	8	3	15	-422.46666666666664	-0.1032423152465703	1.0	0.26666666666666666	2.035475	2.1568997333333333	2.034994	NA	0.0	3328.0	32.0	32768.0	384.0	7856.0	0.0	0.0	0.0	0.0	128.0	0.0
fixed	subdivided	128	8	4	15	-395.4	-0.032233192518685574	1.0	26.666666666666664	5.102043	5.0777778	5.101071	NA	0.0	3456.0	128.0	131072.0	0.0	0.0	403.2	1.8	0.0	9.866666666666667	128.0	281.6
fixed	subdivided	128	8	5	15	-395.4	-0.032233192518685574	1.0	26.666666666666664	4.755077	4.8643902	4.754787	NA	0.0	3456.0	128.0	131072.0	0.0	128.0	403.2	1.8	0.0	9.866666666666667	128.0	281.6
fixed	subdivided	128	8	6	15	-422.46666666666664	-0.1032423152465703	1.0	0.26666666666666666	2.131207	2.1551788	2.130706	NA	0.0	3328.0	32.0	32768.0	384.0	7856.0	144.0	0.0	0.0	0.0	128.0	0.0
fixed	subdivided	128	8	7	15	-422.46666666666664	-0.1032423152465703	1.0	0.26666666666666666	2.103003	2.0421916666666666	2.102693	NA	0.0	3328.0	32.0	32768.0	384.0	7856.0	144.0	0.0	0.0	0.0	128.0	0.0
wall	cycle	128	1	0	15	-356.73333333333335	0.011592316642927281	0.3333333333333333	24.933333333333334	101.38094	101.25350639999999	51.424782	79.34154746666667	0.096	3328.0	128.0	766771.2	0.0	0.0	0.0	0.0	0.0	0.0	5990.4	0.0
wall	cycle	128	1	1	15	-356.6	0.011972183689460994	0.3333333333333333	25.333333333333336	101.644934	101.5002968	38.05341	78.55478426666667	0.09866666666666667	3456.0	128.0	770048.0	0.0	128.0	0.0	0.0	0.0	0.0	6016.0	0.0
wall	cycle	128	1	2	15	-394.3333333333333	-0.09258342783317086	1.0	0.0	100.021167	100.02703226666667	0.637533	0.6619742666666667	0.1386666666666667	3328.0	2.0	590028.8	504.0	8129.0	0.0	0.0	0.0	0.0	295014.4	0.0
wall	cycle	128	1	3	15	-394.3333333333333	-0.09258342783317086	1.0	0.0	100.002017	100.00187113333334	0.092025	0.08520086666666667	0.094	2944.0	0.0	0.0	506.3333333333333	8384.0	0.0	0.0	0.0	0.0	3048900.2666666666	0.0
wall	cycle	128	1	4	15	-377.6666666666667	-0.04640491021786863	1.0	14.4	101.246274	101.10796133333334	53.957064	4.6817142	0.09533333333333333	3456.0	128.0	754756.2666666667	0.0	0.0	37461.333333333336	246.6	0.0	1323.4666666666667	5896.533333333334	34423.46666666667
wall	cycle	128	1	5	15	-377.6666666666667	-0.04640491021786863	1.0	14.4	101.08326	101.04774133333333	47.585605	4.5334791999999995	0.09466666666666666	3456.0	128.0	768955.7333333333	0.0	128.0	38178.13333333333	251.33333333333334	0.0	1354.9333333333334	6007.466666666666	35140.26666666667
wall	cycle	128	1	6	15	-394.3333333333333	-0.09258342783317086	1.0	0.0	100.021681	100.03536906666666	0.5669	0.5869145333333333	0.13933333333333334	3328.0	2.0	590984.5333333333	504.0	8129.0	295492.26666666666	0.0	0.0	0.0	295492.26666666666	0.0
wall	cycle	128	1	7	15	-394.3333333333333	-0.09258342783317086	1.0	0.0	100.004065	100.00478406666667	0.096884	0.09811	0.094	2944.0	0.0	0.0	506.3333333333333	8384.0	2198374.4	0.0	0.0	0.0	2198374.4	0.0
wall	dense	128	1	0	15	-2381.0666666666666	0.03566984050393609	0.0	1338.1333333333334	110.065196	109.3766504	64.904052	100.0	0.10333333333333333	5324.0	128.0	95027.2	0.0	0.0	0.0	0.0	0.0	0.0	742.4	0.0
wall	dense	128	1	1	15	-2381.0666666666666	0.03566984050393609	0.0	1338.1333333333334	110.619147	110.77438613333334	55.990379	100.0	0.10666666666666667	5400.0	128.0	93934.93333333333	0.0	128.0	0.0	0.0	0.0	0.0	733.8666666666667	0.0
wall	dense	128	1	2	15	-2381.0666666666666	0.03566984050393609	0.0	1338.1333333333334	110.388718	111.1974628	56.802957	100.0	0.108	5400.0	128.0	96119.46666666666	0.0	128.0	0.0	0.0	0.0	0.0	750.9333333333333	0.0
wall	dense	128	1	3	15	-2381.0666666666666	0.03566984050393609	0.0	1338.1333333333334	106.864444	109.63383786666667	62.199649	100.0	0.106	5528.0	128.0	93934.93333333333	0.0	128.0	0.0	0.0	0.0	0.0	733.8666666666667	0.0
wall	dense	128	1	4	15	-2404.6666666666665	0.026059148924769397	0.06666666666666667	1016.1333333333333	107.970234	108.93844253333333	55.097134	94.51823293333334	0.10533333333333333	5368.0	128.0	95027.2	0.0	0.0	53775.26666666667	7.4	0.0	246.26666666666668	742.4	3447.4666666666667
wall	dense	128	1	5	15	-2404.6666666666665	0.026059148924769397	0.06666666666666667	1016.1333333333333	109.733396	111.22636106666667	55.551023	95.03815233333333	0.10866666666666666	5488.0	128.0	96119.46666666666	0.0	128.0	54321.13333333333	7.466666666666667	0.0	247.46666666666667	750.9333333333333	3473.0666666666666
wall	dense	128	1	6	15	-2412.133333333333	0.02307248225810273	0.13333333333333333	1762.8	110.046367	109.85700666666666	64.179261	94.96182866666666	0.10666666666666667	5524.0	128.0	93934.93333333333	0.0	128.0	53796.333333333336	7.466666666666667	0.0	254.26666666666668	733.8666666666667	3515.733333333333
wall	dense	128	1	7	15	-2404.6666666666665	0.026059148924769397	0.06666666666666667	1016.1333333333333	111.486864	110.9732698	56.116925	94.5927508	0.10733333333333334	5400.0	128.0	93934.93333333333	0.0	128.0	52994.73333333333	7.266666666666667	0.0	241.6	733.8666666666667	3379.2
wall	field	128	1	0	15	-746.6666666666666	-0.009595357619705628	0.6666666666666666	121.86666666666667	102.404723	102.40716486666666	37.761624	56.582356866666665	0.09666666666666666	3584.0	128.0	530841.6	0.0	0.0	0.0	0.0	0.0	0.0	4147.2	0.0
wall	field	128	1	1	15	-745.2	-0.007514299207640238	0.6	146.79999999999998	101.707882	101.70665886666667	52.95202	69.85471393333333	0.09733333333333333	3584.0	126.66666666666667	520857.6	2.3333333333333335	153.0	0.0	0.0	0.0	0.0	4113.066666666667	0.0
wall	field	128	1	2	15	-748.4	-0.011837253485991482	0.8	95.60000000000001	101.617607	101.851605	42.826331	47.24221886666667	0.09666666666666666	3584.0	123.33333333333333	540185.6	18.666666666666668	428.0	0.0	0.0	0.0	0.0	4386.133333333333	0.0
wall	field	128	1	3	15	-750.4	-0.01465894713520258	0.8666666666666667	44.93333333333334	100.98877	101.0917442	48.970622	40.447413	0.09533333333333333	3584.0	121.66666666666667	552337.0666666667	22.333333333333332	471.3333333333333	0.0	0.0	0.0	0.0	4548.266666666666	0.0
wall	field	128	1	4	15	-766.9333333333333	-0.03670192430228113	1.0	26.400000000000002	101.577556	101.52376633333334	73.057335	14.679849	0.09533333333333334	3584.0	128.0	527564.8	0.0	0.0	52617.933333333334	105.2	0.0	1039.4666666666667	4121.6	22630.4
wall	field	128	1	5	15	-766.9333333333333	-0.036806539445989515	1.0	25.333333333333336	101.592044	101.58835926666667	55.223867	11.8931338	0.09333333333333334	3584.0	126.66666666666667	546781.8666666667	2.3333333333333335	153.0	55757.6	111.8	0.0	1083.6	4317.866666666667	24217.6
wall	field	128	1	6	15	-767.3333333333334	-0.037247905406587255	1.0	36.800000000000004	101.219314	101.37796993333333	45.683608	11.6323918	0.096	3712.0	123.33333333333333	533666.1333333333	18.666666666666668	428.0	53363.8	106.0	0.0	1042.6666666666667	4334.933333333333	23176.533333333333
wall	field	128	1	7	15	-766.5333333333333	-0.036129039781241074	1.0	42.53333333333333	101.479799	101.78974586666666	44.727485	12.841960933333333	0.096	3584.0	121.66666666666667	536900.2666666667	22.333333333333332	471.3333333333333	52753.8	103.4	0.0	1002.0	4420.266666666666	22237.866666666665
wall	sparse	128	1	0	15	-711.7333333333333	-0.013066043295297002	0.6	125.6	102.809421	102.65776926666666	48.012979	58.947465	0.09666666666666666	3584.0	128.0	469674.6666666667	0.0	0.0	0.0	0.0	0.0	0.0	3669.3333333333335	0.0
wall	sparse	128	1	1	15	-714.0	-0.016568360495576154	0.7333333333333333	128.4	101.218205	101.3468076	33.534346	50.88500273333333	0.096	3584.0	126.66666666666667	514423.4666666667	2.3333333333333335	153.0	0.0	0.0	0.0	0.0	4061.866666666667	0.0
wall	sparse	128	1	2	15	-713.0666666666667	-0.015422334842096045	0.7333333333333333	56.53333333333334	101.47294	101.34153226666668	68.829835	51.569939133333335	0.09466666666666666	3584.0	123.33333333333333	466884.26666666666	18.666666666666668	428.0	0.0	0.0	0.0	0.0	3788.8	0.0
wall	sparse	128	1	3	15	-712.2666666666667	-0.014206215593189912	0.7333333333333333	89.73333333333333	101.683134	101.66276853333333	51.65923	40.870972466666665	0.09733333333333333	3584.0	121.66666666666667	523374.93333333335	22.333333333333332	471.3333333333333	0.0	0.0	0.0	0.0	4309.333333333333	0.0
wall	sparse	128	1	4	15	-739.8666666666667	-0.053553070116173204	1.0	33.6	101.444873	101.22369573333333	46.361665	14.018202333333333	0.09733333333333333	3584.0	128.0	477320.5333333333	0.0	0.0	48575.666666666664	97.33333333333333	0.0	928.8	3729.0666666666666	20992.0
wall	sparse	128	1	5	15	-740.2666666666667	-0.054144719888150845	1.0	40.93333333333334	101.780266	101.76065406666666	23.93308	11.664564333333333	0.09333333333333332	3584.0	126.66666666666667	522001.06666666665	2.3333333333333335	153.0	51839.6	103.0	0.0	980.9333333333333	4121.6	22348.8
wall	sparse	128	1	6	15	-737.7333333333333	-0.05062400389102826	1.0	39.599999999999994	101.077864	101.75215180000001	68.144991	20.6508726	0.09533333333333333	3712.0	123.33333333333333	470169.6	18.666666666666668	428.0	45794.13333333333	89.6	0.0	863.2	3814.4	19925.333333333332
wall	sparse	128	1	7	15	-735.4666666666667	-0.047225075901936336	1.0	63.6	101.326829	101.4410868	70.739647	20.515826666666666	0.09533333333333333	3584.0	121.66666666666667	507869.86666666664	22.333333333333332	471.3333333333333	49657.333333333336	97.06666666666666	0.0	904.5333333333333	4181.333333333333	20753.066666666666
wall	subdivided	128	1	0	15	-390.8666666666667	-0.020646871669804043	0.8666666666666667	47.733333333333334	100.627246	100.7909112	29.861429	33.241488333333336	0.09666666666666666	3456.0	128.0	700142.9333333333	0.0	0.0	0.0	0.0	0.0	0.0	5469.866666666667	0.0
wall	subdivided	128	1	1	15	-391.0	-0.020989630881457857	0.8666666666666667	46.8	101.155903	101.07132013333333	32.772797	32.480390533333335	0.09533333333333333	3456.0	128.0	702327.4666666667	0.0	128.0	0.0	0.0	0.0	0.0	5486.933333333333	0.0
wall	subdivided	128	1	2	15	-423.0	-0.10461335209318555	1.0	0.0	100.206704	100.25242866666667	2.527421	1.0342166	0.09866666666666667	3456.0	32.0	826026.6666666666	384.0	7856.0	0.0	0.0	0.0	0.0	25813.333333333332	0.0
wall	subdivided	128	1	3	15	-423.0	-0.10461335209318555	1.0	0.0	100.349978	100.3328164	2.746763	1.0604975333333333	0.10066666666666667	3456.0	32.0	854425.6	384.0	7856.0	0.0	0.0	0.0	0.0	26700.8	0.0
wall	subdivided	128	1	4	15	-405.26666666666665	-0.05824217019524858	1.0	10.933333333333334	101.407575	101.29052046666666	49.944999	3.945446	0.096	3456.0	128.0	707788.8	0.0	0.0	26457.6	140.53333333333333	0.0	830.1333333333333	5529.6	21077.333333333332
wall	subdivided	128	1	5	15	-405.4	-0.05858492940690239	1.0	10.266666666666666	101.131359	101.4051418	52.135625	4.1123456	0.092	3456.0	128.0	705604.2666666667	0.0	128.0	26256.0	139.26666666666668	0.0	826.5333333333333	5512.533333333334	20898.133333333335
wall	subdivided	128	1	6	15	-423.0	-0.10461335209318555	1.0	0.0	100.221944	100.2374022	3.065099	1.1056098	0.09933333333333334	3328.0	32.0	830941.8666666667	384.0	7856.0	29212.8	0.0	0.0	0.0	25966.933333333334	0.0
wall	subdivided	128	1	7	15	-423.0	-0.10461335209318555	1.0	0.0	100.219489	100.25729993333333	2.499493	1.0199798666666666	0.10066666666666667	3456.0	32.0	834491.7333333333	384.0	7856.0	29337.6	0.0	0.0	0.0	26077.866666666665	0.0
