family	n	instance_seed	fingerprint	target	state	target_kind	target_build_ms
cycle	16	1101	5b143e9537e14301	-48	1110011101101110	optimum	6.654341
cycle	16	1102	67ca98647ea56a58	-48	0111010001001000	optimum	7.981062
cycle	16	1103	ddb0b7ff576688cd	-54	1101110001001010	optimum	6.937891
cycle	64	1101	46903f47e5257761	-178	0001100001110001110111110110110000110011110100111001111101001011	feasible_reference	14.840420
cycle	64	1102	f80c182cea38c0e4	-190	0111010001001001000001011111111011100111101011101110110101010010	feasible_reference	12.924463
cycle	64	1103	26603cb01d37cf4d	-185	1110001110110101010111111100100110100011100011001110111101001000	feasible_reference	13.212576
cycle	128	1101	b6a5fcba8fd52824	-361	00011000011011100001000010101100001100111101001110011110101101001000001100100011010000000000110011011110100011000100000000001011	feasible_reference	21.037866
cycle	128	1102	81fcddbe6d70cdc0	-371	01110100010010010011101000011110111111111010100011101010101011010110101011111001100111001110011010011011001110011001011011011011	feasible_reference	21.456159
cycle	128	1103	c9ce0ab50bb0e2fc	-351	11011100010010101110001111001001110000000111001100010000101010011111111001111100100100010001100111011101110011000110100100011010	feasible_reference	21.982795
subdivided	16	1101	e1ca8330cc522c3d	-53	0011011100011100	optimum	6.222148
subdivided	16	1102	4e67482b0bbffa5d	-53	0001100100101000	optimum	4.697632
subdivided	16	1103	cdaec7ffe7e024ec	-52	0010011001010110	optimum	5.967618
subdivided	64	1101	acf6d0bc41733e89	-200	0110110011100100001000010011000010100111111001000110111111111010	feasible_reference	13.262781
subdivided	64	1102	d301f7127f161384	-203	1100101001100100010011010101011010011010011111101001100010010110	feasible_reference	16.575488
subdivided	64	1103	cad292ae0e3e8b85	-209	0001100110011101011111010000000010010111011100011100110011110011	feasible_reference	18.348974
subdivided	128	1101	b62c19e7782c2749	-387	10101001001110000001111100011101110010011111000010101000011101111111011011111100000000110100101100000010100001100110011000111001	feasible_reference	23.795079
subdivided	128	1102	bf5dce326edb411d	-389	01100001010111100010010110000111100100000110101101110111000000010001001010111101010110100101010000010001101100101110110000101010	feasible_reference	22.925027
subdivided	128	1103	a629820d26ea228d	-373	10110001101000100001001101010011110101100100100111110111011101011110000111011110100011011110011001000010110001110111111100010010	feasible_reference	22.954846
sparse	16	1101	8ebfc82b60ed3969	-92	1010100000001000	optimum	7.334291
sparse	16	1102	3a9b28271b6cfe3a	-84	1110110000100010	optimum	6.828672
sparse	16	1103	a336b4f5e9e57324	-76	1000011001000000	optimum	7.109558
sparse	64	1101	e1852d28203e511e	-358	0010000000010100101001011010000111011011011011110001111011010110	feasible_reference	19.623089
sparse	64	1102	d40e670611ea565b	-336	1000111110101010010000001001101111110011100101101100001101001110	feasible_reference	16.399698
sparse	64	1103	859cbc204744f55e	-340	0000001011000110000001011101010110100111100011010101001100011101	feasible_reference	16.574595
sparse	128	1101	e0568b698ab618b1	-773	11001101100110101111000100010100000110000101000001000010111001110111010100111100001100100100010011001111000010010000100001111011	feasible_reference	27.118672
sparse	128	1102	dcf02e9d71c2d7cd	-671	01101100101101000101111011110111011011101111001110111111100001101001010000110101000111111100010100000110010001100100000001010110	feasible_reference	30.489623
sparse	128	1103	4b0f67179942be9b	-666	00111011101111011001100101011110111110001011111010011111010001110100100110100100100011001011010101111011100001101000111111011011	feasible_reference	27.291540
dense	16	1101	93404faeac2d3a6e	-88	1101101001001110	optimum	9.053584
dense	16	1102	5ec9d53d7d39cb38	-99	1100010000101000	optimum	8.147750
dense	16	1103	2ddd2e7196a17b19	-115	0111111111011000	optimum	9.098169
dense	64	1101	c8751dcc4fa2626d	-825	0101110110001010100001110101000000111110110110111111111000001000	feasible_reference	27.720282
dense	64	1102	9197e1e44e2ae490	-880	0011111111110010011000001010100000010111010100110001011011011110	feasible_reference	26.312894
dense	64	1103	86de2647602194eb	-839	0100011011110110101111010010001001000010000010100110111111100011	feasible_reference	22.954962
dense	128	1101	75e3c20b43a16369	-2500	10111110110001010110000100100011111011110010101110111111100001111010100001001111010001111010111101001101110000000100011100110111	feasible_reference	110.978321
dense	128	1102	1f27aaddf7d3bfb2	-2434	11110110111110100001111100011000110000101001101100010010011001100011110000111000010011001111010111000111010000110001011010000100	feasible_reference	86.590208
dense	128	1103	b76e0becc1831648	-2474	00100111110101011110110011100000001001111111110101010100101000100010000011011010100100011100001001101011010111000111110011011011	feasible_reference	100.198362
field	16	1101	80532c98e2316c29	-94	1010100000001000	optimum	9.854056
field	16	1102	71d47f9eb0500fba	-88	1110110000100010	optimum	9.461140
field	16	1103	95c0c73f8818b649	-89	0111100110111111	optimum	7.403855
field	64	1101	60c843d0fb479633	-379	0010000000010100101001011010000111011011011011110001011011010110	feasible_reference	14.226650
field	64	1102	6b1e3dbc378f949e	-345	1000010011101000011000001101000101010011100101100100001111001110	feasible_reference	20.027906
field	64	1103	e9d3ec524eb09b1e	-340	0010101011010110001001011000010110000111110000000101101100111101	feasible_reference	21.308358
field	128	1101	2dff7a0fddcbddd4	-798	01100010100101101100011110101101101011110111111110101110010110010111010011011011100101111111110010001000110101001001001110001101	feasible_reference	24.771462
field	128	1102	719337b7cc34be08	-708	11010000001010001110001001111000001001011110110101000111011110000001010011011101100001001100001101010111000001001000101010111100	feasible_reference	32.182762
field	128	1103	52dc471203be08fb	-714	11100001011000101000001100011111011110100001111110111000010001101010110010000100100111101110000000110111001101001101100110010011	feasible_reference	35.281985
