pair	instance	sweeps	seed	control_energy	candidate_energy	relative_gain
synthesis	G1	50	401	-11562.00000000000000000	-11573.00000000000000000	0.00095139249264833
synthesis	G1	50	402	-11546.00000000000000000	-11552.00000000000000000	0.00051966048848086
synthesis	G1	50	403	-11549.00000000000000000	-11557.00000000000000000	0.00069270066672439
synthesis	G1	200	401	-11594.00000000000000000	-11598.00000000000000000	0.00034500603760566
synthesis	G1	200	402	-11554.00000000000000000	-11555.00000000000000000	0.00008655011251515
synthesis	G1	200	403	-11579.00000000000000000	-11586.00000000000000000	0.00060454270662406
synthesis	G1	800	401	-11597.00000000000000000	-11607.00000000000000000	0.00086229197206174
synthesis	G1	800	402	-11570.00000000000000000	-11587.00000000000000000	0.00146931719965428
synthesis	G1	800	403	-11605.00000000000000000	-11610.00000000000000000	0.00043084877208100
synthesis	G1	3200	401	-11610.00000000000000000	-11615.00000000000000000	0.00043066322136090
synthesis	G1	3200	402	-11582.00000000000000000	-11582.00000000000000000	0.00000000000000000
synthesis	G1	3200	403	-11611.00000000000000000	-11618.00000000000000000	0.00060287658255103
memory_form	G1	50	401	-11521.00000000000000000	-11479.00000000000000000	-0.00364551688221509
memory_form	G1	50	402	-11517.00000000000000000	-11520.00000000000000000	0.00026048450117218
memory_form	G1	50	403	-11504.00000000000000000	-11512.00000000000000000	0.00069541029207232
memory_form	G1	200	401	-11551.00000000000000000	-11519.00000000000000000	-0.00277032291576487
memory_form	G1	200	402	-11544.00000000000000000	-11537.00000000000000000	-0.00060637560637561
memory_form	G1	200	403	-11561.00000000000000000	-11554.00000000000000000	-0.00060548395467520
memory_form	G1	800	401	-11559.00000000000000000	-11570.00000000000000000	0.00095163941517432
memory_form	G1	800	402	-11566.00000000000000000	-11568.00000000000000000	0.00017292062943109
memory_form	G1	800	403	-11568.00000000000000000	-11602.00000000000000000	0.00293914246196404
memory_form	G1	3200	401	-11578.00000000000000000	-11578.00000000000000000	0.00000000000000000
memory_form	G1	3200	402	-11591.00000000000000000	-11599.00000000000000000	0.00069019066517125
memory_form	G1	3200	403	-11580.00000000000000000	-11572.00000000000000000	-0.00069084628670121
synthesis	G11	50	401	-552.00000000000000000	-552.00000000000000000	0.00000000000000000
synthesis	G11	50	402	-550.00000000000000000	-550.00000000000000000	0.00000000000000000
synthesis	G11	50	403	-550.00000000000000000	-552.00000000000000000	0.00363636363636364
synthesis	G11	200	401	-556.00000000000000000	-556.00000000000000000	0.00000000000000000
synthesis	G11	200	402	-554.00000000000000000	-554.00000000000000000	0.00000000000000000
synthesis	G11	200	403	-554.00000000000000000	-554.00000000000000000	0.00000000000000000
synthesis	G11	800	401	-556.00000000000000000	-556.00000000000000000	0.00000000000000000
synthesis	G11	800	402	-560.00000000000000000	-560.00000000000000000	0.00000000000000000
synthesis	G11	800	403	-560.00000000000000000	-560.00000000000000000	0.00000000000000000
synthesis	G11	3200	401	-560.00000000000000000	-560.00000000000000000	0.00000000000000000
synthesis	G11	3200	402	-560.00000000000000000	-562.00000000000000000	0.00357142857142857
synthesis	G11	3200	403	-558.00000000000000000	-560.00000000000000000	0.00358422939068100
memory_form	G11	50	401	-538.00000000000000000	-538.00000000000000000	0.00000000000000000
memory_form	G11	50	402	-532.00000000000000000	-538.00000000000000000	0.01127819548872180
memory_form	G11	50	403	-538.00000000000000000	-542.00000000000000000	0.00743494423791822
memory_form	G11	200	401	-552.00000000000000000	-556.00000000000000000	0.00724637681159420
memory_form	G11	200	402	-552.00000000000000000	-556.00000000000000000	0.00724637681159420
memory_form	G11	200	403	-552.00000000000000000	-552.00000000000000000	0.00000000000000000
memory_form	G11	800	401	-556.00000000000000000	-558.00000000000000000	0.00359712230215827
memory_form	G11	800	402	-558.00000000000000000	-558.00000000000000000	0.00000000000000000
memory_form	G11	800	403	-556.00000000000000000	-562.00000000000000000	0.01079136690647482
memory_form	G11	3200	401	-560.00000000000000000	-562.00000000000000000	0.00357142857142857
memory_form	G11	3200	402	-558.00000000000000000	-560.00000000000000000	0.00358422939068100
memory_form	G11	3200	403	-556.00000000000000000	-558.00000000000000000	0.00359712230215827
synthesis	G12	50	401	-544.00000000000000000	-544.00000000000000000	0.00000000000000000
synthesis	G12	50	402	-548.00000000000000000	-550.00000000000000000	0.00364963503649635
synthesis	G12	50	403	-542.00000000000000000	-542.00000000000000000	0.00000000000000000
synthesis	G12	200	401	-548.00000000000000000	-548.00000000000000000	0.00000000000000000
synthesis	G12	200	402	-546.00000000000000000	-548.00000000000000000	0.00366300366300366
synthesis	G12	200	403	-554.00000000000000000	-554.00000000000000000	0.00000000000000000
synthesis	G12	800	401	-554.00000000000000000	-554.00000000000000000	0.00000000000000000
synthesis	G12	800	402	-552.00000000000000000	-552.00000000000000000	0.00000000000000000
synthesis	G12	800	403	-554.00000000000000000	-554.00000000000000000	0.00000000000000000
synthesis	G12	3200	401	-554.00000000000000000	-554.00000000000000000	0.00000000000000000
synthesis	G12	3200	402	-554.00000000000000000	-554.00000000000000000	0.00000000000000000
synthesis	G12	3200	403	-554.00000000000000000	-554.00000000000000000	0.00000000000000000
memory_form	G12	50	401	-532.00000000000000000	-536.00000000000000000	0.00751879699248120
memory_form	G12	50	402	-532.00000000000000000	-534.00000000000000000	0.00375939849624060
memory_form	G12	50	403	-532.00000000000000000	-536.00000000000000000	0.00751879699248120
memory_form	G12	200	401	-546.00000000000000000	-546.00000000000000000	0.00000000000000000
memory_form	G12	200	402	-544.00000000000000000	-542.00000000000000000	-0.00367647058823529
memory_form	G12	200	403	-542.00000000000000000	-542.00000000000000000	0.00000000000000000
memory_form	G12	800	401	-550.00000000000000000	-546.00000000000000000	-0.00727272727272727
memory_form	G12	800	402	-550.00000000000000000	-546.00000000000000000	-0.00727272727272727
memory_form	G12	800	403	-550.00000000000000000	-548.00000000000000000	-0.00363636363636364
memory_form	G12	3200	401	-550.00000000000000000	-550.00000000000000000	0.00000000000000000
memory_form	G12	3200	402	-550.00000000000000000	-552.00000000000000000	0.00363636363636364
memory_form	G12	3200	403	-552.00000000000000000	-552.00000000000000000	0.00000000000000000
synthesis	G13	50	401	-572.00000000000000000	-572.00000000000000000	0.00000000000000000
synthesis	G13	50	402	-572.00000000000000000	-572.00000000000000000	0.00000000000000000
synthesis	G13	50	403	-572.00000000000000000	-572.00000000000000000	0.00000000000000000
synthesis	G13	200	401	-572.00000000000000000	-576.00000000000000000	0.00699300699300699
synthesis	G13	200	402	-572.00000000000000000	-572.00000000000000000	0.00000000000000000
synthesis	G13	200	403	-572.00000000000000000	-574.00000000000000000	0.00349650349650350
synthesis	G13	800	401	-576.00000000000000000	-576.00000000000000000	0.00000000000000000
synthesis	G13	800	402	-576.00000000000000000	-576.00000000000000000	0.00000000000000000
synthesis	G13	800	403	-574.00000000000000000	-574.00000000000000000	0.00000000000000000
synthesis	G13	3200	401	-576.00000000000000000	-578.00000000000000000	0.00347222222222222
synthesis	G13	3200	402	-574.00000000000000000	-576.00000000000000000	0.00348432055749129
synthesis	G13	3200	403	-576.00000000000000000	-576.00000000000000000	0.00000000000000000
memory_form	G13	50	401	-554.00000000000000000	-558.00000000000000000	0.00722021660649820
memory_form	G13	50	402	-560.00000000000000000	-560.00000000000000000	0.00000000000000000
memory_form	G13	50	403	-558.00000000000000000	-560.00000000000000000	0.00358422939068100
memory_form	G13	200	401	-570.00000000000000000	-568.00000000000000000	-0.00350877192982456
memory_form	G13	200	402	-570.00000000000000000	-564.00000000000000000	-0.01052631578947368
memory_form	G13	200	403	-568.00000000000000000	-568.00000000000000000	0.00000000000000000
memory_form	G13	800	401	-572.00000000000000000	-572.00000000000000000	0.00000000000000000
memory_form	G13	800	402	-572.00000000000000000	-574.00000000000000000	0.00349650349650350
memory_form	G13	800	403	-572.00000000000000000	-570.00000000000000000	-0.00349650349650350
memory_form	G13	3200	401	-578.00000000000000000	-578.00000000000000000	0.00000000000000000
memory_form	G13	3200	402	-574.00000000000000000	-578.00000000000000000	0.00696864111498258
memory_form	G13	3200	403	-578.00000000000000000	-578.00000000000000000	0.00000000000000000
synthesis	G14	50	401	-3036.00000000000000000	-3038.00000000000000000	0.00065876152832675
synthesis	G14	50	402	-3028.00000000000000000	-3031.00000000000000000	0.00099075297225892
synthesis	G14	50	403	-3033.00000000000000000	-3034.00000000000000000	0.00032970656116057
synthesis	G14	200	401	-3034.00000000000000000	-3041.00000000000000000	0.00230718523401450
synthesis	G14	200	402	-3033.00000000000000000	-3038.00000000000000000	0.00164853280580284
synthesis	G14	200	403	-3037.00000000000000000	-3038.00000000000000000	0.00032927230819888
synthesis	G14	800	401	-3039.00000000000000000	-3039.00000000000000000	0.00000000000000000
synthesis	G14	800	402	-3042.00000000000000000	-3042.00000000000000000	0.00000000000000000
synthesis	G14	800	403	-3040.00000000000000000	-3040.00000000000000000	0.00000000000000000
synthesis	G14	3200	401	-3044.00000000000000000	-3044.00000000000000000	0.00000000000000000
synthesis	G14	3200	402	-3045.00000000000000000	-3045.00000000000000000	0.00000000000000000
synthesis	G14	3200	403	-3041.00000000000000000	-3042.00000000000000000	0.00032883919763236
memory_form	G14	50	401	-3017.00000000000000000	-3020.00000000000000000	0.00099436526350679
memory_form	G14	50	402	-3015.00000000000000000	-3024.00000000000000000	0.00298507462686567
memory_form	G14	50	403	-3015.00000000000000000	-3019.00000000000000000	0.00132669983416252
memory_form	G14	200	401	-3026.00000000000000000	-3028.00000000000000000	0.00066093853271646
memory_form	G14	200	402	-3023.00000000000000000	-3026.00000000000000000	0.00099239166391002
memory_form	G14	200	403	-3027.00000000000000000	-3026.00000000000000000	-0.00033036009250083
memory_form	G14	800	401	-3032.00000000000000000	-3033.00000000000000000	0.00032981530343008
memory_form	G14	800	402	-3036.00000000000000000	-3037.00000000000000000	0.00032938076416337
memory_form	G14	800	403	-3037.00000000000000000	-3034.00000000000000000	-0.00098781692459664
memory_form	G14	3200	401	-3040.00000000000000000	-3044.00000000000000000	0.00131578947368421
memory_form	G14	3200	402	-3040.00000000000000000	-3040.00000000000000000	0.00000000000000000
memory_form	G14	3200	403	-3050.00000000000000000	-3035.00000000000000000	-0.00491803278688525
synthesis	G15	50	401	-2998.00000000000000000	-3012.00000000000000000	0.00466977985323549
synthesis	G15	50	402	-2998.00000000000000000	-3009.00000000000000000	0.00366911274182789
synthesis	G15	50	403	-2995.00000000000000000	-3001.00000000000000000	0.00200333889816361
synthesis	G15	200	401	-3006.00000000000000000	-3008.00000000000000000	0.00066533599467731
synthesis	G15	200	402	-3002.00000000000000000	-3009.00000000000000000	0.00233177881412392
synthesis	G15	200	403	-3008.00000000000000000	-3013.00000000000000000	0.00166223404255319
synthesis	G15	800	401	-3025.00000000000000000	-3029.00000000000000000	0.00132231404958678
synthesis	G15	800	402	-3017.00000000000000000	-3018.00000000000000000	0.00033145508783560
synthesis	G15	800	403	-3022.00000000000000000	-3024.00000000000000000	0.00066181336863005
synthesis	G15	3200	401	-3029.00000000000000000	-3036.00000000000000000	0.00231099372730274
synthesis	G15	3200	402	-3019.00000000000000000	-3023.00000000000000000	0.00132494203378602
synthesis	G15	3200	403	-3028.00000000000000000	-3028.00000000000000000	0.00000000000000000
memory_form	G15	50	401	-3003.00000000000000000	-2999.00000000000000000	-0.00133200133200133
memory_form	G15	50	402	-3007.00000000000000000	-2992.00000000000000000	-0.00498836049218490
memory_form	G15	50	403	-2994.00000000000000000	-3001.00000000000000000	0.00233800935203741
memory_form	G15	200	401	-3005.00000000000000000	-3006.00000000000000000	0.00033277870216306
memory_form	G15	200	402	-3013.00000000000000000	-2998.00000000000000000	-0.00497842681712579
memory_form	G15	200	403	-3010.00000000000000000	-3004.00000000000000000	-0.00199335548172757
memory_form	G15	800	401	-3017.00000000000000000	-3014.00000000000000000	-0.00099436526350679
memory_form	G15	800	402	-3026.00000000000000000	-3016.00000000000000000	-0.00330469266358229
memory_form	G15	800	403	-3019.00000000000000000	-3013.00000000000000000	-0.00198741305067903
memory_form	G15	3200	401	-3028.00000000000000000	-3021.00000000000000000	-0.00231175693527081
memory_form	G15	3200	402	-3024.00000000000000000	-3023.00000000000000000	-0.00033068783068783
memory_form	G15	3200	403	-3024.00000000000000000	-3020.00000000000000000	-0.00132275132275132
synthesis	G16	50	401	-3008.00000000000000000	-3010.00000000000000000	0.00066489361702128
synthesis	G16	50	402	-3011.00000000000000000	-3012.00000000000000000	0.00033211557622052
synthesis	G16	50	403	-3012.00000000000000000	-3012.00000000000000000	0.00000000000000000
synthesis	G16	200	401	-3013.00000000000000000	-3015.00000000000000000	0.00066379024228344
synthesis	G16	200	402	-3020.00000000000000000	-3022.00000000000000000	0.00066225165562914
synthesis	G16	200	403	-3015.00000000000000000	-3017.00000000000000000	0.00066334991708126
synthesis	G16	800	401	-3025.00000000000000000	-3027.00000000000000000	0.00066115702479339
synthesis	G16	800	402	-3024.00000000000000000	-3027.00000000000000000	0.00099206349206349
synthesis	G16	800	403	-3025.00000000000000000	-3027.00000000000000000	0.00066115702479339
synthesis	G16	3200	401	-3024.00000000000000000	-3026.00000000000000000	0.00066137566137566
synthesis	G16	3200	402	-3026.00000000000000000	-3030.00000000000000000	0.00132187706543291
synthesis	G16	3200	403	-3031.00000000000000000	-3033.00000000000000000	0.00065984823490597
memory_form	G16	50	401	-3006.00000000000000000	-3000.00000000000000000	-0.00199600798403194
memory_form	G16	50	402	-2995.00000000000000000	-2996.00000000000000000	0.00033388981636060
memory_form	G16	50	403	-3003.00000000000000000	-2998.00000000000000000	-0.00166500166500167
memory_form	G16	200	401	-3013.00000000000000000	-3012.00000000000000000	-0.00033189512114172
memory_form	G16	200	402	-3012.00000000000000000	-3008.00000000000000000	-0.00132802124833997
memory_form	G16	200	403	-3012.00000000000000000	-3012.00000000000000000	0.00000000000000000
memory_form	G16	800	401	-3024.00000000000000000	-3026.00000000000000000	0.00066137566137566
memory_form	G16	800	402	-3029.00000000000000000	-3021.00000000000000000	-0.00264113568834599
memory_form	G16	800	403	-3023.00000000000000000	-3021.00000000000000000	-0.00066159444260668
memory_form	G16	3200	401	-3030.00000000000000000	-3029.00000000000000000	-0.00033003300330033
memory_form	G16	3200	402	-3028.00000000000000000	-3030.00000000000000000	0.00066050198150594
memory_form	G16	3200	403	-3026.00000000000000000	-3029.00000000000000000	0.00099140779907469
synthesis	G2	50	401	-11540.00000000000000000	-11544.00000000000000000	0.00034662045060659
synthesis	G2	50	402	-11535.00000000000000000	-11548.00000000000000000	0.00112700476809710
synthesis	G2	50	403	-11549.00000000000000000	-11551.00000000000000000	0.00017317516668110
synthesis	G2	200	401	-11583.00000000000000000	-11590.00000000000000000	0.00060433393766727
synthesis	G2	200	402	-11568.00000000000000000	-11572.00000000000000000	0.00034578146611342
synthesis	G2	200	403	-11551.00000000000000000	-11555.00000000000000000	0.00034629036447061
synthesis	G2	800	401	-11590.00000000000000000	-11597.00000000000000000	0.00060396893874029
synthesis	G2	800	402	-11583.00000000000000000	-11591.00000000000000000	0.00069066735733402
synthesis	G2	800	403	-11587.00000000000000000	-11592.00000000000000000	0.00043151808060758
synthesis	G2	3200	401	-11601.00000000000000000	-11602.00000000000000000	0.00008619946556331
synthesis	G2	3200	402	-11579.00000000000000000	-11596.00000000000000000	0.00146817514465843
synthesis	G2	3200	403	-11588.00000000000000000	-11593.00000000000000000	0.00043148084225060
memory_form	G2	50	401	-11540.00000000000000000	-11507.00000000000000000	-0.00285961871750433
memory_form	G2	50	402	-11512.00000000000000000	-11525.00000000000000000	0.00112925642807505
memory_form	G2	50	403	-11532.00000000000000000	-11496.00000000000000000	-0.00312174817898023
memory_form	G2	200	401	-11572.00000000000000000	-11550.00000000000000000	-0.00190114068441065
memory_form	G2	200	402	-11553.00000000000000000	-11548.00000000000000000	-0.00043278802042759
memory_form	G2	200	403	-11552.00000000000000000	-11553.00000000000000000	0.00008656509695291
memory_form	G2	800	401	-11608.00000000000000000	-11570.00000000000000000	-0.00327360441075121
memory_form	G2	800	402	-11564.00000000000000000	-11593.00000000000000000	0.00250778277412660
memory_form	G2	800	403	-11566.00000000000000000	-11582.00000000000000000	0.00138336503544873
memory_form	G2	3200	401	-11607.00000000000000000	-11578.00000000000000000	-0.00249849228913587
memory_form	G2	3200	402	-11566.00000000000000000	-11594.00000000000000000	0.00242088881203528
memory_form	G2	3200	403	-11583.00000000000000000	-11586.00000000000000000	0.00025900025900026
synthesis	G22	50	401	-13169.00000000000000000	-13215.00000000000000000	0.00349305186422659
synthesis	G22	50	402	-13208.00000000000000000	-13214.00000000000000000	0.00045427013930951
synthesis	G22	50	403	-13173.00000000000000000	-13181.00000000000000000	0.00060730281636681
synthesis	G22	200	401	-13245.00000000000000000	-13275.00000000000000000	0.00226500566251416
synthesis	G22	200	402	-13260.00000000000000000	-13270.00000000000000000	0.00075414781297134
synthesis	G22	200	403	-13222.00000000000000000	-13255.00000000000000000	0.00249584026622296
synthesis	G22	800	401	-13292.00000000000000000	-13301.00000000000000000	0.00067709900692146
synthesis	G22	800	402	-13267.00000000000000000	-13275.00000000000000000	0.00060299992462501
synthesis	G22	800	403	-13280.00000000000000000	-13284.00000000000000000	0.00030120481927711
synthesis	G22	3200	401	-13288.00000000000000000	-13296.00000000000000000	0.00060204695966285
synthesis	G22	3200	402	-13307.00000000000000000	-13321.00000000000000000	0.00105207785376118
synthesis	G22	3200	403	-13314.00000000000000000	-13322.00000000000000000	0.00060087126333183
memory_form	G22	50	401	-13122.00000000000000000	-13117.00000000000000000	-0.00038103947568968
memory_form	G22	50	402	-13186.00000000000000000	-13107.00000000000000000	-0.00599120279083877
memory_form	G22	50	403	-13144.00000000000000000	-13099.00000000000000000	-0.00342361533779671
memory_form	G22	200	401	-13186.00000000000000000	-13222.00000000000000000	0.00273016836038222
memory_form	G22	200	402	-13215.00000000000000000	-13222.00000000000000000	0.00052970109723799
memory_form	G22	200	403	-13186.00000000000000000	-13164.00000000000000000	-0.00166843622023358
memory_form	G22	800	401	-13262.00000000000000000	-13264.00000000000000000	0.00015080681646810
memory_form	G22	800	402	-13253.00000000000000000	-13243.00000000000000000	-0.00075454614049649
memory_form	G22	800	403	-13249.00000000000000000	-13245.00000000000000000	-0.00030190957808136
memory_form	G22	3200	401	-13286.00000000000000000	-13295.00000000000000000	0.00067740478699383
memory_form	G22	3200	402	-13290.00000000000000000	-13281.00000000000000000	-0.00067720090293454
memory_form	G22	3200	403	-13303.00000000000000000	-13255.00000000000000000	-0.00360820867473502
synthesis	G23	50	401	-13197.00000000000000000	-13201.00000000000000000	0.00030309918920967
synthesis	G23	50	402	-13177.00000000000000000	-13196.00000000000000000	0.00144190635197693
synthesis	G23	50	403	-13173.00000000000000000	-13184.00000000000000000	0.00083504137250436
synthesis	G23	200	401	-13262.00000000000000000	-13268.00000000000000000	0.00045242044940431
synthesis	G23	200	402	-13232.00000000000000000	-13237.00000000000000000	0.00037787182587666
synthesis	G23	200	403	-13231.00000000000000000	-13244.00000000000000000	0.00098254100219182
synthesis	G23	800	401	-13291.00000000000000000	-13299.00000000000000000	0.00060191106763976
synthesis	G23	800	402	-13258.00000000000000000	-13271.00000000000000000	0.00098054005128979
synthesis	G23	800	403	-13268.00000000000000000	-13275.00000000000000000	0.00052758516731987
synthesis	G23	3200	401	-13307.00000000000000000	-13314.00000000000000000	0.00052603892688059
synthesis	G23	3200	402	-13274.00000000000000000	-13282.00000000000000000	0.00060268193460901
synthesis	G23	3200	403	-13282.00000000000000000	-13291.00000000000000000	0.00067760879385635
memory_form	G23	50	401	-13127.00000000000000000	-13122.00000000000000000	-0.00038089433991011
memory_form	G23	50	402	-13153.00000000000000000	-13168.00000000000000000	0.00114042423781647
memory_form	G23	50	403	-13162.00000000000000000	-13137.00000000000000000	-0.00189940738489591
memory_form	G23	200	401	-13207.00000000000000000	-13223.00000000000000000	0.00121147876126297
memory_form	G23	200	402	-13204.00000000000000000	-13183.00000000000000000	-0.00159042714328991
memory_form	G23	200	403	-13206.00000000000000000	-13239.00000000000000000	0.00249886415265788
memory_form	G23	800	401	-13265.00000000000000000	-13287.00000000000000000	0.00165849981153411
memory_form	G23	800	402	-13234.00000000000000000	-13275.00000000000000000	0.00309808070122412
memory_form	G23	800	403	-13247.00000000000000000	-13254.00000000000000000	0.00052842152940288
memory_form	G23	3200	401	-13287.00000000000000000	-13316.00000000000000000	0.00218258448107172
memory_form	G23	3200	402	-13284.00000000000000000	-13271.00000000000000000	-0.00097862089732008
memory_form	G23	3200	403	-13277.00000000000000000	-13296.00000000000000000	0.00143104617006854
synthesis	G24	50	401	-13195.00000000000000000	-13228.00000000000000000	0.00250094732853354
synthesis	G24	50	402	-13216.00000000000000000	-13223.00000000000000000	0.00052966101694915
synthesis	G24	50	403	-13211.00000000000000000	-13233.00000000000000000	0.00166527893422148
synthesis	G24	200	401	-13256.00000000000000000	-13263.00000000000000000	0.00052806276403138
synthesis	G24	200	402	-13263.00000000000000000	-13275.00000000000000000	0.00090477267586519
synthesis	G24	200	403	-13239.00000000000000000	-13256.00000000000000000	0.00128408490067226
synthesis	G24	800	401	-13285.00000000000000000	-13290.00000000000000000	0.00037636432066240
synthesis	G24	800	402	-13278.00000000000000000	-13284.00000000000000000	0.00045187528242205
synthesis	G24	800	403	-13270.00000000000000000	-13281.00000000000000000	0.00082893745290128
synthesis	G24	3200	401	-13295.00000000000000000	-13307.00000000000000000	0.00090259496051147
synthesis	G24	3200	402	-13298.00000000000000000	-13303.00000000000000000	0.00037599639043465
synthesis	G24	3200	403	-13291.00000000000000000	-13299.00000000000000000	0.00060191106763976
memory_form	G24	50	401	-13135.00000000000000000	-13124.00000000000000000	-0.00083745717548534
memory_form	G24	50	402	-13157.00000000000000000	-13123.00000000000000000	-0.00258417572394923
memory_form	G24	50	403	-13159.00000000000000000	-13117.00000000000000000	-0.00319173189452086
memory_form	G24	200	401	-13210.00000000000000000	-13196.00000000000000000	-0.00105980317940954
memory_form	G24	200	402	-13235.00000000000000000	-13204.00000000000000000	-0.00234227427276162
memory_form	G24	200	403	-13236.00000000000000000	-13205.00000000000000000	-0.00234209731036567
memory_form	G24	800	401	-13246.00000000000000000	-13250.00000000000000000	0.00030197795560924
memory_form	G24	800	402	-13240.00000000000000000	-13248.00000000000000000	0.00060422960725076
memory_form	G24	800	403	-13249.00000000000000000	-13273.00000000000000000	0.00181145746848819
memory_form	G24	3200	401	-13273.00000000000000000	-13273.00000000000000000	0.00000000000000000
memory_form	G24	3200	402	-13295.00000000000000000	-13243.00000000000000000	-0.00391124482888304
memory_form	G24	3200	403	-13266.00000000000000000	-13277.00000000000000000	0.00082918739635158
synthesis	G3	50	401	-11516.00000000000000000	-11526.00000000000000000	0.00086835706842654
synthesis	G3	50	402	-11533.00000000000000000	-11534.00000000000000000	0.00008670770831527
synthesis	G3	50	403	-11517.00000000000000000	-11520.00000000000000000	0.00026048450117218
synthesis	G3	200	401	-11550.00000000000000000	-11554.00000000000000000	0.00034632034632035
synthesis	G3	200	402	-11547.00000000000000000	-11552.00000000000000000	0.00043301290378453
synthesis	G3	200	403	-11555.00000000000000000	-11579.00000000000000000	0.00207702293379489
synthesis	G3	800	401	-11537.00000000000000000	-11542.00000000000000000	0.00043338822917570
synthesis	G3	800	402	-11575.00000000000000000	-11579.00000000000000000	0.00034557235421166
synthesis	G3	800	403	-11555.00000000000000000	-11556.00000000000000000	0.00008654262224145
synthesis	G3	3200	401	-11570.00000000000000000	-11591.00000000000000000	0.00181503889369058
synthesis	G3	3200	402	-11591.00000000000000000	-11605.00000000000000000	0.00120783366404969
synthesis	G3	3200	403	-11556.00000000000000000	-11592.00000000000000000	0.00311526479750779
memory_form	G3	50	401	-11557.00000000000000000	-11517.00000000000000000	-0.00346110582331055
memory_form	G3	50	402	-11537.00000000000000000	-11540.00000000000000000	0.00026003293750542
memory_form	G3	50	403	-11524.00000000000000000	-11511.00000000000000000	-0.00112808052759459
memory_form	G3	200	401	-11579.00000000000000000	-11572.00000000000000000	-0.00060454270662406
memory_form	G3	200	402	-11588.00000000000000000	-11582.00000000000000000	-0.00051777701070072
memory_form	G3	200	403	-11578.00000000000000000	-11555.00000000000000000	-0.00198652617032303
memory_form	G3	800	401	-11587.00000000000000000	-11596.00000000000000000	0.00077673254509364
memory_form	G3	800	402	-11592.00000000000000000	-11596.00000000000000000	0.00034506556245687
memory_form	G3	800	403	-11573.00000000000000000	-11598.00000000000000000	0.00216020046660330
memory_form	G3	3200	401	-11591.00000000000000000	-11593.00000000000000000	0.00017254766629281
memory_form	G3	3200	402	-11609.00000000000000000	-11587.00000000000000000	-0.00189508140236024
memory_form	G3	3200	403	-11608.00000000000000000	-11602.00000000000000000	-0.00051688490696072
synthesis	G32	50	401	-1366.00000000000000000	-1368.00000000000000000	0.00146412884333821
synthesis	G32	50	402	-1362.00000000000000000	-1364.00000000000000000	0.00146842878120411
synthesis	G32	50	403	-1370.00000000000000000	-1374.00000000000000000	0.00291970802919708
synthesis	G32	200	401	-1376.00000000000000000	-1376.00000000000000000	0.00000000000000000
synthesis	G32	200	402	-1374.00000000000000000	-1380.00000000000000000	0.00436681222707424
synthesis	G32	200	403	-1382.00000000000000000	-1382.00000000000000000	0.00000000000000000
synthesis	G32	800	401	-1378.00000000000000000	-1380.00000000000000000	0.00145137880986938
synthesis	G32	800	402	-1378.00000000000000000	-1382.00000000000000000	0.00290275761973875
synthesis	G32	800	403	-1396.00000000000000000	-1396.00000000000000000	0.00000000000000000
synthesis	G32	3200	401	-1390.00000000000000000	-1390.00000000000000000	0.00000000000000000
synthesis	G32	3200	402	-1400.00000000000000000	-1400.00000000000000000	0.00000000000000000
synthesis	G32	3200	403	-1398.00000000000000000	-1402.00000000000000000	0.00286123032904149
memory_form	G32	50	401	-1336.00000000000000000	-1366.00000000000000000	0.02245508982035928
memory_form	G32	50	402	-1334.00000000000000000	-1364.00000000000000000	0.02248875562218891
memory_form	G32	50	403	-1334.00000000000000000	-1364.00000000000000000	0.02248875562218891
memory_form	G32	200	401	-1372.00000000000000000	-1378.00000000000000000	0.00437317784256560
memory_form	G32	200	402	-1374.00000000000000000	-1374.00000000000000000	0.00000000000000000
memory_form	G32	200	403	-1374.00000000000000000	-1378.00000000000000000	0.00291120815138282
memory_form	G32	800	401	-1380.00000000000000000	-1384.00000000000000000	0.00289855072463768
memory_form	G32	800	402	-1384.00000000000000000	-1384.00000000000000000	0.00000000000000000
memory_form	G32	800	403	-1384.00000000000000000	-1382.00000000000000000	-0.00144508670520231
memory_form	G32	3200	401	-1390.00000000000000000	-1392.00000000000000000	0.00143884892086331
memory_form	G32	3200	402	-1386.00000000000000000	-1392.00000000000000000	0.00432900432900433
memory_form	G32	3200	403	-1388.00000000000000000	-1392.00000000000000000	0.00288184438040346
synthesis	G33	50	401	-1350.00000000000000000	-1350.00000000000000000	0.00000000000000000
synthesis	G33	50	402	-1348.00000000000000000	-1350.00000000000000000	0.00148367952522255
synthesis	G33	50	403	-1350.00000000000000000	-1352.00000000000000000	0.00148148148148148
synthesis	G33	200	401	-1354.00000000000000000	-1354.00000000000000000	0.00000000000000000
synthesis	G33	200	402	-1358.00000000000000000	-1358.00000000000000000	0.00000000000000000
synthesis	G33	200	403	-1354.00000000000000000	-1354.00000000000000000	0.00000000000000000
synthesis	G33	800	401	-1364.00000000000000000	-1366.00000000000000000	0.00146627565982405
synthesis	G33	800	402	-1366.00000000000000000	-1366.00000000000000000	0.00000000000000000
synthesis	G33	800	403	-1366.00000000000000000	-1368.00000000000000000	0.00146412884333821
synthesis	G33	3200	401	-1368.00000000000000000	-1368.00000000000000000	0.00000000000000000
synthesis	G33	3200	402	-1372.00000000000000000	-1372.00000000000000000	0.00000000000000000
synthesis	G33	3200	403	-1370.00000000000000000	-1370.00000000000000000	0.00000000000000000
memory_form	G33	50	401	-1316.00000000000000000	-1344.00000000000000000	0.02127659574468085
memory_form	G33	50	402	-1306.00000000000000000	-1344.00000000000000000	0.02909647779479326
memory_form	G33	50	403	-1310.00000000000000000	-1344.00000000000000000	0.02595419847328244
memory_form	G33	200	401	-1342.00000000000000000	-1354.00000000000000000	0.00894187779433681
memory_form	G33	200	402	-1348.00000000000000000	-1354.00000000000000000	0.00445103857566766
memory_form	G33	200	403	-1346.00000000000000000	-1356.00000000000000000	0.00742942050520059
memory_form	G33	800	401	-1350.00000000000000000	-1358.00000000000000000	0.00592592592592593
memory_form	G33	800	402	-1350.00000000000000000	-1360.00000000000000000	0.00740740740740741
memory_form	G33	800	403	-1360.00000000000000000	-1358.00000000000000000	-0.00147058823529412
memory_form	G33	3200	401	-1356.00000000000000000	-1362.00000000000000000	0.00442477876106195
memory_form	G33	3200	402	-1370.00000000000000000	-1370.00000000000000000	0.00000000000000000
memory_form	G33	3200	403	-1364.00000000000000000	-1370.00000000000000000	0.00439882697947214
synthesis	G34	50	401	-1348.00000000000000000	-1348.00000000000000000	0.00000000000000000
synthesis	G34	50	402	-1348.00000000000000000	-1348.00000000000000000	0.00000000000000000
synthesis	G34	50	403	-1348.00000000000000000	-1350.00000000000000000	0.00148367952522255
synthesis	G34	200	401	-1356.00000000000000000	-1358.00000000000000000	0.00147492625368732
synthesis	G34	200	402	-1354.00000000000000000	-1356.00000000000000000	0.00147710487444609
synthesis	G34	200	403	-1348.00000000000000000	-1350.00000000000000000	0.00148367952522255
synthesis	G34	800	401	-1364.00000000000000000	-1368.00000000000000000	0.00293255131964809
synthesis	G34	800	402	-1366.00000000000000000	-1368.00000000000000000	0.00146412884333821
synthesis	G34	800	403	-1364.00000000000000000	-1364.00000000000000000	0.00000000000000000
synthesis	G34	3200	401	-1370.00000000000000000	-1372.00000000000000000	0.00145985401459854
synthesis	G34	3200	402	-1370.00000000000000000	-1370.00000000000000000	0.00000000000000000
synthesis	G34	3200	403	-1378.00000000000000000	-1378.00000000000000000	0.00000000000000000
memory_form	G34	50	401	-1322.00000000000000000	-1348.00000000000000000	0.01966717095310136
memory_form	G34	50	402	-1322.00000000000000000	-1348.00000000000000000	0.01966717095310136
memory_form	G34	50	403	-1318.00000000000000000	-1348.00000000000000000	0.02276176024279211
memory_form	G34	200	401	-1360.00000000000000000	-1360.00000000000000000	0.00000000000000000
memory_form	G34	200	402	-1350.00000000000000000	-1360.00000000000000000	0.00740740740740741
memory_form	G34	200	403	-1352.00000000000000000	-1360.00000000000000000	0.00591715976331361
memory_form	G34	800	401	-1362.00000000000000000	-1366.00000000000000000	0.00293685756240822
memory_form	G34	800	402	-1362.00000000000000000	-1362.00000000000000000	0.00000000000000000
memory_form	G34	800	403	-1366.00000000000000000	-1362.00000000000000000	-0.00292825768667643
memory_form	G34	3200	401	-1364.00000000000000000	-1368.00000000000000000	0.00293255131964809
memory_form	G34	3200	402	-1362.00000000000000000	-1366.00000000000000000	0.00293685756240822
memory_form	G34	3200	403	-1366.00000000000000000	-1372.00000000000000000	0.00439238653001464
synthesis	G35	50	401	-7561.00000000000000000	-7564.00000000000000000	0.00039677291363576
synthesis	G35	50	402	-7558.00000000000000000	-7562.00000000000000000	0.00052924053982535
synthesis	G35	50	403	-7559.00000000000000000	-7562.00000000000000000	0.00039687789390131
synthesis	G35	200	401	-7583.00000000000000000	-7591.00000000000000000	0.00105499142819465
synthesis	G35	200	402	-7588.00000000000000000	-7595.00000000000000000	0.00092250922509225
synthesis	G35	200	403	-7590.00000000000000000	-7599.00000000000000000	0.00118577075098814
synthesis	G35	800	401	-7609.00000000000000000	-7613.00000000000000000	0.00052569325798397
synthesis	G35	800	402	-7613.00000000000000000	-7620.00000000000000000	0.00091947983712071
synthesis	G35	800	403	-7612.00000000000000000	-7617.00000000000000000	0.00065685759327378
synthesis	G35	3200	401	-7621.00000000000000000	-7623.00000000000000000	0.00026243275160740
synthesis	G35	3200	402	-7623.00000000000000000	-7626.00000000000000000	0.00039354584809130
synthesis	G35	3200	403	-7633.00000000000000000	-7634.00000000000000000	0.00013101008777676
memory_form	G35	50	401	-7529.00000000000000000	-7531.00000000000000000	0.00026563952716164
memory_form	G35	50	402	-7546.00000000000000000	-7540.00000000000000000	-0.00079512324410284
memory_form	G35	50	403	-7541.00000000000000000	-7540.00000000000000000	-0.00013260840737303
memory_form	G35	200	401	-7574.00000000000000000	-7588.00000000000000000	0.00184842883548983
memory_form	G35	200	402	-7572.00000000000000000	-7572.00000000000000000	0.00000000000000000
memory_form	G35	200	403	-7588.00000000000000000	-7562.00000000000000000	-0.00342646283605693
memory_form	G35	800	401	-7610.00000000000000000	-7595.00000000000000000	-0.00197109067017083
memory_form	G35	800	402	-7608.00000000000000000	-7606.00000000000000000	-0.00026288117770768
memory_form	G35	800	403	-7604.00000000000000000	-7586.00000000000000000	-0.00236717517096265
memory_form	G35	3200	401	-7621.00000000000000000	-7611.00000000000000000	-0.00131216375803700
memory_form	G35	3200	402	-7632.00000000000000000	-7612.00000000000000000	-0.00262054507337526
memory_form	G35	3200	403	-7619.00000000000000000	-7612.00000000000000000	-0.00091875574222339
synthesis	G36	50	401	-7560.00000000000000000	-7565.00000000000000000	0.00066137566137566
synthesis	G36	50	402	-7552.00000000000000000	-7566.00000000000000000	0.00185381355932203
synthesis	G36	50	403	-7554.00000000000000000	-7564.00000000000000000	0.00132380195922690
synthesis	G36	200	401	-7581.00000000000000000	-7585.00000000000000000	0.00052763487666535
synthesis	G36	200	402	-7580.00000000000000000	-7586.00000000000000000	0.00079155672823219
synthesis	G36	200	403	-7582.00000000000000000	-7585.00000000000000000	0.00039567396465313
synthesis	G36	800	401	-7607.00000000000000000	-7613.00000000000000000	0.00078874720652031
synthesis	G36	800	402	-7610.00000000000000000	-7611.00000000000000000	0.00013140604467806
synthesis	G36	800	403	-7602.00000000000000000	-7610.00000000000000000	0.00105235464351486
synthesis	G36	3200	401	-7615.00000000000000000	-7617.00000000000000000	0.00026263952724885
synthesis	G36	3200	402	-7619.00000000000000000	-7624.00000000000000000	0.00065625410158813
synthesis	G36	3200	403	-7622.00000000000000000	-7629.00000000000000000	0.00091839412227762
memory_form	G36	50	401	-7540.00000000000000000	-7529.00000000000000000	-0.00145888594164456
memory_form	G36	50	402	-7523.00000000000000000	-7537.00000000000000000	0.00186095972351456
memory_form	G36	50	403	-7543.00000000000000000	-7527.00000000000000000	-0.00212117194750099
memory_form	G36	200	401	-7567.00000000000000000	-7553.00000000000000000	-0.00185013876040703
memory_form	G36	200	402	-7564.00000000000000000	-7569.00000000000000000	0.00066102591221576
memory_form	G36	200	403	-7564.00000000000000000	-7557.00000000000000000	-0.00092543627710206
memory_form	G36	800	401	-7598.00000000000000000	-7581.00000000000000000	-0.00223743090286918
memory_form	G36	800	402	-7591.00000000000000000	-7584.00000000000000000	-0.00092214464497431
memory_form	G36	800	403	-7605.00000000000000000	-7591.00000000000000000	-0.00184089414858646
memory_form	G36	3200	401	-7604.00000000000000000	-7599.00000000000000000	-0.00065754865860074
memory_form	G36	3200	402	-7599.00000000000000000	-7600.00000000000000000	0.00013159626266614
memory_form	G36	3200	403	-7619.00000000000000000	-7606.00000000000000000	-0.00170626066412915
synthesis	G43	50	401	-6588.00000000000000000	-6589.00000000000000000	0.00015179113539769
synthesis	G43	50	402	-6608.00000000000000000	-6625.00000000000000000	0.00257263922518160
synthesis	G43	50	403	-6599.00000000000000000	-6610.00000000000000000	0.00166691923018639
synthesis	G43	200	401	-6631.00000000000000000	-6638.00000000000000000	0.00105564771527673
synthesis	G43	200	402	-6622.00000000000000000	-6632.00000000000000000	0.00151011778918756
synthesis	G43	200	403	-6615.00000000000000000	-6623.00000000000000000	0.00120937263794407
synthesis	G43	800	401	-6635.00000000000000000	-6636.00000000000000000	0.00015071590052751
synthesis	G43	800	402	-6627.00000000000000000	-6637.00000000000000000	0.00150897842160857
synthesis	G43	800	403	-6635.00000000000000000	-6644.00000000000000000	0.00135644310474755
synthesis	G43	3200	401	-6647.00000000000000000	-6648.00000000000000000	0.00015044380923725
synthesis	G43	3200	402	-6630.00000000000000000	-6642.00000000000000000	0.00180995475113122
synthesis	G43	3200	403	-6634.00000000000000000	-6643.00000000000000000	0.00135664757310823
memory_form	G43	50	401	-6569.00000000000000000	-6585.00000000000000000	0.00243568275232151
memory_form	G43	50	402	-6586.00000000000000000	-6561.00000000000000000	-0.00379593076222290
memory_form	G43	50	403	-6582.00000000000000000	-6565.00000000000000000	-0.00258280158006685
memory_form	G43	200	401	-6604.00000000000000000	-6607.00000000000000000	0.00045427013930951
memory_form	G43	200	402	-6607.00000000000000000	-6574.00000000000000000	-0.00499470258816407
memory_form	G43	200	403	-6607.00000000000000000	-6593.00000000000000000	-0.00211896473437264
memory_form	G43	800	401	-6620.00000000000000000	-6621.00000000000000000	0.00015105740181269
memory_form	G43	800	402	-6615.00000000000000000	-6631.00000000000000000	0.00241874527588813
memory_form	G43	800	403	-6619.00000000000000000	-6613.00000000000000000	-0.00090648134159239
memory_form	G43	3200	401	-6632.00000000000000000	-6620.00000000000000000	-0.00180940892641737
memory_form	G43	3200	402	-6623.00000000000000000	-6640.00000000000000000	0.00256681262267854
memory_form	G43	3200	403	-6639.00000000000000000	-6624.00000000000000000	-0.00225937641211026
synthesis	G44	50	401	-6583.00000000000000000	-6590.00000000000000000	0.00106334497949263
synthesis	G44	50	402	-6576.00000000000000000	-6586.00000000000000000	0.00152068126520681
synthesis	G44	50	403	-6564.00000000000000000	-6584.00000000000000000	0.00304692260816575
synthesis	G44	200	401	-6621.00000000000000000	-6626.00000000000000000	0.00075517293460202
synthesis	G44	200	402	-6606.00000000000000000	-6610.00000000000000000	0.00060551014229488
synthesis	G44	200	403	-6590.00000000000000000	-6596.00000000000000000	0.00091047040971168
synthesis	G44	800	401	-6615.00000000000000000	-6616.00000000000000000	0.00015117157974301
synthesis	G44	800	402	-6622.00000000000000000	-6625.00000000000000000	0.00045303533675627
synthesis	G44	800	403	-6621.00000000000000000	-6631.00000000000000000	0.00151034586920405
synthesis	G44	3200	401	-6631.00000000000000000	-6632.00000000000000000	0.00015080681646810
synthesis	G44	3200	402	-6622.00000000000000000	-6625.00000000000000000	0.00045303533675627
synthesis	G44	3200	403	-6627.00000000000000000	-6635.00000000000000000	0.00120718273728686
memory_form	G44	50	401	-6562.00000000000000000	-6565.00000000000000000	0.00045717768972874
memory_form	G44	50	402	-6575.00000000000000000	-6551.00000000000000000	-0.00365019011406844
memory_form	G44	50	403	-6569.00000000000000000	-6563.00000000000000000	-0.00091338103212057
memory_form	G44	200	401	-6589.00000000000000000	-6591.00000000000000000	0.00030353619669146
memory_form	G44	200	402	-6605.00000000000000000	-6589.00000000000000000	-0.00242240726722180
memory_form	G44	200	403	-6586.00000000000000000	-6587.00000000000000000	0.00015183723048892
memory_form	G44	800	401	-6615.00000000000000000	-6608.00000000000000000	-0.00105820105820106
memory_form	G44	800	402	-6615.00000000000000000	-6607.00000000000000000	-0.00120937263794407
memory_form	G44	800	403	-6610.00000000000000000	-6620.00000000000000000	0.00151285930408472
memory_form	G44	3200	401	-6630.00000000000000000	-6633.00000000000000000	0.00045248868778281
memory_form	G44	3200	402	-6636.00000000000000000	-6636.00000000000000000	0.00000000000000000
memory_form	G44	3200	403	-6631.00000000000000000	-6626.00000000000000000	-0.00075403408234052
synthesis	G45	50	401	-6573.00000000000000000	-6581.00000000000000000	0.00121710025863380
synthesis	G45	50	402	-6570.00000000000000000	-6574.00000000000000000	0.00060882800608828
synthesis	G45	50	403	-6562.00000000000000000	-6582.00000000000000000	0.00304785126485827
synthesis	G45	200	401	-6611.00000000000000000	-6617.00000000000000000	0.00090757827862653
synthesis	G45	200	402	-6591.00000000000000000	-6609.00000000000000000	0.00273099681383705
synthesis	G45	200	403	-6589.00000000000000000	-6597.00000000000000000	0.00121414478676582
synthesis	G45	800	401	-6615.00000000000000000	-6622.00000000000000000	0.00105820105820106
synthesis	G45	800	402	-6620.00000000000000000	-6629.00000000000000000	0.00135951661631420
synthesis	G45	800	403	-6612.00000000000000000	-6618.00000000000000000	0.00090744101633394
synthesis	G45	3200	401	-6625.00000000000000000	-6631.00000000000000000	0.00090566037735849
synthesis	G45	3200	402	-6631.00000000000000000	-6634.00000000000000000	0.00045242044940431
synthesis	G45	3200	403	-6625.00000000000000000	-6626.00000000000000000	0.00015094339622642
memory_form	G45	50	401	-6560.00000000000000000	-6530.00000000000000000	-0.00457317073170732
memory_form	G45	50	402	-6554.00000000000000000	-6531.00000000000000000	-0.00350930729325603
memory_form	G45	50	403	-6576.00000000000000000	-6557.00000000000000000	-0.00288929440389294
memory_form	G45	200	401	-6582.00000000000000000	-6570.00000000000000000	-0.00182315405651778
memory_form	G45	200	402	-6585.00000000000000000	-6571.00000000000000000	-0.00212604403948368
memory_form	G45	200	403	-6614.00000000000000000	-6571.00000000000000000	-0.00650136074992440
memory_form	G45	800	401	-6619.00000000000000000	-6606.00000000000000000	-0.00196404290678350
memory_form	G45	800	402	-6633.00000000000000000	-6599.00000000000000000	-0.00512588572290065
memory_form	G45	800	403	-6611.00000000000000000	-6596.00000000000000000	-0.00226894569656633
memory_form	G45	3200	401	-6639.00000000000000000	-6628.00000000000000000	-0.00165687603554752
memory_form	G45	3200	402	-6637.00000000000000000	-6603.00000000000000000	-0.00512279644417659
memory_form	G45	3200	403	-6636.00000000000000000	-6608.00000000000000000	-0.00421940928270042
synthesis	G48	50	401	-6000.00000000000000000	-6000.00000000000000000	0.00000000000000000
synthesis	G48	50	402	-6000.00000000000000000	-6000.00000000000000000	0.00000000000000000
synthesis	G48	50	403	-6000.00000000000000000	-6000.00000000000000000	0.00000000000000000
synthesis	G48	200	401	-6000.00000000000000000	-6000.00000000000000000	0.00000000000000000
synthesis	G48	200	402	-6000.00000000000000000	-6000.00000000000000000	0.00000000000000000
synthesis	G48	200	403	-6000.00000000000000000	-6000.00000000000000000	0.00000000000000000
synthesis	G48	800	401	-6000.00000000000000000	-6000.00000000000000000	0.00000000000000000
synthesis	G48	800	402	-6000.00000000000000000	-6000.00000000000000000	0.00000000000000000
synthesis	G48	800	403	-6000.00000000000000000	-6000.00000000000000000	0.00000000000000000
synthesis	G48	3200	401	-6000.00000000000000000	-6000.00000000000000000	0.00000000000000000
synthesis	G48	3200	402	-6000.00000000000000000	-6000.00000000000000000	0.00000000000000000
synthesis	G48	3200	403	-6000.00000000000000000	-6000.00000000000000000	0.00000000000000000
memory_form	G48	50	401	-6000.00000000000000000	-6000.00000000000000000	0.00000000000000000
memory_form	G48	50	402	-6000.00000000000000000	-6000.00000000000000000	0.00000000000000000
memory_form	G48	50	403	-6000.00000000000000000	-6000.00000000000000000	0.00000000000000000
memory_form	G48	200	401	-6000.00000000000000000	-6000.00000000000000000	0.00000000000000000
memory_form	G48	200	402	-6000.00000000000000000	-6000.00000000000000000	0.00000000000000000
memory_form	G48	200	403	-6000.00000000000000000	-6000.00000000000000000	0.00000000000000000
memory_form	G48	800	401	-6000.00000000000000000	-6000.00000000000000000	0.00000000000000000
memory_form	G48	800	402	-6000.00000000000000000	-6000.00000000000000000	0.00000000000000000
memory_form	G48	800	403	-6000.00000000000000000	-6000.00000000000000000	0.00000000000000000
memory_form	G48	3200	401	-6000.00000000000000000	-6000.00000000000000000	0.00000000000000000
memory_form	G48	3200	402	-6000.00000000000000000	-6000.00000000000000000	0.00000000000000000
memory_form	G48	3200	403	-6000.00000000000000000	-6000.00000000000000000	0.00000000000000000
synthesis	G49	50	401	-6000.00000000000000000	-6000.00000000000000000	0.00000000000000000
synthesis	G49	50	402	-6000.00000000000000000	-6000.00000000000000000	0.00000000000000000
synthesis	G49	50	403	-6000.00000000000000000	-6000.00000000000000000	0.00000000000000000
synthesis	G49	200	401	-6000.00000000000000000	-6000.00000000000000000	0.00000000000000000
synthesis	G49	200	402	-6000.00000000000000000	-6000.00000000000000000	0.00000000000000000
synthesis	G49	200	403	-6000.00000000000000000	-6000.00000000000000000	0.00000000000000000
synthesis	G49	800	401	-6000.00000000000000000	-6000.00000000000000000	0.00000000000000000
synthesis	G49	800	402	-6000.00000000000000000	-6000.00000000000000000	0.00000000000000000
synthesis	G49	800	403	-6000.00000000000000000	-6000.00000000000000000	0.00000000000000000
synthesis	G49	3200	401	-6000.00000000000000000	-6000.00000000000000000	0.00000000000000000
synthesis	G49	3200	402	-6000.00000000000000000	-6000.00000000000000000	0.00000000000000000
synthesis	G49	3200	403	-6000.00000000000000000	-6000.00000000000000000	0.00000000000000000
memory_form	G49	50	401	-6000.00000000000000000	-6000.00000000000000000	0.00000000000000000
memory_form	G49	50	402	-6000.00000000000000000	-6000.00000000000000000	0.00000000000000000
memory_form	G49	50	403	-6000.00000000000000000	-6000.00000000000000000	0.00000000000000000
memory_form	G49	200	401	-6000.00000000000000000	-6000.00000000000000000	0.00000000000000000
memory_form	G49	200	402	-6000.00000000000000000	-6000.00000000000000000	0.00000000000000000
memory_form	G49	200	403	-6000.00000000000000000	-6000.00000000000000000	0.00000000000000000
memory_form	G49	800	401	-6000.00000000000000000	-6000.00000000000000000	0.00000000000000000
memory_form	G49	800	402	-6000.00000000000000000	-6000.00000000000000000	0.00000000000000000
memory_form	G49	800	403	-6000.00000000000000000	-6000.00000000000000000	0.00000000000000000
memory_form	G49	3200	401	-6000.00000000000000000	-6000.00000000000000000	0.00000000000000000
memory_form	G49	3200	402	-6000.00000000000000000	-6000.00000000000000000	0.00000000000000000
memory_form	G49	3200	403	-6000.00000000000000000	-6000.00000000000000000	0.00000000000000000
synthesis	G50	50	401	-5880.00000000000000000	-5880.00000000000000000	0.00000000000000000
synthesis	G50	50	402	-5880.00000000000000000	-5880.00000000000000000	0.00000000000000000
synthesis	G50	50	403	-5880.00000000000000000	-5880.00000000000000000	0.00000000000000000
synthesis	G50	200	401	-5880.00000000000000000	-5880.00000000000000000	0.00000000000000000
synthesis	G50	200	402	-5880.00000000000000000	-5880.00000000000000000	0.00000000000000000
synthesis	G50	200	403	-5880.00000000000000000	-5880.00000000000000000	0.00000000000000000
synthesis	G50	800	401	-5880.00000000000000000	-5880.00000000000000000	0.00000000000000000
synthesis	G50	800	402	-5880.00000000000000000	-5880.00000000000000000	0.00000000000000000
synthesis	G50	800	403	-5880.00000000000000000	-5880.00000000000000000	0.00000000000000000
synthesis	G50	3200	401	-5880.00000000000000000	-5880.00000000000000000	0.00000000000000000
synthesis	G50	3200	402	-5880.00000000000000000	-5880.00000000000000000	0.00000000000000000
synthesis	G50	3200	403	-5880.00000000000000000	-5880.00000000000000000	0.00000000000000000
memory_form	G50	50	401	-5878.00000000000000000	-5880.00000000000000000	0.00034025178632188
memory_form	G50	50	402	-5880.00000000000000000	-5880.00000000000000000	0.00000000000000000
memory_form	G50	50	403	-5878.00000000000000000	-5880.00000000000000000	0.00034025178632188
memory_form	G50	200	401	-5880.00000000000000000	-5880.00000000000000000	0.00000000000000000
memory_form	G50	200	402	-5880.00000000000000000	-5880.00000000000000000	0.00000000000000000
memory_form	G50	200	403	-5880.00000000000000000	-5880.00000000000000000	0.00000000000000000
memory_form	G50	800	401	-5880.00000000000000000	-5880.00000000000000000	0.00000000000000000
memory_form	G50	800	402	-5880.00000000000000000	-5880.00000000000000000	0.00000000000000000
memory_form	G50	800	403	-5880.00000000000000000	-5880.00000000000000000	0.00000000000000000
memory_form	G50	3200	401	-5880.00000000000000000	-5880.00000000000000000	0.00000000000000000
memory_form	G50	3200	402	-5880.00000000000000000	-5880.00000000000000000	0.00000000000000000
memory_form	G50	3200	403	-5880.00000000000000000	-5880.00000000000000000	0.00000000000000000
synthesis	G51	50	401	-3795.00000000000000000	-3800.00000000000000000	0.00131752305665349
synthesis	G51	50	402	-3791.00000000000000000	-3794.00000000000000000	0.00079134792930625
synthesis	G51	50	403	-3797.00000000000000000	-3797.00000000000000000	0.00000000000000000
synthesis	G51	200	401	-3809.00000000000000000	-3813.00000000000000000	0.00105014439485429
synthesis	G51	200	402	-3804.00000000000000000	-3806.00000000000000000	0.00052576235541535
synthesis	G51	200	403	-3806.00000000000000000	-3808.00000000000000000	0.00052548607461902
synthesis	G51	800	401	-3814.00000000000000000	-3814.00000000000000000	0.00000000000000000
synthesis	G51	800	402	-3812.00000000000000000	-3816.00000000000000000	0.00104931794333683
synthesis	G51	800	403	-3815.00000000000000000	-3818.00000000000000000	0.00078636959370904
synthesis	G51	3200	401	-3820.00000000000000000	-3823.00000000000000000	0.00078534031413613
synthesis	G51	3200	402	-3818.00000000000000000	-3818.00000000000000000	0.00000000000000000
synthesis	G51	3200	403	-3823.00000000000000000	-3824.00000000000000000	0.00026157467957102
memory_form	G51	50	401	-3778.00000000000000000	-3789.00000000000000000	0.00291159343568025
memory_form	G51	50	402	-3776.00000000000000000	-3781.00000000000000000	0.00132415254237288
memory_form	G51	50	403	-3781.00000000000000000	-3792.00000000000000000	0.00290928325839725
memory_form	G51	200	401	-3803.00000000000000000	-3797.00000000000000000	-0.00157770181435709
memory_form	G51	200	402	-3806.00000000000000000	-3797.00000000000000000	-0.00236468733578560
memory_form	G51	200	403	-3802.00000000000000000	-3802.00000000000000000	0.00000000000000000
memory_form	G51	800	401	-3817.00000000000000000	-3813.00000000000000000	-0.00104794341105580
memory_form	G51	800	402	-3815.00000000000000000	-3820.00000000000000000	0.00131061598951507
memory_form	G51	800	403	-3817.00000000000000000	-3816.00000000000000000	-0.00026198585276395
memory_form	G51	3200	401	-3823.00000000000000000	-3822.00000000000000000	-0.00026157467957102
memory_form	G51	3200	402	-3825.00000000000000000	-3824.00000000000000000	-0.00026143790849673
memory_form	G51	3200	403	-3820.00000000000000000	-3816.00000000000000000	-0.00104712041884817
synthesis	G52	50	401	-3794.00000000000000000	-3797.00000000000000000	0.00079072219293622
synthesis	G52	50	402	-3799.00000000000000000	-3803.00000000000000000	0.00105290866017373
synthesis	G52	50	403	-3798.00000000000000000	-3802.00000000000000000	0.00105318588730911
synthesis	G52	200	401	-3812.00000000000000000	-3814.00000000000000000	0.00052465897166842
synthesis	G52	200	402	-3808.00000000000000000	-3812.00000000000000000	0.00105042016806723
synthesis	G52	200	403	-3810.00000000000000000	-3811.00000000000000000	0.00026246719160105
synthesis	G52	800	401	-3822.00000000000000000	-3824.00000000000000000	0.00052328623757195
synthesis	G52	800	402	-3819.00000000000000000	-3821.00000000000000000	0.00052369730295889
synthesis	G52	800	403	-3822.00000000000000000	-3825.00000000000000000	0.00078492935635793
synthesis	G52	3200	401	-3828.00000000000000000	-3830.00000000000000000	0.00052246603970742
synthesis	G52	3200	402	-3822.00000000000000000	-3824.00000000000000000	0.00052328623757195
synthesis	G52	3200	403	-3824.00000000000000000	-3825.00000000000000000	0.00026150627615063
memory_form	G52	50	401	-3784.00000000000000000	-3772.00000000000000000	-0.00317124735729387
memory_form	G52	50	402	-3785.00000000000000000	-3779.00000000000000000	-0.00158520475561427
memory_form	G52	50	403	-3780.00000000000000000	-3782.00000000000000000	0.00052910052910053
memory_form	G52	200	401	-3797.00000000000000000	-3799.00000000000000000	0.00052673163023440
memory_form	G52	200	402	-3802.00000000000000000	-3788.00000000000000000	-0.00368227248816412
memory_form	G52	200	403	-3799.00000000000000000	-3799.00000000000000000	0.00000000000000000
memory_form	G52	800	401	-3823.00000000000000000	-3806.00000000000000000	-0.00444676955270730
memory_form	G52	800	402	-3810.00000000000000000	-3804.00000000000000000	-0.00157480314960630
memory_form	G52	800	403	-3815.00000000000000000	-3813.00000000000000000	-0.00052424639580603
memory_form	G52	3200	401	-3829.00000000000000000	-3815.00000000000000000	-0.00365630712979890
memory_form	G52	3200	402	-3823.00000000000000000	-3819.00000000000000000	-0.00104629871828407
memory_form	G52	3200	403	-3823.00000000000000000	-3820.00000000000000000	-0.00078472403871305
synthesis	G53	50	401	-3790.00000000000000000	-3795.00000000000000000	0.00131926121372032
synthesis	G53	50	402	-3790.00000000000000000	-3794.00000000000000000	0.00105540897097625
synthesis	G53	50	403	-3790.00000000000000000	-3793.00000000000000000	0.00079155672823219
synthesis	G53	200	401	-3807.00000000000000000	-3811.00000000000000000	0.00105069608615708
synthesis	G53	200	402	-3802.00000000000000000	-3804.00000000000000000	0.00052603892688059
synthesis	G53	200	403	-3808.00000000000000000	-3815.00000000000000000	0.00183823529411765
synthesis	G53	800	401	-3814.00000000000000000	-3816.00000000000000000	0.00052438384897745
synthesis	G53	800	402	-3817.00000000000000000	-3819.00000000000000000	0.00052397170552790
synthesis	G53	800	403	-3823.00000000000000000	-3827.00000000000000000	0.00104629871828407
synthesis	G53	3200	401	-3819.00000000000000000	-3822.00000000000000000	0.00078554595443833
synthesis	G53	3200	402	-3826.00000000000000000	-3829.00000000000000000	0.00078410872974386
synthesis	G53	3200	403	-3826.00000000000000000	-3828.00000000000000000	0.00052273915316257
memory_form	G53	50	401	-3794.00000000000000000	-3804.00000000000000000	0.00263574064312072
memory_form	G53	50	402	-3794.00000000000000000	-3784.00000000000000000	-0.00263574064312072
memory_form	G53	50	403	-3790.00000000000000000	-3803.00000000000000000	0.00343007915567282
memory_form	G53	200	401	-3807.00000000000000000	-3818.00000000000000000	0.00288941423693197
memory_form	G53	200	402	-3805.00000000000000000	-3808.00000000000000000	0.00078843626806833
memory_form	G53	200	403	-3807.00000000000000000	-3802.00000000000000000	-0.00131337010769635
memory_form	G53	800	401	-3823.00000000000000000	-3823.00000000000000000	0.00000000000000000
memory_form	G53	800	402	-3824.00000000000000000	-3817.00000000000000000	-0.00183054393305439
memory_form	G53	800	403	-3829.00000000000000000	-3816.00000000000000000	-0.00339514233481327
memory_form	G53	3200	401	-3838.00000000000000000	-3825.00000000000000000	-0.00338718082334549
memory_form	G53	3200	402	-3826.00000000000000000	-3833.00000000000000000	0.00182958703606900
memory_form	G53	3200	403	-3829.00000000000000000	-3830.00000000000000000	0.00026116479498564
synthesis	G55	50	401	-10034.00000000000000000	-10059.00000000000000000	0.00249152880207295
synthesis	G55	50	402	-10034.00000000000000000	-10050.00000000000000000	0.00159457843332669
synthesis	G55	50	403	-10061.00000000000000000	-10082.00000000000000000	0.00208726766722990
synthesis	G55	200	401	-10119.00000000000000000	-10125.00000000000000000	0.00059294396679514
synthesis	G55	200	402	-10119.00000000000000000	-10137.00000000000000000	0.00177883190038541
synthesis	G55	200	403	-10122.00000000000000000	-10151.00000000000000000	0.00286504643351116
synthesis	G55	800	401	-10173.00000000000000000	-10182.00000000000000000	0.00088469478030080
synthesis	G55	800	402	-10162.00000000000000000	-10181.00000000000000000	0.00186971068687266
synthesis	G55	800	403	-10186.00000000000000000	-10205.00000000000000000	0.00186530532102886
synthesis	G55	3200	401	-10212.00000000000000000	-10217.00000000000000000	0.00048962005483745
synthesis	G55	3200	402	-10223.00000000000000000	-10233.00000000000000000	0.00097818644233591
synthesis	G55	3200	403	-10219.00000000000000000	-10225.00000000000000000	0.00058714159898229
memory_form	G55	50	401	-9975.00000000000000000	-9940.00000000000000000	-0.00350877192982456
memory_form	G55	50	402	-9959.00000000000000000	-9964.00000000000000000	0.00050205843960237
memory_form	G55	50	403	-9973.00000000000000000	-9979.00000000000000000	0.00060162438584177
memory_form	G55	200	401	-10069.00000000000000000	-10059.00000000000000000	-0.00099314728374218
memory_form	G55	200	402	-10116.00000000000000000	-10046.00000000000000000	-0.00691973111901938
memory_form	G55	200	403	-10104.00000000000000000	-10050.00000000000000000	-0.00534441805225653
memory_form	G55	800	401	-10151.00000000000000000	-10112.00000000000000000	-0.00384198601123042
memory_form	G55	800	402	-10159.00000000000000000	-10119.00000000000000000	-0.00393739541293434
memory_form	G55	800	403	-10174.00000000000000000	-10119.00000000000000000	-0.00540593670139571
memory_form	G55	3200	401	-10190.00000000000000000	-10159.00000000000000000	-0.00304219823356232
memory_form	G55	3200	402	-10213.00000000000000000	-10186.00000000000000000	-0.00264368941545090
memory_form	G55	3200	403	-10227.00000000000000000	-10173.00000000000000000	-0.00528014080375477
synthesis	G60	50	401	-13894.00000000000000000	-13916.00000000000000000	0.00158341730243270
synthesis	G60	50	402	-13879.00000000000000000	-13904.00000000000000000	0.00180128251314936
synthesis	G60	50	403	-13901.00000000000000000	-13926.00000000000000000	0.00179843176749874
synthesis	G60	200	401	-13981.00000000000000000	-14008.00000000000000000	0.00193119233245118
synthesis	G60	200	402	-13984.00000000000000000	-13994.00000000000000000	0.00071510297482838
synthesis	G60	200	403	-13991.00000000000000000	-14011.00000000000000000	0.00142949038667715
synthesis	G60	800	401	-14057.00000000000000000	-14075.00000000000000000	0.00128050081809774
synthesis	G60	800	402	-14044.00000000000000000	-14047.00000000000000000	0.00021361435488465
synthesis	G60	800	403	-14034.00000000000000000	-14048.00000000000000000	0.00099757731224170
synthesis	G60	3200	401	-14090.00000000000000000	-14097.00000000000000000	0.00049680624556423
synthesis	G60	3200	402	-14084.00000000000000000	-14092.00000000000000000	0.00056802044873615
synthesis	G60	3200	403	-14083.00000000000000000	-14085.00000000000000000	0.00014201519562593
memory_form	G60	50	401	-13722.00000000000000000	-13683.00000000000000000	-0.00284215128989943
memory_form	G60	50	402	-13728.00000000000000000	-13694.00000000000000000	-0.00247668997668998
memory_form	G60	50	403	-13751.00000000000000000	-13687.00000000000000000	-0.00465420696676605
memory_form	G60	200	401	-13881.00000000000000000	-13866.00000000000000000	-0.00108061378863194
memory_form	G60	200	402	-13957.00000000000000000	-13860.00000000000000000	-0.00694991760406964
memory_form	G60	200	403	-13919.00000000000000000	-13843.00000000000000000	-0.00546016236798621
memory_form	G60	800	401	-14003.00000000000000000	-13964.00000000000000000	-0.00278511747482682
memory_form	G60	800	402	-14038.00000000000000000	-13925.00000000000000000	-0.00804957971220972
memory_form	G60	800	403	-14006.00000000000000000	-13935.00000000000000000	-0.00506925603312866
memory_form	G60	3200	401	-14046.00000000000000000	-14002.00000000000000000	-0.00313256443115478
memory_form	G60	3200	402	-14077.00000000000000000	-14027.00000000000000000	-0.00355189315905378
memory_form	G60	3200	403	-14069.00000000000000000	-14013.00000000000000000	-0.00398038240102353
synthesis	G63	50	401	-26619.00000000000000000	-26630.00000000000000000	0.00041323866411210
synthesis	G63	50	402	-26599.00000000000000000	-26614.00000000000000000	0.00056393097484868
synthesis	G63	50	403	-26604.00000000000000000	-26619.00000000000000000	0.00056382498872350
synthesis	G63	200	401	-26702.00000000000000000	-26721.00000000000000000	0.00071155718672759
synthesis	G63	200	402	-26701.00000000000000000	-26706.00000000000000000	0.00018725890416089
synthesis	G63	200	403	-26704.00000000000000000	-26715.00000000000000000	0.00041192330736968
synthesis	G63	800	401	-26772.00000000000000000	-26783.00000000000000000	0.00041087703570895
synthesis	G63	800	402	-26779.00000000000000000	-26784.00000000000000000	0.00018671346950969
synthesis	G63	800	403	-26786.00000000000000000	-26799.00000000000000000	0.00048532815649966
synthesis	G63	3200	401	-26830.00000000000000000	-26841.00000000000000000	0.00040998881848677
synthesis	G63	3200	402	-26819.00000000000000000	-26829.00000000000000000	0.00037286998023789
synthesis	G63	3200	403	-26828.00000000000000000	-26839.00000000000000000	0.00041001938273446
memory_form	G63	50	401	-26525.00000000000000000	-26502.00000000000000000	-0.00086710650329877
memory_form	G63	50	402	-26510.00000000000000000	-26509.00000000000000000	-0.00003772161448510
memory_form	G63	50	403	-26524.00000000000000000	-26510.00000000000000000	-0.00052782385763837
memory_form	G63	200	401	-26635.00000000000000000	-26616.00000000000000000	-0.00071334709968087
memory_form	G63	200	402	-26637.00000000000000000	-26630.00000000000000000	-0.00026279235649660
memory_form	G63	200	403	-26626.00000000000000000	-26644.00000000000000000	0.00067603094719447
memory_form	G63	800	401	-26741.00000000000000000	-26739.00000000000000000	-0.00007479151864179
memory_form	G63	800	402	-26733.00000000000000000	-26727.00000000000000000	-0.00022444170126810
memory_form	G63	800	403	-26728.00000000000000000	-26722.00000000000000000	-0.00022448368751871
memory_form	G63	3200	401	-26811.00000000000000000	-26777.00000000000000000	-0.00126813621274850
memory_form	G63	3200	402	-26784.00000000000000000	-26794.00000000000000000	0.00037335722819594
memory_form	G63	3200	403	-26808.00000000000000000	-26789.00000000000000000	-0.00070874365860937
synthesis	G70	50	401	-9248.00000000000000000	-9268.00000000000000000	0.00216262975778547
synthesis	G70	50	402	-9252.00000000000000000	-9263.00000000000000000	0.00118893212278426
synthesis	G70	50	403	-9286.00000000000000000	-9309.00000000000000000	0.00247684686625027
synthesis	G70	200	401	-9360.00000000000000000	-9367.00000000000000000	0.00074786324786325
synthesis	G70	200	402	-9380.00000000000000000	-9389.00000000000000000	0.00095948827292111
synthesis	G70	200	403	-9363.00000000000000000	-9371.00000000000000000	0.00085442699989320
synthesis	G70	800	401	-9423.00000000000000000	-9428.00000000000000000	0.00053061657646185
synthesis	G70	800	402	-9431.00000000000000000	-9444.00000000000000000	0.00137843282790796
synthesis	G70	800	403	-9432.00000000000000000	-9437.00000000000000000	0.00053011026293469
synthesis	G70	3200	401	-9459.00000000000000000	-9464.00000000000000000	0.00052859710328787
synthesis	G70	3200	402	-9475.00000000000000000	-9476.00000000000000000	0.00010554089709763
synthesis	G70	3200	403	-9474.00000000000000000	-9480.00000000000000000	0.00063331222292590
memory_form	G70	50	401	-9172.00000000000000000	-9136.00000000000000000	-0.00392498909725251
memory_form	G70	50	402	-9199.00000000000000000	-9145.00000000000000000	-0.00587020328296554
memory_form	G70	50	403	-9159.00000000000000000	-9135.00000000000000000	-0.00262037340320996
memory_form	G70	200	401	-9307.00000000000000000	-9261.00000000000000000	-0.00494251638551628
memory_form	G70	200	402	-9285.00000000000000000	-9271.00000000000000000	-0.00150780829294561
memory_form	G70	200	403	-9283.00000000000000000	-9258.00000000000000000	-0.00269309490466444
memory_form	G70	800	401	-9418.00000000000000000	-9381.00000000000000000	-0.00392864727118284
memory_form	G70	800	402	-9399.00000000000000000	-9361.00000000000000000	-0.00404298329609533
memory_form	G70	800	403	-9394.00000000000000000	-9355.00000000000000000	-0.00415158611879923
memory_form	G70	3200	401	-9470.00000000000000000	-9424.00000000000000000	-0.00485744456177402
memory_form	G70	3200	402	-9445.00000000000000000	-9428.00000000000000000	-0.00179989412387507
memory_form	G70	3200	403	-9442.00000000000000000	-9424.00000000000000000	-0.00190637576784580
