entities	steps	noise	model	seed	inter_acc	final_acc	final_cos	wall_time_us
32	1	0.00	Candidate_ModernTrilinearChain	4001	1.000000	0.000000	0.071289	468.00
32	1	0.00	B1_LinearTrilinearChain	4001	0.000000	0.000000	0.034180	818.00
32	1	0.00	B0_PairwiseChain	4001	0.000000	0.000000	0.139648	580.00
32	1	0.00	B2_Cascaded1NN	4001	1.000000	1.000000	1.000000	85.00
32	1	0.00	B3_CascadedModernHopfield	4001	1.000000	1.000000	1.000000	450.00
32	1	0.00	Candidate_ModernTrilinearChain	4002	1.000000	0.031250	0.044922	416.00
32	1	0.00	B1_LinearTrilinearChain	4002	0.000000	0.000000	-0.023438	935.00
32	1	0.00	B0_PairwiseChain	4002	0.000000	0.000000	0.150391	619.00
32	1	0.00	B2_Cascaded1NN	4002	1.000000	1.000000	1.000000	87.00
32	1	0.00	B3_CascadedModernHopfield	4002	1.000000	1.000000	1.000000	410.00
32	1	0.00	Candidate_ModernTrilinearChain	4003	1.000000	0.000000	0.094727	415.00
32	1	0.00	B1_LinearTrilinearChain	4003	0.000000	0.000000	-0.036133	1163.00
32	1	0.00	B0_PairwiseChain	4003	0.000000	0.000000	0.139648	755.00
32	1	0.00	B2_Cascaded1NN	4003	1.000000	1.000000	1.000000	87.00
32	1	0.00	B3_CascadedModernHopfield	4003	1.000000	1.000000	1.000000	426.00
32	1	0.00	Candidate_ModernTrilinearChain	4004	1.000000	0.031250	0.035156	279.00
32	1	0.00	B1_LinearTrilinearChain	4004	0.000000	0.000000	0.021484	389.00
32	1	0.00	B0_PairwiseChain	4004	0.000000	0.000000	0.128906	261.00
32	1	0.00	B2_Cascaded1NN	4004	1.000000	1.000000	1.000000	103.00
32	1	0.00	B3_CascadedModernHopfield	4004	1.000000	1.000000	1.000000	388.00
32	1	0.00	Candidate_ModernTrilinearChain	4005	1.000000	0.031250	0.008789	371.00
32	1	0.00	B1_LinearTrilinearChain	4005	0.000000	0.000000	-0.008789	4930.00
32	1	0.00	B0_PairwiseChain	4005	0.000000	0.000000	0.145508	567.00
32	1	0.00	B2_Cascaded1NN	4005	1.000000	1.000000	1.000000	164.00
32	1	0.00	B3_CascadedModernHopfield	4005	1.000000	1.000000	1.000000	624.00
32	1	0.00	Candidate_ModernTrilinearChain	4006	1.000000	0.000000	0.058594	215.00
32	1	0.00	B1_LinearTrilinearChain	4006	0.000000	0.000000	-0.062500	383.00
32	1	0.00	B0_PairwiseChain	4006	0.000000	0.000000	0.125000	430.00
32	1	0.00	B2_Cascaded1NN	4006	1.000000	1.000000	1.000000	51.00
32	1	0.00	B3_CascadedModernHopfield	4006	1.000000	1.000000	1.000000	242.00
32	1	0.00	Candidate_ModernTrilinearChain	4007	1.000000	0.000000	0.151367	248.00
32	1	0.00	B1_LinearTrilinearChain	4007	0.000000	0.000000	-0.041992	387.00
32	1	0.00	B0_PairwiseChain	4007	0.000000	0.000000	0.168945	260.00
32	1	0.00	B2_Cascaded1NN	4007	1.000000	1.000000	1.000000	50.00
32	1	0.00	B3_CascadedModernHopfield	4007	1.000000	1.000000	1.000000	211.00
32	1	0.00	Candidate_ModernTrilinearChain	4008	1.000000	0.031250	0.023438	469.00
32	1	0.00	B1_LinearTrilinearChain	4008	0.000000	0.000000	0.011719	852.00
32	1	0.00	B0_PairwiseChain	4008	0.000000	0.000000	0.128906	568.00
32	1	0.00	B2_Cascaded1NN	4008	1.000000	1.000000	1.000000	88.00
32	1	0.00	B3_CascadedModernHopfield	4008	1.000000	1.000000	1.000000	453.00
32	1	0.00	Candidate_ModernTrilinearChain	4009	1.000000	0.000000	0.032227	401.00
32	1	0.00	B1_LinearTrilinearChain	4009	0.000000	0.000000	-0.026367	1604.00
32	1	0.00	B0_PairwiseChain	4009	0.000000	0.000000	0.135742	994.00
32	1	0.00	B2_Cascaded1NN	4009	1.000000	1.000000	1.000000	185.00
32	1	0.00	B3_CascadedModernHopfield	4009	1.000000	1.000000	1.000000	688.00
32	1	0.00	Candidate_ModernTrilinearChain	4010	1.000000	0.000000	0.082031	826.00
32	1	0.00	B1_LinearTrilinearChain	4010	0.000000	0.000000	0.039062	1188.00
32	1	0.00	B0_PairwiseChain	4010	0.000000	0.000000	0.150391	1043.00
32	1	0.00	B2_Cascaded1NN	4010	1.000000	1.000000	1.000000	123.00
32	1	0.00	B3_CascadedModernHopfield	4010	1.000000	1.000000	1.000000	502.00
32	1	0.00	Candidate_ModernTrilinearChain	4011	1.000000	0.031250	0.000977	308.00
32	1	0.00	B1_LinearTrilinearChain	4011	0.000000	0.000000	0.016602	379.00
32	1	0.00	B0_PairwiseChain	4011	0.000000	0.000000	0.133789	269.00
32	1	0.00	B2_Cascaded1NN	4011	1.000000	1.000000	1.000000	50.00
32	1	0.00	B3_CascadedModernHopfield	4011	1.000000	1.000000	1.000000	212.00
32	1	0.00	Candidate_ModernTrilinearChain	4012	1.000000	0.000000	0.067383	225.00
32	1	0.00	B1_LinearTrilinearChain	4012	0.000000	0.000000	-0.020508	384.00
32	1	0.00	B0_PairwiseChain	4012	0.000000	0.000000	0.139648	5516.00
32	1	0.00	B2_Cascaded1NN	4012	1.000000	1.000000	1.000000	87.00
32	1	0.00	B3_CascadedModernHopfield	4012	1.000000	1.000000	1.000000	406.00
32	1	0.00	Candidate_ModernTrilinearChain	4013	1.000000	0.000000	0.097656	472.00
32	1	0.00	B1_LinearTrilinearChain	4013	0.000000	0.000000	0.001953	750.00
32	1	0.00	B0_PairwiseChain	4013	0.000000	0.000000	0.148438	512.00
32	1	0.00	B2_Cascaded1NN	4013	1.000000	1.000000	1.000000	117.00
32	1	0.00	B3_CascadedModernHopfield	4013	1.000000	1.000000	1.000000	427.00
32	1	0.00	Candidate_ModernTrilinearChain	4014	1.000000	0.000000	0.093750	390.00
32	1	0.00	B1_LinearTrilinearChain	4014	0.000000	0.000000	0.033203	4604.00
32	1	0.00	B0_PairwiseChain	4014	0.000000	0.000000	0.140625	301.00
32	1	0.00	B2_Cascaded1NN	4014	1.000000	1.000000	1.000000	50.00
32	1	0.00	B3_CascadedModernHopfield	4014	1.000000	1.000000	1.000000	280.00
32	1	0.00	Candidate_ModernTrilinearChain	4015	1.000000	0.031250	0.051758	408.00
32	1	0.00	B1_LinearTrilinearChain	4015	0.000000	0.000000	-0.043945	792.00
32	1	0.00	B0_PairwiseChain	4015	0.000000	0.000000	0.143555	532.00
32	1	0.00	B2_Cascaded1NN	4015	1.000000	1.000000	1.000000	86.00
32	1	0.00	B3_CascadedModernHopfield	4015	1.000000	1.000000	1.000000	430.00
32	1	0.00	Candidate_ModernTrilinearChain	4016	1.000000	0.000000	0.081055	447.00
32	1	0.00	B1_LinearTrilinearChain	4016	0.000000	0.000000	0.012695	824.00
32	1	0.00	B0_PairwiseChain	4016	0.000000	0.000000	0.125977	558.00
32	1	0.00	B2_Cascaded1NN	4016	1.000000	1.000000	1.000000	87.00
32	1	0.00	B3_CascadedModernHopfield	4016	1.000000	1.000000	1.000000	441.00
32	1	0.00	Candidate_ModernTrilinearChain	4017	1.000000	0.000000	0.044922	414.00
32	1	0.00	B1_LinearTrilinearChain	4017	0.000000	0.000000	-0.003906	1005.00
32	1	0.00	B0_PairwiseChain	4017	0.000000	0.000000	0.119141	591.00
32	1	0.00	B2_Cascaded1NN	4017	1.000000	1.000000	1.000000	79.00
32	1	0.00	B3_CascadedModernHopfield	4017	1.000000	1.000000	1.000000	458.00
32	1	0.00	Candidate_ModernTrilinearChain	4018	1.000000	0.000000	0.046875	308.00
32	1	0.00	B1_LinearTrilinearChain	4018	0.000000	0.000000	-0.003906	655.00
32	1	0.00	B0_PairwiseChain	4018	0.000000	0.000000	0.125000	395.00
32	1	0.00	B2_Cascaded1NN	4018	1.000000	1.000000	1.000000	65.00
32	1	0.00	B3_CascadedModernHopfield	4018	1.000000	1.000000	1.000000	214.00
32	1	0.00	Candidate_ModernTrilinearChain	4019	1.000000	0.000000	0.042969	520.00
32	1	0.00	B1_LinearTrilinearChain	4019	0.000000	0.000000	0.003906	594.00
32	1	0.00	B0_PairwiseChain	4019	0.000000	0.000000	0.128906	329.00
32	1	0.00	B2_Cascaded1NN	4019	1.000000	1.000000	1.000000	50.00
32	1	0.00	B3_CascadedModernHopfield	4019	1.000000	1.000000	1.000000	216.00
32	1	0.00	Candidate_ModernTrilinearChain	4020	1.000000	0.000000	0.058594	216.00
32	1	0.00	B1_LinearTrilinearChain	4020	0.000000	0.000000	0.005859	580.00
32	1	0.00	B0_PairwiseChain	4020	0.000000	0.000000	0.136719	369.00
32	1	0.00	B2_Cascaded1NN	4020	1.000000	1.000000	1.000000	73.00
32	1	0.00	B3_CascadedModernHopfield	4020	1.000000	1.000000	1.000000	297.00
32	2	0.00	Candidate_ModernTrilinearChain	4001	1.000000	1.000000	1.000000	876.00
32	2	0.00	B1_LinearTrilinearChain	4001	0.000000	0.000000	0.622070	1608.00
32	2	0.00	B0_PairwiseChain	4001	0.000000	0.000000	0.238281	1107.00
32	2	0.00	B2_Cascaded1NN	4001	1.000000	1.000000	1.000000	89.00
32	2	0.00	B3_CascadedModernHopfield	4001	1.000000	1.000000	1.000000	448.00
32	2	0.00	Candidate_ModernTrilinearChain	4002	1.000000	1.000000	1.000000	827.00
32	2	0.00	B1_LinearTrilinearChain	4002	0.000000	0.000000	0.566406	1600.00
32	2	0.00	B0_PairwiseChain	4002	0.000000	0.000000	0.188477	1145.00
32	2	0.00	B2_Cascaded1NN	4002	1.000000	1.000000	1.000000	90.00
32	2	0.00	B3_CascadedModernHopfield	4002	1.000000	1.000000	1.000000	423.00
32	2	0.00	Candidate_ModernTrilinearChain	4003	1.000000	1.000000	1.000000	823.00
32	2	0.00	B1_LinearTrilinearChain	4003	0.000000	0.000000	0.552734	1634.00
32	2	0.00	B0_PairwiseChain	4003	0.000000	0.000000	0.192383	1173.00
32	2	0.00	B2_Cascaded1NN	4003	1.000000	1.000000	1.000000	86.00
32	2	0.00	B3_CascadedModernHopfield	4003	1.000000	1.000000	1.000000	411.00
32	2	0.00	Candidate_ModernTrilinearChain	4004	1.000000	1.000000	1.000000	827.00
32	2	0.00	B1_LinearTrilinearChain	4004	0.000000	0.000000	0.500977	1623.00
32	2	0.00	B0_PairwiseChain	4004	0.000000	0.000000	0.236328	1184.00
32	2	0.00	B2_Cascaded1NN	4004	1.000000	1.000000	1.000000	91.00
32	2	0.00	B3_CascadedModernHopfield	4004	1.000000	1.000000	1.000000	413.00
32	2	0.00	Candidate_ModernTrilinearChain	4005	1.000000	1.000000	1.000000	849.00
32	2	0.00	B1_LinearTrilinearChain	4005	0.000000	0.000000	0.595703	1604.00
32	2	0.00	B0_PairwiseChain	4005	0.000000	0.000000	0.220703	1138.00
32	2	0.00	B2_Cascaded1NN	4005	1.000000	1.000000	1.000000	88.00
32	2	0.00	B3_CascadedModernHopfield	4005	1.000000	1.000000	1.000000	521.00
32	2	0.00	Candidate_ModernTrilinearChain	4006	1.000000	1.000000	1.000000	825.00
32	2	0.00	B1_LinearTrilinearChain	4006	0.000000	0.000000	0.526367	1661.00
32	2	0.00	B0_PairwiseChain	4006	0.000000	0.000000	0.205078	1143.00
32	2	0.00	B2_Cascaded1NN	4006	1.000000	1.000000	1.000000	84.00
32	2	0.00	B3_CascadedModernHopfield	4006	1.000000	1.000000	1.000000	441.00
32	2	0.00	Candidate_ModernTrilinearChain	4007	1.000000	1.000000	1.000000	784.00
32	2	0.00	B1_LinearTrilinearChain	4007	0.000000	0.000000	0.582031	1649.00
32	2	0.00	B0_PairwiseChain	4007	0.000000	0.000000	0.200195	5224.00
32	2	0.00	B2_Cascaded1NN	4007	1.000000	1.000000	1.000000	91.00
32	2	0.00	B3_CascadedModernHopfield	4007	1.000000	1.000000	1.000000	726.00
32	2	0.00	Candidate_ModernTrilinearChain	4008	1.000000	1.000000	1.000000	828.00
32	2	0.00	B1_LinearTrilinearChain	4008	0.000000	0.000000	0.554688	1534.00
32	2	0.00	B0_PairwiseChain	4008	0.000000	0.000000	0.228516	5059.00
32	2	0.00	B2_Cascaded1NN	4008	1.000000	1.000000	1.000000	162.00
32	2	0.00	B3_CascadedModernHopfield	4008	1.000000	1.000000	1.000000	699.00
32	2	0.00	Candidate_ModernTrilinearChain	4009	1.000000	1.000000	1.000000	882.00
32	2	0.00	B1_LinearTrilinearChain	4009	0.000000	0.000000	0.613281	1597.00
32	2	0.00	B0_PairwiseChain	4009	0.000000	0.000000	0.196289	2698.00
32	2	0.00	B2_Cascaded1NN	4009	1.000000	1.000000	1.000000	88.00
32	2	0.00	B3_CascadedModernHopfield	4009	1.000000	1.000000	1.000000	497.00
32	2	0.00	Candidate_ModernTrilinearChain	4010	1.000000	1.000000	1.000000	812.00
32	2	0.00	B1_LinearTrilinearChain	4010	0.000000	0.000000	0.524414	1697.00
32	2	0.00	B0_PairwiseChain	4010	0.000000	0.000000	0.229492	1434.00
32	2	0.00	B2_Cascaded1NN	4010	1.000000	1.000000	1.000000	87.00
32	2	0.00	B3_CascadedModernHopfield	4010	1.000000	1.000000	1.000000	404.00
32	2	0.00	Candidate_ModernTrilinearChain	4011	1.000000	1.000000	1.000000	465.00
32	2	0.00	B1_LinearTrilinearChain	4011	0.000000	0.000000	0.496094	901.00
32	2	0.00	B0_PairwiseChain	4011	0.000000	0.000000	0.204102	736.00
32	2	0.00	B2_Cascaded1NN	4011	1.000000	1.000000	1.000000	52.00
32	2	0.00	B3_CascadedModernHopfield	4011	1.000000	1.000000	1.000000	302.00
32	2	0.00	Candidate_ModernTrilinearChain	4012	1.000000	1.000000	1.000000	515.00
32	2	0.00	B1_LinearTrilinearChain	4012	0.000000	0.000000	0.475586	1246.00
32	2	0.00	B0_PairwiseChain	4012	0.000000	0.000000	0.196289	8444.00
32	2	0.00	B2_Cascaded1NN	4012	1.000000	1.000000	1.000000	70.00
32	2	0.00	B3_CascadedModernHopfield	4012	1.000000	1.000000	1.000000	220.00
32	2	0.00	Candidate_ModernTrilinearChain	4013	1.000000	1.000000	1.000000	448.00
32	2	0.00	B1_LinearTrilinearChain	4013	0.000000	0.000000	0.601562	1072.00
32	2	0.00	B0_PairwiseChain	4013	0.000000	0.000000	0.186523	583.00
32	2	0.00	B2_Cascaded1NN	4013	1.000000	1.000000	1.000000	52.00
32	2	0.00	B3_CascadedModernHopfield	4013	1.000000	1.000000	1.000000	224.00
32	2	0.00	Candidate_ModernTrilinearChain	4014	1.000000	1.000000	1.000000	552.00
32	2	0.00	B1_LinearTrilinearChain	4014	0.000000	0.000000	0.590820	5060.00
32	2	0.00	B0_PairwiseChain	4014	0.000000	0.000000	0.205078	1113.00
32	2	0.00	B2_Cascaded1NN	4014	1.000000	1.000000	1.000000	92.00
32	2	0.00	B3_CascadedModernHopfield	4014	1.000000	1.000000	1.000000	417.00
32	2	0.00	Candidate_ModernTrilinearChain	4015	1.000000	1.000000	1.000000	733.00
32	2	0.00	B1_LinearTrilinearChain	4015	0.000000	0.000000	0.617188	1025.00
32	2	0.00	B0_PairwiseChain	4015	0.000000	0.000000	0.199219	8255.00
32	2	0.00	B2_Cascaded1NN	4015	1.000000	1.000000	1.000000	86.00
32	2	0.00	B3_CascadedModernHopfield	4015	1.000000	1.000000	1.000000	404.00
32	2	0.00	Candidate_ModernTrilinearChain	4016	1.000000	1.000000	1.000000	808.00
32	2	0.00	B1_LinearTrilinearChain	4016	0.000000	0.000000	0.492188	1605.00
32	2	0.00	B0_PairwiseChain	4016	0.000000	0.000000	0.229492	1106.00
32	2	0.00	B2_Cascaded1NN	4016	1.000000	1.000000	1.000000	88.00
32	2	0.00	B3_CascadedModernHopfield	4016	1.000000	1.000000	1.000000	489.00
32	2	0.00	Candidate_ModernTrilinearChain	4017	1.000000	1.000000	1.000000	811.00
32	2	0.00	B1_LinearTrilinearChain	4017	0.000000	0.000000	0.557617	1673.00
32	2	0.00	B0_PairwiseChain	4017	0.000000	0.000000	0.187500	1122.00
32	2	0.00	B2_Cascaded1NN	4017	1.000000	1.000000	1.000000	4174.00
32	2	0.00	B3_CascadedModernHopfield	4017	1.000000	1.000000	1.000000	558.00
32	2	0.00	Candidate_ModernTrilinearChain	4018	1.000000	1.000000	1.000000	831.00
32	2	0.00	B1_LinearTrilinearChain	4018	0.000000	0.000000	0.618164	1649.00
32	2	0.00	B0_PairwiseChain	4018	0.000000	0.000000	0.202148	6143.00
32	2	0.00	B2_Cascaded1NN	4018	1.000000	1.000000	1.000000	216.00
32	2	0.00	B3_CascadedModernHopfield	4018	1.000000	1.000000	1.000000	410.00
32	2	0.00	Candidate_ModernTrilinearChain	4019	1.000000	1.000000	1.000000	1486.00
32	2	0.00	B1_LinearTrilinearChain	4019	0.000000	0.000000	0.541992	1972.00
32	2	0.00	B0_PairwiseChain	4019	0.000000	0.000000	0.224609	509.00
32	2	0.00	B2_Cascaded1NN	4019	1.000000	1.000000	1.000000	54.00
32	2	0.00	B3_CascadedModernHopfield	4019	1.000000	1.000000	1.000000	277.00
32	2	0.00	Candidate_ModernTrilinearChain	4020	1.000000	1.000000	1.000000	834.00
32	2	0.00	B1_LinearTrilinearChain	4020	0.000000	0.000000	0.490234	5610.00
32	2	0.00	B0_PairwiseChain	4020	0.000000	0.000000	0.166992	1178.00
32	2	0.00	B2_Cascaded1NN	4020	1.000000	1.000000	1.000000	86.00
32	2	0.00	B3_CascadedModernHopfield	4020	1.000000	1.000000	1.000000	399.00
32	4	0.00	Candidate_ModernTrilinearChain	4001	1.000000	1.000000	1.000000	1098.00
32	4	0.00	B1_LinearTrilinearChain	4001	0.000000	0.031250	0.642578	1527.00
32	4	0.00	B0_PairwiseChain	4001	0.000000	0.000000	0.238281	1016.00
32	4	0.00	B2_Cascaded1NN	4001	1.000000	1.000000	1.000000	52.00
32	4	0.00	B3_CascadedModernHopfield	4001	1.000000	1.000000	1.000000	213.00
32	4	0.00	Candidate_ModernTrilinearChain	4002	1.000000	1.000000	1.000000	8850.00
32	4	0.00	B1_LinearTrilinearChain	4002	0.000000	0.000000	0.664062	3441.00
32	4	0.00	B0_PairwiseChain	4002	0.000000	0.000000	0.188477	2277.00
32	4	0.00	B2_Cascaded1NN	4002	1.000000	1.000000	1.000000	86.00
32	4	0.00	B3_CascadedModernHopfield	4002	1.000000	1.000000	1.000000	404.00
32	4	0.00	Candidate_ModernTrilinearChain	4003	1.000000	1.000000	1.000000	1683.00
32	4	0.00	B1_LinearTrilinearChain	4003	0.000000	0.000000	0.587891	5105.00
32	4	0.00	B0_PairwiseChain	4003	0.000000	0.000000	0.192383	2258.00
32	4	0.00	B2_Cascaded1NN	4003	1.000000	1.000000	1.000000	88.00
32	4	0.00	B3_CascadedModernHopfield	4003	1.000000	1.000000	1.000000	4489.00
32	4	0.00	Candidate_ModernTrilinearChain	4004	1.000000	1.000000	1.000000	1621.00
32	4	0.00	B1_LinearTrilinearChain	4004	0.000000	0.000000	0.570312	7217.00
32	4	0.00	B0_PairwiseChain	4004	0.000000	0.000000	0.236328	2288.00
32	4	0.00	B2_Cascaded1NN	4004	1.000000	1.000000	1.000000	143.00
32	4	0.00	B3_CascadedModernHopfield	4004	1.000000	1.000000	1.000000	438.00
32	4	0.00	Candidate_ModernTrilinearChain	4005	1.000000	1.000000	1.000000	5649.00
32	4	0.00	B1_LinearTrilinearChain	4005	0.000000	0.000000	0.634766	1478.00
32	4	0.00	B0_PairwiseChain	4005	0.000000	0.000000	0.220703	1088.00
32	4	0.00	B2_Cascaded1NN	4005	1.000000	1.000000	1.000000	58.00
32	4	0.00	B3_CascadedModernHopfield	4005	1.000000	1.000000	1.000000	223.00
32	4	0.00	Candidate_ModernTrilinearChain	4006	1.000000	1.000000	1.000000	895.00
32	4	0.00	B1_LinearTrilinearChain	4006	0.000000	0.000000	0.584961	1496.00
32	4	0.00	B0_PairwiseChain	4006	0.000000	0.000000	0.205078	1064.00
32	4	0.00	B2_Cascaded1NN	4006	1.000000	1.000000	1.000000	81.00
32	4	0.00	B3_CascadedModernHopfield	4006	1.000000	1.000000	1.000000	376.00
32	4	0.00	Candidate_ModernTrilinearChain	4007	1.000000	1.000000	1.000000	5609.00
32	4	0.00	B1_LinearTrilinearChain	4007	0.000000	0.000000	0.613281	3673.00
32	4	0.00	B0_PairwiseChain	4007	0.000000	0.000000	0.200195	1019.00
32	4	0.00	B2_Cascaded1NN	4007	1.000000	1.000000	1.000000	52.00
32	4	0.00	B3_CascadedModernHopfield	4007	1.000000	1.000000	1.000000	395.00
32	4	0.00	Candidate_ModernTrilinearChain	4008	1.000000	1.000000	1.000000	1242.00
32	4	0.00	B1_LinearTrilinearChain	4008	0.000000	0.000000	0.639648	2180.00
32	4	0.00	B0_PairwiseChain	4008	0.000000	0.000000	0.228516	1499.00
32	4	0.00	B2_Cascaded1NN	4008	1.000000	1.000000	1.000000	90.00
32	4	0.00	B3_CascadedModernHopfield	4008	1.000000	1.000000	1.000000	637.00
32	4	0.00	Candidate_ModernTrilinearChain	4009	1.000000	1.000000	1.000000	2118.00
32	4	0.00	B1_LinearTrilinearChain	4009	0.000000	0.000000	0.646484	3145.00
32	4	0.00	B0_PairwiseChain	4009	0.000000	0.000000	0.196289	2281.00
32	4	0.00	B2_Cascaded1NN	4009	1.000000	1.000000	1.000000	212.00
32	4	0.00	B3_CascadedModernHopfield	4009	1.000000	1.000000	1.000000	407.00
32	4	0.00	Candidate_ModernTrilinearChain	4010	1.000000	1.000000	1.000000	1644.00
32	4	0.00	B1_LinearTrilinearChain	4010	0.000000	0.000000	0.583008	2530.00
32	4	0.00	B0_PairwiseChain	4010	0.000000	0.000000	0.229492	2303.00
32	4	0.00	B2_Cascaded1NN	4010	1.000000	1.000000	1.000000	95.00
32	4	0.00	B3_CascadedModernHopfield	4010	1.000000	1.000000	1.000000	415.00
32	4	0.00	Candidate_ModernTrilinearChain	4011	1.000000	1.000000	1.000000	943.00
32	4	0.00	B1_LinearTrilinearChain	4011	0.000000	0.000000	0.605469	1550.00
32	4	0.00	B0_PairwiseChain	4011	0.000000	0.000000	0.204102	1064.00
32	4	0.00	B2_Cascaded1NN	4011	1.000000	1.000000	1.000000	51.00
32	4	0.00	B3_CascadedModernHopfield	4011	1.000000	1.000000	1.000000	217.00
32	4	0.00	Candidate_ModernTrilinearChain	4012	1.000000	1.000000	1.000000	1286.00
32	4	0.00	B1_LinearTrilinearChain	4012	0.000000	0.000000	0.566406	1514.00
32	4	0.00	B0_PairwiseChain	4012	0.000000	0.000000	0.196289	1032.00
32	4	0.00	B2_Cascaded1NN	4012	1.000000	1.000000	1.000000	56.00
32	4	0.00	B3_CascadedModernHopfield	4012	1.000000	1.000000	1.000000	4328.00
32	4	0.00	Candidate_ModernTrilinearChain	4013	1.000000	1.000000	1.000000	1003.00
32	4	0.00	B1_LinearTrilinearChain	4013	0.000000	0.000000	0.669922	1545.00
32	4	0.00	B0_PairwiseChain	4013	0.000000	0.000000	0.186523	5192.00
32	4	0.00	B2_Cascaded1NN	4013	1.000000	1.000000	1.000000	53.00
32	4	0.00	B3_CascadedModernHopfield	4013	1.000000	1.000000	1.000000	217.00
32	4	0.00	Candidate_ModernTrilinearChain	4014	1.000000	1.000000	1.000000	869.00
32	4	0.00	B1_LinearTrilinearChain	4014	0.000000	0.000000	0.636719	1598.00
32	4	0.00	B0_PairwiseChain	4014	0.000000	0.000000	0.205078	1024.00
32	4	0.00	B2_Cascaded1NN	4014	1.000000	1.000000	1.000000	4098.00
32	4	0.00	B3_CascadedModernHopfield	4014	1.000000	1.000000	1.000000	235.00
32	4	0.00	Candidate_ModernTrilinearChain	4015	1.000000	1.000000	1.000000	990.00
32	4	0.00	B1_LinearTrilinearChain	4015	0.000000	0.000000	0.664062	1621.00
32	4	0.00	B0_PairwiseChain	4015	0.000000	0.000000	0.199219	1618.00
32	4	0.00	B2_Cascaded1NN	4015	1.000000	1.000000	1.000000	56.00
32	4	0.00	B3_CascadedModernHopfield	4015	1.000000	1.000000	1.000000	272.00
32	4	0.00	Candidate_ModernTrilinearChain	4016	1.000000	1.000000	1.000000	849.00
32	4	0.00	B1_LinearTrilinearChain	4016	0.000000	0.000000	0.558594	1703.00
32	4	0.00	B0_PairwiseChain	4016	0.000000	0.000000	0.229492	5599.00
32	4	0.00	B2_Cascaded1NN	4016	1.000000	1.000000	1.000000	138.00
32	4	0.00	B3_CascadedModernHopfield	4016	1.000000	1.000000	1.000000	402.00
32	4	0.00	Candidate_ModernTrilinearChain	4017	1.000000	1.000000	1.000000	1547.00
32	4	0.00	B1_LinearTrilinearChain	4017	0.000000	0.000000	0.651367	6312.00
32	4	0.00	B0_PairwiseChain	4017	0.000000	0.000000	0.187500	2497.00
32	4	0.00	B2_Cascaded1NN	4017	1.000000	1.000000	1.000000	81.00
32	4	0.00	B3_CascadedModernHopfield	4017	1.000000	1.000000	1.000000	375.00
32	4	0.00	Candidate_ModernTrilinearChain	4018	1.000000	1.000000	1.000000	5569.00
32	4	0.00	B1_LinearTrilinearChain	4018	0.000000	0.000000	0.641602	1612.00
32	4	0.00	B0_PairwiseChain	4018	0.000000	0.000000	0.202148	5107.00
32	4	0.00	B2_Cascaded1NN	4018	1.000000	1.000000	1.000000	57.00
32	4	0.00	B3_CascadedModernHopfield	4018	1.000000	1.000000	1.000000	221.00
32	4	0.00	Candidate_ModernTrilinearChain	4019	1.000000	1.000000	1.000000	830.00
32	4	0.00	B1_LinearTrilinearChain	4019	0.000000	0.000000	0.614258	1620.00
32	4	0.00	B0_PairwiseChain	4019	0.000000	0.000000	0.224609	1081.00
32	4	0.00	B2_Cascaded1NN	4019	1.000000	1.000000	1.000000	4147.00
32	4	0.00	B3_CascadedModernHopfield	4019	1.000000	1.000000	1.000000	226.00
32	4	0.00	Candidate_ModernTrilinearChain	4020	1.000000	1.000000	1.000000	1796.00
32	4	0.00	B1_LinearTrilinearChain	4020	0.000000	0.000000	0.541992	3198.00
32	4	0.00	B0_PairwiseChain	4020	0.000000	0.000000	0.166992	2289.00
32	4	0.00	B2_Cascaded1NN	4020	1.000000	1.000000	1.000000	94.00
32	4	0.00	B3_CascadedModernHopfield	4020	1.000000	1.000000	1.000000	414.00
32	8	0.00	Candidate_ModernTrilinearChain	4001	1.000000	1.000000	1.000000	3384.00
32	8	0.00	B1_LinearTrilinearChain	4001	0.062500	0.031250	0.669922	6805.00
32	8	0.00	B0_PairwiseChain	4001	0.000000	0.000000	0.238281	6387.00
32	8	0.00	B2_Cascaded1NN	4001	1.000000	1.000000	1.000000	55.00
32	8	0.00	B3_CascadedModernHopfield	4001	1.000000	1.000000	1.000000	355.00
32	8	0.00	Candidate_ModernTrilinearChain	4002	1.000000	1.000000	1.000000	5973.00
32	8	0.00	B1_LinearTrilinearChain	4002	0.093750	0.000000	0.684570	12625.00
32	8	0.00	B0_PairwiseChain	4002	0.000000	0.000000	0.188477	11982.00
32	8	0.00	B2_Cascaded1NN	4002	1.000000	1.000000	1.000000	88.00
32	8	0.00	B3_CascadedModernHopfield	4002	1.000000	1.000000	1.000000	412.00
32	8	0.00	Candidate_ModernTrilinearChain	4003	1.000000	1.000000	1.000000	7879.00
32	8	0.00	B1_LinearTrilinearChain	4003	0.000000	0.000000	0.616211	6616.00
32	8	0.00	B0_PairwiseChain	4003	0.000000	0.000000	0.192383	6523.00
32	8	0.00	B2_Cascaded1NN	4003	1.000000	1.000000	1.000000	51.00
32	8	0.00	B3_CascadedModernHopfield	4003	1.000000	1.000000	1.000000	267.00
32	8	0.00	Candidate_ModernTrilinearChain	4004	1.000000	1.000000	1.000000	4533.00
32	8	0.00	B1_LinearTrilinearChain	4004	0.000000	0.000000	0.623047	7994.00
32	8	0.00	B0_PairwiseChain	4004	0.000000	0.000000	0.236328	5483.00
32	8	0.00	B2_Cascaded1NN	4004	1.000000	1.000000	1.000000	52.00
32	8	0.00	B3_CascadedModernHopfield	4004	1.000000	1.000000	1.000000	342.00
32	8	0.00	Candidate_ModernTrilinearChain	4005	1.000000	1.000000	1.000000	3982.00
32	8	0.00	B1_LinearTrilinearChain	4005	0.000000	0.000000	0.664062	3368.00
32	8	0.00	B0_PairwiseChain	4005	0.000000	0.000000	0.220703	7251.00
32	8	0.00	B2_Cascaded1NN	4005	1.000000	1.000000	1.000000	53.00
32	8	0.00	B3_CascadedModernHopfield	4005	1.000000	1.000000	1.000000	229.00
32	8	0.00	Candidate_ModernTrilinearChain	4006	1.000000	1.000000	1.000000	6982.00
32	8	0.00	B1_LinearTrilinearChain	4006	0.031250	0.000000	0.606445	7700.00
32	8	0.00	B0_PairwiseChain	4006	0.000000	0.000000	0.205078	2007.00
32	8	0.00	B2_Cascaded1NN	4006	1.000000	1.000000	1.000000	51.00
32	8	0.00	B3_CascadedModernHopfield	4006	1.000000	1.000000	1.000000	260.00
32	8	0.00	Candidate_ModernTrilinearChain	4007	1.000000	1.000000	1.000000	5573.00
32	8	0.00	B1_LinearTrilinearChain	4007	0.000000	0.000000	0.625977	5524.00
32	8	0.00	B0_PairwiseChain	4007	0.000000	0.000000	0.200195	7228.00
32	8	0.00	B2_Cascaded1NN	4007	1.000000	1.000000	1.000000	86.00
32	8	0.00	B3_CascadedModernHopfield	4007	1.000000	1.000000	1.000000	347.00
32	8	0.00	Candidate_ModernTrilinearChain	4008	1.000000	1.000000	1.000000	4580.00
32	8	0.00	B1_LinearTrilinearChain	4008	0.000000	0.000000	0.673828	8334.00
32	8	0.00	B0_PairwiseChain	4008	0.000000	0.000000	0.228516	6645.00
32	8	0.00	B2_Cascaded1NN	4008	1.000000	1.000000	1.000000	65.00
32	8	0.00	B3_CascadedModernHopfield	4008	1.000000	1.000000	1.000000	251.00
32	8	0.00	Candidate_ModernTrilinearChain	4009	1.000000	1.000000	1.000000	1968.00
32	8	0.00	B1_LinearTrilinearChain	4009	0.000000	0.000000	0.650391	2972.00
32	8	0.00	B0_PairwiseChain	4009	0.000000	0.000000	0.196289	7333.00
32	8	0.00	B2_Cascaded1NN	4009	1.000000	1.000000	1.000000	53.00
32	8	0.00	B3_CascadedModernHopfield	4009	1.000000	1.000000	1.000000	215.00
32	8	0.00	Candidate_ModernTrilinearChain	4010	1.000000	1.000000	1.000000	5487.00
32	8	0.00	B1_LinearTrilinearChain	4010	0.031250	0.000000	0.612305	3138.00
32	8	0.00	B0_PairwiseChain	4010	0.000000	0.000000	0.229492	21527.00
32	8	0.00	B2_Cascaded1NN	4010	1.000000	1.000000	1.000000	94.00
32	8	0.00	B3_CascadedModernHopfield	4010	1.000000	1.000000	1.000000	419.00
32	8	0.00	Candidate_ModernTrilinearChain	4011	1.000000	1.000000	1.000000	3154.00
32	8	0.00	B1_LinearTrilinearChain	4011	0.031250	0.000000	0.646484	18629.00
32	8	0.00	B0_PairwiseChain	4011	0.000000	0.000000	0.204102	4499.00
32	8	0.00	B2_Cascaded1NN	4011	1.000000	1.000000	1.000000	143.00
32	8	0.00	B3_CascadedModernHopfield	4011	1.000000	1.000000	1.000000	456.00
32	8	0.00	Candidate_ModernTrilinearChain	4012	1.000000	1.000000	1.000000	3216.00
32	8	0.00	B1_LinearTrilinearChain	4012	0.062500	0.000000	0.599609	6433.00
32	8	0.00	B0_PairwiseChain	4012	0.000000	0.000000	0.196289	14178.00
32	8	0.00	B2_Cascaded1NN	4012	1.000000	1.000000	1.000000	90.00
32	8	0.00	B3_CascadedModernHopfield	4012	1.000000	1.000000	1.000000	395.00
32	8	0.00	Candidate_ModernTrilinearChain	4013	1.000000	1.000000	1.000000	7080.00
32	8	0.00	B1_LinearTrilinearChain	4013	0.125000	0.000000	0.704102	15495.00
32	8	0.00	B0_PairwiseChain	4013	0.000000	0.000000	0.186523	8472.00
32	8	0.00	B2_Cascaded1NN	4013	1.000000	1.000000	1.000000	87.00
32	8	0.00	B3_CascadedModernHopfield	4013	1.000000	1.000000	1.000000	443.00
32	8	0.00	Candidate_ModernTrilinearChain	4014	1.000000	1.000000	1.000000	3638.00
32	8	0.00	B1_LinearTrilinearChain	4014	0.000000	0.000000	0.650391	6452.00
32	8	0.00	B0_PairwiseChain	4014	0.000000	0.000000	0.205078	9862.00
32	8	0.00	B2_Cascaded1NN	4014	1.000000	1.000000	1.000000	89.00
32	8	0.00	B3_CascadedModernHopfield	4014	1.000000	1.000000	1.000000	473.00
32	8	0.00	Candidate_ModernTrilinearChain	4015	1.000000	1.000000	1.000000	4184.00
32	8	0.00	B1_LinearTrilinearChain	4015	0.031250	0.031250	0.688477	10333.00
32	8	0.00	B0_PairwiseChain	4015	0.000000	0.000000	0.199219	4863.00
32	8	0.00	B2_Cascaded1NN	4015	1.000000	1.000000	1.000000	93.00
32	8	0.00	B3_CascadedModernHopfield	4015	1.000000	1.000000	1.000000	474.00
32	8	0.00	Candidate_ModernTrilinearChain	4016	1.000000	1.000000	1.000000	6615.00
32	8	0.00	B1_LinearTrilinearChain	4016	0.031250	0.000000	0.583984	15794.00
32	8	0.00	B0_PairwiseChain	4016	0.000000	0.000000	0.229492	4577.00
32	8	0.00	B2_Cascaded1NN	4016	1.000000	1.000000	1.000000	88.00
32	8	0.00	B3_CascadedModernHopfield	4016	1.000000	1.000000	1.000000	428.00
32	8	0.00	Candidate_ModernTrilinearChain	4017	1.000000	1.000000	1.000000	10311.00
32	8	0.00	B1_LinearTrilinearChain	4017	0.062500	0.000000	0.685547	8520.00
32	8	0.00	B0_PairwiseChain	4017	0.000000	0.000000	0.187500	5529.00
32	8	0.00	B2_Cascaded1NN	4017	1.000000	1.000000	1.000000	164.00
32	8	0.00	B3_CascadedModernHopfield	4017	1.000000	1.000000	1.000000	676.00
32	8	0.00	Candidate_ModernTrilinearChain	4018	1.000000	1.000000	1.000000	9813.00
32	8	0.00	B1_LinearTrilinearChain	4018	0.062500	0.000000	0.649414	3334.00
32	8	0.00	B0_PairwiseChain	4018	0.000000	0.000000	0.202148	5127.00
32	8	0.00	B2_Cascaded1NN	4018	1.000000	1.000000	1.000000	53.00
32	8	0.00	B3_CascadedModernHopfield	4018	1.000000	1.000000	1.000000	227.00
32	8	0.00	Candidate_ModernTrilinearChain	4019	1.000000	1.000000	1.000000	1833.00
32	8	0.00	B1_LinearTrilinearChain	4019	0.062500	0.000000	0.633789	7233.00
32	8	0.00	B0_PairwiseChain	4019	0.000000	0.000000	0.224609	3916.00
32	8	0.00	B2_Cascaded1NN	4019	1.000000	1.000000	1.000000	52.00
32	8	0.00	B3_CascadedModernHopfield	4019	1.000000	1.000000	1.000000	16942.00
32	8	0.00	Candidate_ModernTrilinearChain	4020	1.000000	1.000000	1.000000	3559.00
32	8	0.00	B1_LinearTrilinearChain	4020	0.000000	0.000000	0.569336	6581.00
32	8	0.00	B0_PairwiseChain	4020	0.000000	0.000000	0.166992	5465.00
32	8	0.00	B2_Cascaded1NN	4020	1.000000	1.000000	1.000000	97.00
32	8	0.00	B3_CascadedModernHopfield	4020	1.000000	1.000000	1.000000	477.00
32	1	0.15	Candidate_ModernTrilinearChain	4001	0.968750	0.000000	0.088867	543.00
32	1	0.15	B1_LinearTrilinearChain	4001	0.000000	0.000000	0.034180	7156.00
32	1	0.15	B0_PairwiseChain	4001	0.000000	0.000000	0.134766	455.00
32	1	0.15	B2_Cascaded1NN	4001	1.000000	1.000000	1.000000	94.00
32	1	0.15	B3_CascadedModernHopfield	4001	1.000000	1.000000	1.000000	245.00
32	1	0.15	Candidate_ModernTrilinearChain	4002	1.000000	0.000000	0.066406	251.00
32	1	0.15	B1_LinearTrilinearChain	4002	0.000000	0.000000	-0.023438	474.00
32	1	0.15	B0_PairwiseChain	4002	0.000000	0.000000	0.153320	294.00
32	1	0.15	B2_Cascaded1NN	4002	1.000000	1.000000	1.000000	77.00
32	1	0.15	B3_CascadedModernHopfield	4002	1.000000	1.000000	1.000000	279.00
32	1	0.15	Candidate_ModernTrilinearChain	4003	1.000000	0.000000	0.109375	483.00
32	1	0.15	B1_LinearTrilinearChain	4003	0.000000	0.000000	-0.036133	945.00
32	1	0.15	B0_PairwiseChain	4003	0.000000	0.000000	0.123047	543.00
32	1	0.15	B2_Cascaded1NN	4003	1.000000	1.000000	1.000000	188.00
32	1	0.15	B3_CascadedModernHopfield	4003	1.000000	1.000000	1.000000	433.00
32	1	0.15	Candidate_ModernTrilinearChain	4004	1.000000	0.031250	0.038086	457.00
32	1	0.15	B1_LinearTrilinearChain	4004	0.000000	0.000000	0.021484	831.00
32	1	0.15	B0_PairwiseChain	4004	0.000000	0.000000	0.124023	562.00
32	1	0.15	B2_Cascaded1NN	4004	1.000000	1.000000	1.000000	121.00
32	1	0.15	B3_CascadedModernHopfield	4004	0.968750	1.000000	1.000000	10668.00
32	1	0.15	Candidate_ModernTrilinearChain	4005	1.000000	0.031250	0.014648	510.00
32	1	0.15	B1_LinearTrilinearChain	4005	0.000000	0.000000	-0.008789	836.00
32	1	0.15	B0_PairwiseChain	4005	0.000000	0.000000	0.141602	854.00
32	1	0.15	B2_Cascaded1NN	4005	1.000000	1.000000	1.000000	132.00
32	1	0.15	B3_CascadedModernHopfield	4005	1.000000	1.000000	1.000000	494.00
32	1	0.15	Candidate_ModernTrilinearChain	4006	0.968750	0.000000	0.080078	457.00
32	1	0.15	B1_LinearTrilinearChain	4006	0.000000	0.000000	-0.062500	970.00
32	1	0.15	B0_PairwiseChain	4006	0.000000	0.000000	0.120117	636.00
32	1	0.15	B2_Cascaded1NN	4006	1.000000	1.000000	1.000000	129.00
32	1	0.15	B3_CascadedModernHopfield	4006	0.968750	1.000000	1.000000	492.00
32	1	0.15	Candidate_ModernTrilinearChain	4007	0.968750	0.000000	0.158203	481.00
32	1	0.15	B1_LinearTrilinearChain	4007	0.000000	0.000000	-0.041992	870.00
32	1	0.15	B0_PairwiseChain	4007	0.000000	0.000000	0.161133	604.00
32	1	0.15	B2_Cascaded1NN	4007	1.000000	1.000000	1.000000	119.00
32	1	0.15	B3_CascadedModernHopfield	4007	0.968750	1.000000	1.000000	528.00
32	1	0.15	Candidate_ModernTrilinearChain	4008	1.000000	0.000000	0.052734	511.00
32	1	0.15	B1_LinearTrilinearChain	4008	0.000000	0.000000	0.011719	841.00
32	1	0.15	B0_PairwiseChain	4008	0.000000	0.000000	0.125000	659.00
32	1	0.15	B2_Cascaded1NN	4008	1.000000	1.000000	1.000000	166.00
32	1	0.15	B3_CascadedModernHopfield	4008	1.000000	1.000000	1.000000	465.00
32	1	0.15	Candidate_ModernTrilinearChain	4009	1.000000	0.000000	0.076172	461.00
32	1	0.15	B1_LinearTrilinearChain	4009	0.000000	0.000000	-0.026367	936.00
32	1	0.15	B0_PairwiseChain	4009	0.000000	0.000000	0.119141	621.00
32	1	0.15	B2_Cascaded1NN	4009	1.000000	1.000000	1.000000	125.00
32	1	0.15	B3_CascadedModernHopfield	4009	1.000000	1.000000	1.000000	461.00
32	1	0.15	Candidate_ModernTrilinearChain	4010	1.000000	0.000000	0.117188	474.00
32	1	0.15	B1_LinearTrilinearChain	4010	0.000000	0.000000	0.039062	914.00
32	1	0.15	B0_PairwiseChain	4010	0.000000	0.000000	0.142578	617.00
32	1	0.15	B2_Cascaded1NN	4010	1.000000	1.000000	1.000000	143.00
32	1	0.15	B3_CascadedModernHopfield	4010	0.968750	1.000000	1.000000	597.00
32	1	0.15	Candidate_ModernTrilinearChain	4011	1.000000	0.000000	0.055664	542.00
32	1	0.15	B1_LinearTrilinearChain	4011	0.000000	0.000000	0.016602	10049.00
32	1	0.15	B0_PairwiseChain	4011	0.000000	0.000000	0.120117	288.00
32	1	0.15	B2_Cascaded1NN	4011	1.000000	1.000000	1.000000	77.00
32	1	0.15	B3_CascadedModernHopfield	4011	1.000000	1.000000	1.000000	251.00
32	1	0.15	Candidate_ModernTrilinearChain	4012	1.000000	0.000000	0.114258	254.00
32	1	0.15	B1_LinearTrilinearChain	4012	0.000000	0.000000	-0.020508	404.00
32	1	0.15	B0_PairwiseChain	4012	0.000000	0.000000	0.129883	291.00
32	1	0.15	B2_Cascaded1NN	4012	1.000000	1.000000	1.000000	116.00
32	1	0.15	B3_CascadedModernHopfield	4012	1.000000	1.000000	1.000000	446.00
32	1	0.15	Candidate_ModernTrilinearChain	4013	0.968750	0.000000	0.109375	535.00
32	1	0.15	B1_LinearTrilinearChain	4013	0.000000	0.000000	0.001953	1158.00
32	1	0.15	B0_PairwiseChain	4013	0.000000	0.000000	0.138672	571.00
32	1	0.15	B2_Cascaded1NN	4013	1.000000	1.000000	1.000000	129.00
32	1	0.15	B3_CascadedModernHopfield	4013	1.000000	1.000000	1.000000	469.00
32	1	0.15	Candidate_ModernTrilinearChain	4014	1.000000	0.000000	0.106445	449.00
32	1	0.15	B1_LinearTrilinearChain	4014	0.000000	0.000000	0.033203	832.00
32	1	0.15	B0_PairwiseChain	4014	0.000000	0.000000	0.137695	804.00
32	1	0.15	B2_Cascaded1NN	4014	1.000000	1.000000	1.000000	126.00
32	1	0.15	B3_CascadedModernHopfield	4014	0.937500	1.000000	1.000000	445.00
32	1	0.15	Candidate_ModernTrilinearChain	4015	1.000000	0.031250	0.053711	476.00
32	1	0.15	B1_LinearTrilinearChain	4015	0.000000	0.000000	-0.043945	904.00
32	1	0.15	B0_PairwiseChain	4015	0.000000	0.000000	0.136719	623.00
32	1	0.15	B2_Cascaded1NN	4015	1.000000	1.000000	1.000000	132.00
32	1	0.15	B3_CascadedModernHopfield	4015	1.000000	1.000000	1.000000	462.00
32	1	0.15	Candidate_ModernTrilinearChain	4016	1.000000	0.000000	0.086914	254.00
32	1	0.15	B1_LinearTrilinearChain	4016	0.000000	0.000000	0.012695	405.00
32	1	0.15	B0_PairwiseChain	4016	0.000000	0.000000	0.116211	288.00
32	1	0.15	B2_Cascaded1NN	4016	1.000000	1.000000	1.000000	79.00
32	1	0.15	B3_CascadedModernHopfield	4016	1.000000	1.000000	1.000000	6904.00
32	1	0.15	Candidate_ModernTrilinearChain	4017	1.000000	0.000000	0.052734	763.00
32	1	0.15	B1_LinearTrilinearChain	4017	0.000000	0.000000	-0.003906	927.00
32	1	0.15	B0_PairwiseChain	4017	0.000000	0.000000	0.112305	610.00
32	1	0.15	B2_Cascaded1NN	4017	1.000000	1.000000	1.000000	127.00
32	1	0.15	B3_CascadedModernHopfield	4017	1.000000	1.000000	1.000000	489.00
32	1	0.15	Candidate_ModernTrilinearChain	4018	1.000000	0.000000	0.073242	598.00
32	1	0.15	B1_LinearTrilinearChain	4018	0.000000	0.000000	-0.003906	4637.00
32	1	0.15	B0_PairwiseChain	4018	0.000000	0.000000	0.116211	544.00
32	1	0.15	B2_Cascaded1NN	4018	1.000000	1.000000	1.000000	118.00
32	1	0.15	B3_CascadedModernHopfield	4018	1.000000	1.000000	1.000000	431.00
32	1	0.15	Candidate_ModernTrilinearChain	4019	1.000000	0.000000	0.075195	462.00
32	1	0.15	B1_LinearTrilinearChain	4019	0.000000	0.000000	0.003906	879.00
32	1	0.15	B0_PairwiseChain	4019	0.000000	0.000000	0.121094	672.00
32	1	0.15	B2_Cascaded1NN	4019	1.000000	1.000000	1.000000	129.00
32	1	0.15	B3_CascadedModernHopfield	4019	1.000000	1.000000	1.000000	465.00
32	1	0.15	Candidate_ModernTrilinearChain	4020	1.000000	0.000000	0.096680	510.00
32	1	0.15	B1_LinearTrilinearChain	4020	0.000000	0.000000	0.005859	1270.00
32	1	0.15	B0_PairwiseChain	4020	0.000000	0.000000	0.132812	775.00
32	1	0.15	B2_Cascaded1NN	4020	1.000000	1.000000	1.000000	129.00
32	1	0.15	B3_CascadedModernHopfield	4020	0.937500	1.000000	1.000000	559.00
32	2	0.15	Candidate_ModernTrilinearChain	4001	0.968750	1.000000	1.000000	926.00
32	2	0.15	B1_LinearTrilinearChain	4001	0.000000	0.000000	0.442383	1641.00
32	2	0.15	B0_PairwiseChain	4001	0.000000	0.000000	0.229492	1209.00
32	2	0.15	B2_Cascaded1NN	4001	1.000000	1.000000	1.000000	122.00
32	2	0.15	B3_CascadedModernHopfield	4001	1.000000	1.000000	1.000000	493.00
32	2	0.15	Candidate_ModernTrilinearChain	4002	1.000000	1.000000	1.000000	930.00
32	2	0.15	B1_LinearTrilinearChain	4002	0.000000	0.000000	0.398438	1662.00
32	2	0.15	B0_PairwiseChain	4002	0.000000	0.000000	0.208008	1154.00
32	2	0.15	B2_Cascaded1NN	4002	1.000000	1.000000	1.000000	4183.00
32	2	0.15	B3_CascadedModernHopfield	4002	1.000000	1.000000	1.000000	452.00
32	2	0.15	Candidate_ModernTrilinearChain	4003	1.000000	1.000000	1.000000	816.00
32	2	0.15	B1_LinearTrilinearChain	4003	0.000000	0.000000	0.414062	1625.00
32	2	0.15	B0_PairwiseChain	4003	0.000000	0.000000	0.197266	4374.00
32	2	0.15	B2_Cascaded1NN	4003	1.000000	1.000000	1.000000	121.00
32	2	0.15	B3_CascadedModernHopfield	4003	1.000000	1.000000	1.000000	423.00
32	2	0.15	Candidate_ModernTrilinearChain	4004	1.000000	1.000000	1.000000	4469.00
32	2	0.15	B1_LinearTrilinearChain	4004	0.000000	0.000000	0.358398	1607.00
32	2	0.15	B0_PairwiseChain	4004	0.000000	0.000000	0.236328	1177.00
32	2	0.15	B2_Cascaded1NN	4004	1.000000	1.000000	1.000000	125.00
32	2	0.15	B3_CascadedModernHopfield	4004	0.968750	1.000000	1.000000	465.00
32	2	0.15	Candidate_ModernTrilinearChain	4005	1.000000	1.000000	1.000000	4985.00
32	2	0.15	B1_LinearTrilinearChain	4005	0.000000	0.000000	0.428711	1656.00
32	2	0.15	B0_PairwiseChain	4005	0.000000	0.000000	0.235352	2471.00
32	2	0.15	B2_Cascaded1NN	4005	1.000000	1.000000	1.000000	125.00
32	2	0.15	B3_CascadedModernHopfield	4005	1.000000	1.000000	1.000000	513.00
32	2	0.15	Candidate_ModernTrilinearChain	4006	0.968750	1.000000	1.000000	448.00
32	2	0.15	B1_LinearTrilinearChain	4006	0.000000	0.000000	0.404297	831.00
32	2	0.15	B0_PairwiseChain	4006	0.000000	0.000000	0.231445	832.00
32	2	0.15	B2_Cascaded1NN	4006	1.000000	1.000000	1.000000	113.00
32	2	0.15	B3_CascadedModernHopfield	4006	0.968750	1.000000	1.000000	514.00
32	2	0.15	Candidate_ModernTrilinearChain	4007	0.968750	1.000000	1.000000	1180.00
32	2	0.15	B1_LinearTrilinearChain	4007	0.000000	0.000000	0.487305	1662.00
32	2	0.15	B0_PairwiseChain	4007	0.000000	0.000000	0.212891	1091.00
32	2	0.15	B2_Cascaded1NN	4007	1.000000	1.000000	1.000000	119.00
32	2	0.15	B3_CascadedModernHopfield	4007	0.968750	1.000000	1.000000	528.00
32	2	0.15	Candidate_ModernTrilinearChain	4008	1.000000	1.000000	1.000000	865.00
32	2	0.15	B1_LinearTrilinearChain	4008	0.000000	0.000000	0.379883	1659.00
32	2	0.15	B0_PairwiseChain	4008	0.000000	0.000000	0.239258	1164.00
32	2	0.15	B2_Cascaded1NN	4008	1.000000	1.000000	1.000000	163.00
32	2	0.15	B3_CascadedModernHopfield	4008	1.000000	1.000000	1.000000	506.00
32	2	0.15	Candidate_ModernTrilinearChain	4009	1.000000	1.000000	1.000000	890.00
32	2	0.15	B1_LinearTrilinearChain	4009	0.000000	0.000000	0.500000	1631.00
32	2	0.15	B0_PairwiseChain	4009	0.000000	0.000000	0.209961	5208.00
32	2	0.15	B2_Cascaded1NN	4009	1.000000	1.000000	1.000000	115.00
32	2	0.15	B3_CascadedModernHopfield	4009	1.000000	1.000000	1.000000	427.00
32	2	0.15	Candidate_ModernTrilinearChain	4010	1.000000	1.000000	1.000000	842.00
32	2	0.15	B1_LinearTrilinearChain	4010	0.000000	0.000000	0.324219	1873.00
32	2	0.15	B0_PairwiseChain	4010	0.000000	0.000000	0.230469	5043.00
32	2	0.15	B2_Cascaded1NN	4010	1.000000	1.000000	1.000000	112.00
32	2	0.15	B3_CascadedModernHopfield	4010	0.968750	1.000000	1.000000	338.00
32	2	0.15	Candidate_ModernTrilinearChain	4011	1.000000	1.000000	1.000000	980.00
32	2	0.15	B1_LinearTrilinearChain	4011	0.000000	0.000000	0.408203	1560.00
32	2	0.15	B0_PairwiseChain	4011	0.000000	0.000000	0.206055	1161.00
32	2	0.15	B2_Cascaded1NN	4011	1.000000	1.000000	1.000000	131.00
32	2	0.15	B3_CascadedModernHopfield	4011	1.000000	1.000000	1.000000	446.00
32	2	0.15	Candidate_ModernTrilinearChain	4012	1.000000	1.000000	1.000000	1139.00
32	2	0.15	B1_LinearTrilinearChain	4012	0.000000	0.000000	0.335938	1726.00
32	2	0.15	B0_PairwiseChain	4012	0.000000	0.000000	0.235352	1150.00
32	2	0.15	B2_Cascaded1NN	4012	1.000000	1.000000	1.000000	311.00
32	2	0.15	B3_CascadedModernHopfield	4012	1.000000	1.000000	1.000000	450.00
32	2	0.15	Candidate_ModernTrilinearChain	4013	0.968750	1.000000	1.000000	895.00
32	2	0.15	B1_LinearTrilinearChain	4013	0.000000	0.000000	0.432617	1664.00
32	2	0.15	B0_PairwiseChain	4013	0.000000	0.000000	0.191406	1291.00
32	2	0.15	B2_Cascaded1NN	4013	1.000000	1.000000	1.000000	130.00
32	2	0.15	B3_CascadedModernHopfield	4013	1.000000	1.000000	1.000000	445.00
32	2	0.15	Candidate_ModernTrilinearChain	4014	1.000000	1.000000	1.000000	891.00
32	2	0.15	B1_LinearTrilinearChain	4014	0.000000	0.000000	0.424805	1705.00
32	2	0.15	B0_PairwiseChain	4014	0.000000	0.000000	0.212891	1188.00
32	2	0.15	B2_Cascaded1NN	4014	1.000000	1.000000	1.000000	126.00
32	2	0.15	B3_CascadedModernHopfield	4014	0.937500	1.000000	1.000000	444.00
32	2	0.15	Candidate_ModernTrilinearChain	4015	1.000000	1.000000	1.000000	893.00
32	2	0.15	B1_LinearTrilinearChain	4015	0.000000	0.000000	0.445312	3024.00
32	2	0.15	B0_PairwiseChain	4015	0.000000	0.000000	0.218750	1169.00
32	2	0.15	B2_Cascaded1NN	4015	1.000000	1.000000	1.000000	125.00
32	2	0.15	B3_CascadedModernHopfield	4015	1.000000	1.000000	1.000000	3033.00
32	2	0.15	Candidate_ModernTrilinearChain	4016	1.000000	1.000000	1.000000	868.00
32	2	0.15	B1_LinearTrilinearChain	4016	0.000000	0.000000	0.274414	1536.00
32	2	0.15	B0_PairwiseChain	4016	0.000000	0.000000	0.239258	5177.00
32	2	0.15	B2_Cascaded1NN	4016	1.000000	1.000000	1.000000	115.00
32	2	0.15	B3_CascadedModernHopfield	4016	1.000000	1.000000	1.000000	397.00
32	2	0.15	Candidate_ModernTrilinearChain	4017	1.000000	1.000000	1.000000	786.00
32	2	0.15	B1_LinearTrilinearChain	4017	0.000000	0.000000	0.343750	1087.00
32	2	0.15	B0_PairwiseChain	4017	0.000000	0.000000	0.220703	966.00
32	2	0.15	B2_Cascaded1NN	4017	1.000000	1.000000	1.000000	99.00
32	2	0.15	B3_CascadedModernHopfield	4017	1.000000	1.000000	1.000000	2821.00
32	2	0.15	Candidate_ModernTrilinearChain	4018	1.000000	1.000000	1.000000	668.00
32	2	0.15	B1_LinearTrilinearChain	4018	0.000000	0.000000	0.433594	864.00
32	2	0.15	B0_PairwiseChain	4018	0.000000	0.000000	0.219727	725.00
32	2	0.15	B2_Cascaded1NN	4018	1.000000	1.000000	1.000000	83.00
32	2	0.15	B3_CascadedModernHopfield	4018	1.000000	1.000000	1.000000	327.00
32	2	0.15	Candidate_ModernTrilinearChain	4019	1.000000	1.000000	1.000000	869.00
32	2	0.15	B1_LinearTrilinearChain	4019	0.000000	0.000000	0.390625	5803.00
32	2	0.15	B0_PairwiseChain	4019	0.000000	0.000000	0.254883	1311.00
32	2	0.15	B2_Cascaded1NN	4019	1.000000	1.000000	1.000000	124.00
32	2	0.15	B3_CascadedModernHopfield	4019	1.000000	1.000000	1.000000	540.00
32	2	0.15	Candidate_ModernTrilinearChain	4020	1.000000	1.000000	1.000000	543.00
32	2	0.15	B1_LinearTrilinearChain	4020	0.000000	0.000000	0.350586	836.00
32	2	0.15	B0_PairwiseChain	4020	0.000000	0.000000	0.174805	550.00
32	2	0.15	B2_Cascaded1NN	4020	1.000000	1.000000	1.000000	79.00
32	2	0.15	B3_CascadedModernHopfield	4020	0.937500	1.000000	1.000000	240.00
32	4	0.15	Candidate_ModernTrilinearChain	4001	0.968750	1.000000	1.000000	922.00
32	4	0.15	B1_LinearTrilinearChain	4001	0.000000	0.000000	0.464844	1539.00
32	4	0.15	B0_PairwiseChain	4001	0.000000	0.000000	0.229492	1032.00
32	4	0.15	B2_Cascaded1NN	4001	1.000000	1.000000	1.000000	79.00
32	4	0.15	B3_CascadedModernHopfield	4001	1.000000	1.000000	1.000000	297.00
32	4	0.15	Candidate_ModernTrilinearChain	4002	1.000000	1.000000	1.000000	4998.00
32	4	0.15	B1_LinearTrilinearChain	4002	0.000000	0.000000	0.433594	1901.00
32	4	0.15	B0_PairwiseChain	4002	0.000000	0.000000	0.208008	10276.00
32	4	0.15	B2_Cascaded1NN	4002	1.000000	1.000000	1.000000	130.00
32	4	0.15	B3_CascadedModernHopfield	4002	1.000000	1.000000	1.000000	503.00
32	4	0.15	Candidate_ModernTrilinearChain	4003	1.000000	1.000000	1.000000	1637.00
32	4	0.15	B1_LinearTrilinearChain	4003	0.000000	0.000000	0.450195	11318.00
32	4	0.15	B0_PairwiseChain	4003	0.000000	0.000000	0.197266	2648.00
32	4	0.15	B2_Cascaded1NN	4003	1.000000	1.000000	1.000000	166.00
32	4	0.15	B3_CascadedModernHopfield	4003	1.000000	1.000000	1.000000	518.00
32	4	0.15	Candidate_ModernTrilinearChain	4004	1.000000	1.000000	1.000000	2541.00
32	4	0.15	B1_LinearTrilinearChain	4004	0.000000	0.000000	0.382812	10488.00
32	4	0.15	B0_PairwiseChain	4004	0.000000	0.000000	0.236328	1414.00
32	4	0.15	B2_Cascaded1NN	4004	1.000000	1.000000	1.000000	79.00
32	4	0.15	B3_CascadedModernHopfield	4004	0.968750	1.000000	1.000000	245.00
32	4	0.15	Candidate_ModernTrilinearChain	4005	1.000000	1.000000	1.000000	1888.00
32	4	0.15	B1_LinearTrilinearChain	4005	0.000000	0.000000	0.470703	3308.00
32	4	0.15	B0_PairwiseChain	4005	0.000000	0.000000	0.235352	2403.00
32	4	0.15	B2_Cascaded1NN	4005	1.000000	1.000000	1.000000	170.00
32	4	0.15	B3_CascadedModernHopfield	4005	1.000000	1.000000	1.000000	454.00
32	4	0.15	Candidate_ModernTrilinearChain	4006	0.968750	1.000000	1.000000	5972.00
32	4	0.15	B1_LinearTrilinearChain	4006	0.000000	0.000000	0.455078	3229.00
32	4	0.15	B0_PairwiseChain	4006	0.000000	0.000000	0.231445	6238.00
32	4	0.15	B2_Cascaded1NN	4006	1.000000	1.000000	1.000000	127.00
32	4	0.15	B3_CascadedModernHopfield	4006	0.968750	1.000000	1.000000	434.00
32	4	0.15	Candidate_ModernTrilinearChain	4007	0.968750	1.000000	1.000000	1743.00
32	4	0.15	B1_LinearTrilinearChain	4007	0.000000	0.000000	0.502930	7876.00
32	4	0.15	B0_PairwiseChain	4007	0.000000	0.000000	0.212891	2328.00
32	4	0.15	B2_Cascaded1NN	4007	1.000000	1.000000	1.000000	125.00
32	4	0.15	B3_CascadedModernHopfield	4007	0.968750	1.000000	1.000000	456.00
32	4	0.15	Candidate_ModernTrilinearChain	4008	1.000000	1.000000	1.000000	908.00
32	4	0.15	B1_LinearTrilinearChain	4008	0.000000	0.000000	0.417969	1561.00
32	4	0.15	B0_PairwiseChain	4008	0.000000	0.000000	0.239258	1155.00
32	4	0.15	B2_Cascaded1NN	4008	1.000000	1.000000	1.000000	84.00
32	4	0.15	B3_CascadedModernHopfield	4008	1.000000	1.000000	1.000000	246.00
32	4	0.15	Candidate_ModernTrilinearChain	4009	1.000000	1.000000	1.000000	885.00
32	4	0.15	B1_LinearTrilinearChain	4009	0.000000	0.000000	0.500977	1675.00
32	4	0.15	B0_PairwiseChain	4009	0.000000	0.000000	0.209961	1156.00
32	4	0.15	B2_Cascaded1NN	4009	1.000000	1.000000	1.000000	79.00
32	4	0.15	B3_CascadedModernHopfield	4009	1.000000	1.000000	1.000000	243.00
32	4	0.15	Candidate_ModernTrilinearChain	4010	1.000000	1.000000	1.000000	963.00
32	4	0.15	B1_LinearTrilinearChain	4010	0.000000	0.000000	0.341797	1514.00
32	4	0.15	B0_PairwiseChain	4010	0.000000	0.000000	0.230469	1115.00
32	4	0.15	B2_Cascaded1NN	4010	1.000000	1.000000	1.000000	82.00
32	4	0.15	B3_CascadedModernHopfield	4010	0.968750	1.000000	1.000000	252.00
32	4	0.15	Candidate_ModernTrilinearChain	4011	1.000000	1.000000	1.000000	1558.00
32	4	0.15	B1_LinearTrilinearChain	4011	0.000000	0.000000	0.435547	4022.00
32	4	0.15	B0_PairwiseChain	4011	0.000000	0.000000	0.206055	3730.00
32	4	0.15	B2_Cascaded1NN	4011	1.000000	1.000000	1.000000	127.00
32	4	0.15	B3_CascadedModernHopfield	4011	1.000000	1.000000	1.000000	469.00
32	4	0.15	Candidate_ModernTrilinearChain	4012	1.000000	1.000000	1.000000	1624.00
32	4	0.15	B1_LinearTrilinearChain	4012	0.000000	0.000000	0.392578	4157.00
32	4	0.15	B0_PairwiseChain	4012	0.000000	0.000000	0.235352	5941.00
32	4	0.15	B2_Cascaded1NN	4012	1.000000	1.000000	1.000000	122.00
32	4	0.15	B3_CascadedModernHopfield	4012	1.000000	1.000000	1.000000	445.00
32	4	0.15	Candidate_ModernTrilinearChain	4013	0.968750	1.000000	1.000000	926.00
32	4	0.15	B1_LinearTrilinearChain	4013	0.031250	0.000000	0.471680	1835.00
32	4	0.15	B0_PairwiseChain	4013	0.000000	0.000000	0.191406	1069.00
32	4	0.15	B2_Cascaded1NN	4013	1.000000	1.000000	1.000000	4299.00
32	4	0.15	B3_CascadedModernHopfield	4013	1.000000	1.000000	1.000000	443.00
32	4	0.15	Candidate_ModernTrilinearChain	4014	1.000000	1.000000	1.000000	1638.00
32	4	0.15	B1_LinearTrilinearChain	4014	0.000000	0.000000	0.432617	11397.00
32	4	0.15	B0_PairwiseChain	4014	0.000000	0.000000	0.212891	4354.00
32	4	0.15	B2_Cascaded1NN	4014	1.000000	1.000000	1.000000	161.00
32	4	0.15	B3_CascadedModernHopfield	4014	0.937500	1.000000	1.000000	470.00
32	4	0.15	Candidate_ModernTrilinearChain	4015	1.000000	1.000000	1.000000	5217.00
32	4	0.15	B1_LinearTrilinearChain	4015	0.031250	0.000000	0.516602	3281.00
32	4	0.15	B0_PairwiseChain	4015	0.000000	0.000000	0.218750	2374.00
32	4	0.15	B2_Cascaded1NN	4015	1.000000	1.000000	1.000000	132.00
32	4	0.15	B3_CascadedModernHopfield	4015	1.000000	1.000000	1.000000	452.00
32	4	0.15	Candidate_ModernTrilinearChain	4016	1.000000	1.000000	1.000000	4328.00
32	4	0.15	B1_LinearTrilinearChain	4016	0.000000	0.000000	0.309570	4362.00
32	4	0.15	B0_PairwiseChain	4016	0.000000	0.000000	0.239258	2359.00
32	4	0.15	B2_Cascaded1NN	4016	1.000000	1.000000	1.000000	129.00
32	4	0.15	B3_CascadedModernHopfield	4016	1.000000	1.000000	1.000000	457.00
32	4	0.15	Candidate_ModernTrilinearChain	4017	1.000000	1.000000	1.000000	1674.00
32	4	0.15	B1_LinearTrilinearChain	4017	0.000000	0.000000	0.391602	5053.00
32	4	0.15	B0_PairwiseChain	4017	0.000000	0.000000	0.220703	5416.00
32	4	0.15	B2_Cascaded1NN	4017	1.000000	1.000000	1.000000	186.00
32	4	0.15	B3_CascadedModernHopfield	4017	1.000000	1.000000	1.000000	343.00
32	4	0.15	Candidate_ModernTrilinearChain	4018	1.000000	1.000000	1.000000	1654.00
32	4	0.15	B1_LinearTrilinearChain	4018	0.000000	0.000000	0.438477	1568.00
32	4	0.15	B0_PairwiseChain	4018	0.000000	0.000000	0.219727	1235.00
32	4	0.15	B2_Cascaded1NN	4018	1.000000	1.000000	1.000000	78.00
32	4	0.15	B3_CascadedModernHopfield	4018	1.000000	1.000000	1.000000	284.00
32	4	0.15	Candidate_ModernTrilinearChain	4019	1.000000	1.000000	1.000000	883.00
32	4	0.15	B1_LinearTrilinearChain	4019	0.000000	0.000000	0.413086	1511.00
32	4	0.15	B0_PairwiseChain	4019	0.000000	0.000000	0.254883	1078.00
32	4	0.15	B2_Cascaded1NN	4019	1.000000	1.000000	1.000000	79.00
32	4	0.15	B3_CascadedModernHopfield	4019	1.000000	1.000000	1.000000	281.00
32	4	0.15	Candidate_ModernTrilinearChain	4020	1.000000	1.000000	1.000000	893.00
32	4	0.15	B1_LinearTrilinearChain	4020	0.000000	0.000000	0.380859	1553.00
32	4	0.15	B0_PairwiseChain	4020	0.000000	0.000000	0.174805	1132.00
32	4	0.15	B2_Cascaded1NN	4020	1.000000	1.000000	1.000000	80.00
32	4	0.15	B3_CascadedModernHopfield	4020	0.937500	1.000000	1.000000	244.00
32	8	0.15	Candidate_ModernTrilinearChain	4001	0.968750	1.000000	1.000000	1781.00
32	8	0.15	B1_LinearTrilinearChain	4001	0.000000	0.000000	0.457031	8872.00
32	8	0.15	B0_PairwiseChain	4001	0.000000	0.000000	0.229492	8559.00
32	8	0.15	B2_Cascaded1NN	4001	1.000000	1.000000	1.000000	285.00
32	8	0.15	B3_CascadedModernHopfield	4001	1.000000	1.000000	1.000000	757.00
32	8	0.15	Candidate_ModernTrilinearChain	4002	1.000000	1.000000	1.000000	8551.00
32	8	0.15	B1_LinearTrilinearChain	4002	0.000000	0.000000	0.458008	9028.00
32	8	0.15	B0_PairwiseChain	4002	0.000000	0.000000	0.208008	13959.00
32	8	0.15	B2_Cascaded1NN	4002	1.000000	1.000000	1.000000	3222.00
32	8	0.15	B3_CascadedModernHopfield	4002	1.000000	1.000000	1.000000	458.00
32	8	0.15	Candidate_ModernTrilinearChain	4003	1.000000	1.000000	1.000000	3182.00
32	8	0.15	B1_LinearTrilinearChain	4003	0.000000	0.000000	0.473633	19150.00
32	8	0.15	B0_PairwiseChain	4003	0.000000	0.000000	0.197266	6924.00
32	8	0.15	B2_Cascaded1NN	4003	1.000000	1.000000	1.000000	88.00
32	8	0.15	B3_CascadedModernHopfield	4003	1.000000	1.000000	1.000000	257.00
32	8	0.15	Candidate_ModernTrilinearChain	4004	1.000000	1.000000	1.000000	1773.00
32	8	0.15	B1_LinearTrilinearChain	4004	0.000000	0.000000	0.406250	3032.00
32	8	0.15	B0_PairwiseChain	4004	0.000000	0.000000	0.236328	2007.00
32	8	0.15	B2_Cascaded1NN	4004	1.000000	1.000000	1.000000	79.00
32	8	0.15	B3_CascadedModernHopfield	4004	0.968750	1.000000	1.000000	272.00
32	8	0.15	Candidate_ModernTrilinearChain	4005	1.000000	1.000000	1.000000	1818.00
32	8	0.15	B1_LinearTrilinearChain	4005	0.000000	0.000000	0.476562	6730.00
32	8	0.15	B0_PairwiseChain	4005	0.000000	0.000000	0.235352	4461.00
32	8	0.15	B2_Cascaded1NN	4005	1.000000	1.000000	1.000000	140.00
32	8	0.15	B3_CascadedModernHopfield	4005	1.000000	1.000000	1.000000	502.00
32	8	0.15	Candidate_ModernTrilinearChain	4006	0.968750	1.000000	1.000000	1732.00
32	8	0.15	B1_LinearTrilinearChain	4006	0.000000	0.000000	0.497070	6368.00
32	8	0.15	B0_PairwiseChain	4006	0.000000	0.000000	0.231445	13539.00
32	8	0.15	B2_Cascaded1NN	4006	1.000000	1.000000	1.000000	133.00
32	8	0.15	B3_CascadedModernHopfield	4006	0.968750	1.000000	1.000000	505.00
32	8	0.15	Candidate_ModernTrilinearChain	4007	0.968750	1.000000	1.000000	3192.00
32	8	0.15	B1_LinearTrilinearChain	4007	0.000000	0.000000	0.484375	14773.00
32	8	0.15	B0_PairwiseChain	4007	0.000000	0.000000	0.212891	9866.00
32	8	0.15	B2_Cascaded1NN	4007	1.000000	1.000000	1.000000	159.00
32	8	0.15	B3_CascadedModernHopfield	4007	0.968750	1.000000	1.000000	496.00
32	8	0.15	Candidate_ModernTrilinearChain	4008	1.000000	1.000000	1.000000	7191.00
32	8	0.15	B1_LinearTrilinearChain	4008	0.000000	0.000000	0.427734	22687.00
32	8	0.15	B0_PairwiseChain	4008	0.000000	0.000000	0.239258	4705.00
32	8	0.15	B2_Cascaded1NN	4008	1.000000	1.000000	1.000000	127.00
32	8	0.15	B3_CascadedModernHopfield	4008	1.000000	1.000000	1.000000	508.00
32	8	0.15	Candidate_ModernTrilinearChain	4009	1.000000	1.000000	1.000000	3292.00
32	8	0.15	B1_LinearTrilinearChain	4009	0.000000	0.000000	0.479492	6463.00
32	8	0.15	B0_PairwiseChain	4009	0.000000	0.000000	0.209961	3043.00
32	8	0.15	B2_Cascaded1NN	4009	1.000000	1.000000	1.000000	81.00
32	8	0.15	B3_CascadedModernHopfield	4009	1.000000	1.000000	1.000000	244.00
32	8	0.15	Candidate_ModernTrilinearChain	4010	1.000000	1.000000	1.000000	1772.00
32	8	0.15	B1_LinearTrilinearChain	4010	0.000000	0.000000	0.345703	3143.00
32	8	0.15	B0_PairwiseChain	4010	0.000000	0.000000	0.230469	3294.00
32	8	0.15	B2_Cascaded1NN	4010	1.000000	1.000000	1.000000	113.00
32	8	0.15	B3_CascadedModernHopfield	4010	0.968750	1.000000	1.000000	340.00
32	8	0.15	Candidate_ModernTrilinearChain	4011	1.000000	1.000000	1.000000	3412.00
32	8	0.15	B1_LinearTrilinearChain	4011	0.000000	0.000000	0.441406	5398.00
32	8	0.15	B0_PairwiseChain	4011	0.000000	0.000000	0.206055	2065.00
32	8	0.15	B2_Cascaded1NN	4011	1.000000	1.000000	1.000000	117.00
32	8	0.15	B3_CascadedModernHopfield	4011	1.000000	1.000000	1.000000	263.00
32	8	0.15	Candidate_ModernTrilinearChain	4012	1.000000	1.000000	1.000000	1961.00
32	8	0.15	B1_LinearTrilinearChain	4012	0.000000	0.000000	0.430664	5047.00
32	8	0.15	B0_PairwiseChain	4012	0.000000	0.000000	0.235352	2053.00
32	8	0.15	B2_Cascaded1NN	4012	1.000000	1.000000	1.000000	82.00
32	8	0.15	B3_CascadedModernHopfield	4012	1.000000	1.000000	1.000000	251.00
32	8	0.15	Candidate_ModernTrilinearChain	4013	0.968750	1.000000	1.000000	1862.00
32	8	0.15	B1_LinearTrilinearChain	4013	0.031250	0.000000	0.490234	3616.00
32	8	0.15	B0_PairwiseChain	4013	0.000000	0.000000	0.191406	2895.00
32	8	0.15	B2_Cascaded1NN	4013	1.000000	1.000000	1.000000	78.00
32	8	0.15	B3_CascadedModernHopfield	4013	1.000000	1.000000	1.000000	281.00
32	8	0.15	Candidate_ModernTrilinearChain	4014	1.000000	1.000000	1.000000	1764.00
32	8	0.15	B1_LinearTrilinearChain	4014	0.000000	0.000000	0.417969	5740.00
32	8	0.15	B0_PairwiseChain	4014	0.000000	0.000000	0.212891	4564.00
32	8	0.15	B2_Cascaded1NN	4014	1.000000	1.000000	1.000000	129.00
32	8	0.15	B3_CascadedModernHopfield	4014	0.937500	1.000000	1.000000	447.00
32	8	0.15	Candidate_ModernTrilinearChain	4015	1.000000	1.000000	1.000000	3205.00
32	8	0.15	B1_LinearTrilinearChain	4015	0.000000	0.000000	0.526367	3781.00
32	8	0.15	B0_PairwiseChain	4015	0.000000	0.000000	0.218750	3411.00
32	8	0.15	B2_Cascaded1NN	4015	1.000000	1.000000	1.000000	116.00
32	8	0.15	B3_CascadedModernHopfield	4015	1.000000	1.000000	1.000000	729.00
32	8	0.15	Candidate_ModernTrilinearChain	4016	1.000000	1.000000	1.000000	3245.00
32	8	0.15	B1_LinearTrilinearChain	4016	0.000000	0.000000	0.342773	14333.00
32	8	0.15	B0_PairwiseChain	4016	0.000000	0.000000	0.239258	9443.00
32	8	0.15	B2_Cascaded1NN	4016	1.000000	1.000000	1.000000	129.00
32	8	0.15	B3_CascadedModernHopfield	4016	1.000000	1.000000	1.000000	457.00
32	8	0.15	Candidate_ModernTrilinearChain	4017	1.000000	1.000000	1.000000	3536.00
32	8	0.15	B1_LinearTrilinearChain	4017	0.000000	0.000000	0.429688	5985.00
32	8	0.15	B0_PairwiseChain	4017	0.000000	0.000000	0.220703	2106.00
32	8	0.15	B2_Cascaded1NN	4017	1.000000	1.000000	1.000000	81.00
32	8	0.15	B3_CascadedModernHopfield	4017	1.000000	1.000000	1.000000	293.00
32	8	0.15	Candidate_ModernTrilinearChain	4018	1.000000	1.000000	1.000000	1950.00
32	8	0.15	B1_LinearTrilinearChain	4018	0.000000	0.000000	0.439453	4135.00
32	8	0.15	B0_PairwiseChain	4018	0.000000	0.000000	0.219727	2212.00
32	8	0.15	B2_Cascaded1NN	4018	1.000000	1.000000	1.000000	82.00
32	8	0.15	B3_CascadedModernHopfield	4018	1.000000	1.000000	1.000000	259.00
32	8	0.15	Candidate_ModernTrilinearChain	4019	1.000000	1.000000	1.000000	1794.00
32	8	0.15	B1_LinearTrilinearChain	4019	0.000000	0.000000	0.438477	3279.00
32	8	0.15	B0_PairwiseChain	4019	0.000000	0.000000	0.254883	2727.00
32	8	0.15	B2_Cascaded1NN	4019	1.000000	1.000000	1.000000	123.00
32	8	0.15	B3_CascadedModernHopfield	4019	1.000000	1.000000	1.000000	382.00
32	8	0.15	Candidate_ModernTrilinearChain	4020	1.000000	1.000000	1.000000	3645.00
32	8	0.15	B1_LinearTrilinearChain	4020	0.000000	0.000000	0.380859	6227.00
32	8	0.15	B0_PairwiseChain	4020	0.000000	0.000000	0.174805	2659.00
32	8	0.15	B2_Cascaded1NN	4020	1.000000	1.000000	1.000000	78.00
32	8	0.15	B3_CascadedModernHopfield	4020	0.937500	1.000000	1.000000	241.00
32	1	0.30	Candidate_ModernTrilinearChain	4001	0.187500	0.000000	0.113281	517.00
32	1	0.30	B1_LinearTrilinearChain	4001	0.000000	0.000000	0.038086	901.00
32	1	0.30	B0_PairwiseChain	4001	0.000000	0.000000	0.119141	619.00
32	1	0.30	B2_Cascaded1NN	4001	0.781250	0.781250	0.782227	136.00
32	1	0.30	B3_CascadedModernHopfield	4001	0.187500	0.468750	0.638672	460.00
32	1	0.30	Candidate_ModernTrilinearChain	4002	0.156250	0.000000	0.106445	457.00
32	1	0.30	B1_LinearTrilinearChain	4002	0.000000	0.000000	-0.023438	936.00
32	1	0.30	B0_PairwiseChain	4002	0.000000	0.000000	0.134766	12972.00
32	1	0.30	B2_Cascaded1NN	4002	0.781250	0.781250	0.773438	308.00
32	1	0.30	B3_CascadedModernHopfield	4002	0.187500	0.406250	0.637695	792.00
32	1	0.30	Candidate_ModernTrilinearChain	4003	0.187500	0.000000	0.125977	2068.00
32	1	0.30	B1_LinearTrilinearChain	4003	0.000000	0.000000	-0.036133	2997.00
32	1	0.30	B0_PairwiseChain	4003	0.000000	0.000000	0.099609	3492.00
32	1	0.30	B2_Cascaded1NN	4003	0.875000	0.875000	0.874023	149.00
32	1	0.30	B3_CascadedModernHopfield	4003	0.093750	0.250000	0.522461	459.00
32	1	0.30	Candidate_ModernTrilinearChain	4004	0.156250	0.000000	0.084961	495.00
32	1	0.30	B1_LinearTrilinearChain	4004	0.000000	0.000000	0.021484	855.00
32	1	0.30	B0_PairwiseChain	4004	0.000000	0.000000	0.099609	604.00
32	1	0.30	B2_Cascaded1NN	4004	0.875000	0.875000	0.883789	92.00
32	1	0.30	B3_CascadedModernHopfield	4004	0.125000	0.375000	0.554688	271.00
32	1	0.30	Candidate_ModernTrilinearChain	4005	0.187500	0.000000	0.079102	816.00
32	1	0.30	B1_LinearTrilinearChain	4005	0.000000	0.000000	-0.007812	934.00
32	1	0.30	B0_PairwiseChain	4005	0.000000	0.000000	0.106445	624.00
32	1	0.30	B2_Cascaded1NN	4005	0.968750	0.937500	0.934570	173.00
32	1	0.30	B3_CascadedModernHopfield	4005	0.125000	0.406250	0.681641	507.00
32	1	0.30	Candidate_ModernTrilinearChain	4006	0.187500	0.000000	0.113281	463.00
32	1	0.30	B1_LinearTrilinearChain	4006	0.000000	0.000000	-0.074219	6060.00
32	1	0.30	B0_PairwiseChain	4006	0.000000	0.000000	0.084961	2155.00
32	1	0.30	B2_Cascaded1NN	4006	0.843750	0.843750	0.839844	138.00
32	1	0.30	B3_CascadedModernHopfield	4006	0.125000	0.375000	0.617188	464.00
32	1	0.30	Candidate_ModernTrilinearChain	4007	0.125000	0.000000	0.159180	2245.00
32	1	0.30	B1_LinearTrilinearChain	4007	0.000000	0.000000	-0.041992	2813.00
32	1	0.30	B0_PairwiseChain	4007	0.000000	0.000000	0.158203	750.00
32	1	0.30	B2_Cascaded1NN	4007	0.843750	0.843750	0.836914	138.00
32	1	0.30	B3_CascadedModernHopfield	4007	0.062500	0.531250	0.727539	473.00
32	1	0.30	Candidate_ModernTrilinearChain	4008	0.093750	0.000000	0.124023	417.00
32	1	0.30	B1_LinearTrilinearChain	4008	0.000000	0.000000	0.011719	528.00
32	1	0.30	B0_PairwiseChain	4008	0.000000	0.000000	0.109375	445.00
32	1	0.30	B2_Cascaded1NN	4008	0.843750	0.843750	0.843750	110.00
32	1	0.30	B3_CascadedModernHopfield	4008	0.125000	0.281250	0.569336	593.00
32	1	0.30	Candidate_ModernTrilinearChain	4009	0.218750	0.000000	0.113281	498.00
32	1	0.30	B1_LinearTrilinearChain	4009	0.000000	0.000000	-0.026367	1034.00
32	1	0.30	B0_PairwiseChain	4009	0.000000	0.000000	0.123047	630.00
32	1	0.30	B2_Cascaded1NN	4009	0.843750	0.843750	0.844727	399.00
32	1	0.30	B3_CascadedModernHopfield	4009	0.187500	0.468750	0.721680	505.00
32	1	0.30	Candidate_ModernTrilinearChain	4010	0.000000	0.000000	0.136719	519.00
32	1	0.30	B1_LinearTrilinearChain	4010	0.000000	0.000000	0.039062	939.00
32	1	0.30	B0_PairwiseChain	4010	0.000000	0.000000	0.125000	702.00
32	1	0.30	B2_Cascaded1NN	4010	0.875000	0.875000	0.881836	877.00
32	1	0.30	B3_CascadedModernHopfield	4010	0.156250	0.375000	0.588867	265.00
32	1	0.30	Candidate_ModernTrilinearChain	4011	0.125000	0.000000	0.117188	467.00
32	1	0.30	B1_LinearTrilinearChain	4011	0.000000	0.000000	0.016602	892.00
32	1	0.30	B0_PairwiseChain	4011	0.000000	0.000000	0.083984	648.00
32	1	0.30	B2_Cascaded1NN	4011	0.875000	0.875000	0.876953	137.00
32	1	0.30	B3_CascadedModernHopfield	4011	0.125000	0.468750	0.622070	6237.00
32	1	0.30	Candidate_ModernTrilinearChain	4012	0.093750	0.000000	0.118164	517.00
32	1	0.30	B1_LinearTrilinearChain	4012	0.000000	0.000000	-0.020508	839.00
32	1	0.30	B0_PairwiseChain	4012	0.000000	0.000000	0.103516	593.00
32	1	0.30	B2_Cascaded1NN	4012	0.906250	0.906250	0.904297	137.00
32	1	0.30	B3_CascadedModernHopfield	4012	0.187500	0.468750	0.625000	509.00
32	1	0.30	Candidate_ModernTrilinearChain	4013	0.062500	0.000000	0.135742	517.00
32	1	0.30	B1_LinearTrilinearChain	4013	0.000000	0.000000	0.001953	957.00
32	1	0.30	B0_PairwiseChain	4013	0.000000	0.000000	0.135742	622.00
32	1	0.30	B2_Cascaded1NN	4013	0.906250	0.906250	0.906250	140.00
32	1	0.30	B3_CascadedModernHopfield	4013	0.250000	0.500000	0.669922	516.00
32	1	0.30	Candidate_ModernTrilinearChain	4014	0.250000	0.000000	0.125977	458.00
32	1	0.30	B1_LinearTrilinearChain	4014	0.000000	0.000000	0.040039	831.00
32	1	0.30	B0_PairwiseChain	4014	0.000000	0.000000	0.114258	674.00
32	1	0.30	B2_Cascaded1NN	4014	0.750000	0.750000	0.743164	151.00
32	1	0.30	B3_CascadedModernHopfield	4014	0.093750	0.406250	0.635742	7102.00
32	1	0.30	Candidate_ModernTrilinearChain	4015	0.125000	0.000000	0.114258	337.00
32	1	0.30	B1_LinearTrilinearChain	4015	0.000000	0.000000	-0.040039	434.00
32	1	0.30	B0_PairwiseChain	4015	0.000000	0.000000	0.098633	304.00
32	1	0.30	B2_Cascaded1NN	4015	0.781250	0.750000	0.760742	90.00
32	1	0.30	B3_CascadedModernHopfield	4015	0.125000	0.312500	0.628906	312.00
32	1	0.30	Candidate_ModernTrilinearChain	4016	0.156250	0.000000	0.096680	468.00
32	1	0.30	B1_LinearTrilinearChain	4016	0.000000	0.000000	0.012695	840.00
32	1	0.30	B0_PairwiseChain	4016	0.000000	0.000000	0.102539	712.00
32	1	0.30	B2_Cascaded1NN	4016	0.812500	0.812500	0.806641	141.00
32	1	0.30	B3_CascadedModernHopfield	4016	0.156250	0.406250	0.713867	465.00
32	1	0.30	Candidate_ModernTrilinearChain	4017	0.156250	0.000000	0.081055	468.00
32	1	0.30	B1_LinearTrilinearChain	4017	0.000000	0.000000	-0.003906	939.00
32	1	0.30	B0_PairwiseChain	4017	0.000000	0.000000	0.085938	614.00
32	1	0.30	B2_Cascaded1NN	4017	0.843750	0.843750	0.844727	140.00
32	1	0.30	B3_CascadedModernHopfield	4017	0.187500	0.531250	0.635742	465.00
32	1	0.30	Candidate_ModernTrilinearChain	4018	0.156250	0.000000	0.084961	507.00
32	1	0.30	B1_LinearTrilinearChain	4018	0.000000	0.000000	-0.003906	831.00
32	1	0.30	B0_PairwiseChain	4018	0.000000	0.000000	0.096680	624.00
32	1	0.30	B2_Cascaded1NN	4018	0.875000	0.875000	0.880859	351.00
32	1	0.30	B3_CascadedModernHopfield	4018	0.187500	0.468750	0.675781	466.00
32	1	0.30	Candidate_ModernTrilinearChain	4019	0.125000	0.000000	0.111328	495.00
32	1	0.30	B1_LinearTrilinearChain	4019	0.000000	0.000000	0.003906	842.00
32	1	0.30	B0_PairwiseChain	4019	0.000000	0.000000	0.114258	790.00
32	1	0.30	B2_Cascaded1NN	4019	0.875000	0.875000	0.881836	104.00
32	1	0.30	B3_CascadedModernHopfield	4019	0.093750	0.437500	0.618164	385.00
32	1	0.30	Candidate_ModernTrilinearChain	4020	0.218750	0.000000	0.120117	439.00
32	1	0.30	B1_LinearTrilinearChain	4020	0.000000	0.000000	0.005859	539.00
32	1	0.30	B0_PairwiseChain	4020	0.000000	0.000000	0.100586	395.00
32	1	0.30	B2_Cascaded1NN	4020	0.812500	0.781250	0.760742	92.00
32	1	0.30	B3_CascadedModernHopfield	4020	0.156250	0.437500	0.659180	273.00
32	2	0.30	Candidate_ModernTrilinearChain	4001	0.187500	0.281250	0.534180	878.00
32	2	0.30	B1_LinearTrilinearChain	4001	0.000000	0.000000	0.253906	5462.00
32	2	0.30	B0_PairwiseChain	4001	0.000000	0.000000	0.253906	1253.00
32	2	0.30	B2_Cascaded1NN	4001	0.781250	0.781250	0.782227	143.00
32	2	0.30	B3_CascadedModernHopfield	4001	0.187500	0.468750	0.638672	504.00
32	2	0.30	Candidate_ModernTrilinearChain	4002	0.156250	0.468750	0.636719	867.00
32	2	0.30	B1_LinearTrilinearChain	4002	0.000000	0.000000	0.195312	10003.00
32	2	0.30	B0_PairwiseChain	4002	0.000000	0.000000	0.225586	1254.00
32	2	0.30	B2_Cascaded1NN	4002	0.781250	0.781250	0.773438	140.00
32	2	0.30	B3_CascadedModernHopfield	4002	0.187500	0.406250	0.637695	521.00
32	2	0.30	Candidate_ModernTrilinearChain	4003	0.187500	0.437500	0.586914	1038.00
32	2	0.30	B1_LinearTrilinearChain	4003	0.000000	0.000000	0.260742	830.00
32	2	0.30	B0_PairwiseChain	4003	0.000000	0.000000	0.203125	1112.00
32	2	0.30	B2_Cascaded1NN	4003	0.875000	0.875000	0.874023	146.00
32	2	0.30	B3_CascadedModernHopfield	4003	0.093750	0.250000	0.522461	478.00
32	2	0.30	Candidate_ModernTrilinearChain	4004	0.156250	0.468750	0.667969	891.00
32	2	0.30	B1_LinearTrilinearChain	4004	0.000000	0.000000	0.174805	1652.00
32	2	0.30	B0_PairwiseChain	4004	0.000000	0.000000	0.229492	1774.00
32	2	0.30	B2_Cascaded1NN	4004	0.875000	0.875000	0.883789	134.00
32	2	0.30	B3_CascadedModernHopfield	4004	0.125000	0.375000	0.554688	4240.00
32	2	0.30	Candidate_ModernTrilinearChain	4005	0.187500	0.281250	0.573242	1013.00
32	2	0.30	B1_LinearTrilinearChain	4005	0.000000	0.000000	0.257812	1577.00
32	2	0.30	B0_PairwiseChain	4005	0.000000	0.000000	0.233398	13120.00
32	2	0.30	B2_Cascaded1NN	4005	0.968750	0.937500	0.934570	138.00
32	2	0.30	B3_CascadedModernHopfield	4005	0.125000	0.406250	0.681641	468.00
32	2	0.30	Candidate_ModernTrilinearChain	4006	0.187500	0.406250	0.629883	551.00
32	2	0.30	B1_LinearTrilinearChain	4006	0.000000	0.000000	0.185547	772.00
32	2	0.30	B0_PairwiseChain	4006	0.000000	0.000000	0.275391	596.00
32	2	0.30	B2_Cascaded1NN	4006	0.843750	0.843750	0.839844	94.00
32	2	0.30	B3_CascadedModernHopfield	4006	0.125000	0.375000	0.617188	398.00
32	2	0.30	Candidate_ModernTrilinearChain	4007	0.125000	0.406250	0.668945	454.00
32	2	0.30	B1_LinearTrilinearChain	4007	0.000000	0.000000	0.258789	933.00
32	2	0.30	B0_PairwiseChain	4007	0.000000	0.000000	0.232422	595.00
32	2	0.30	B2_Cascaded1NN	4007	0.843750	0.843750	0.836914	92.00
32	2	0.30	B3_CascadedModernHopfield	4007	0.062500	0.531250	0.727539	262.00
32	2	0.30	Candidate_ModernTrilinearChain	4008	0.093750	0.468750	0.691406	467.00
32	2	0.30	B1_LinearTrilinearChain	4008	0.000000	0.000000	0.232422	906.00
32	2	0.30	B0_PairwiseChain	4008	0.000000	0.000000	0.244141	614.00
32	2	0.30	B2_Cascaded1NN	4008	0.843750	0.843750	0.843750	88.00
32	2	0.30	B3_CascadedModernHopfield	4008	0.125000	0.281250	0.569336	256.00
32	2	0.30	Candidate_ModernTrilinearChain	4009	0.218750	0.468750	0.703125	466.00
32	2	0.30	B1_LinearTrilinearChain	4009	0.000000	0.000000	0.314453	1137.00
32	2	0.30	B0_PairwiseChain	4009	0.000000	0.000000	0.228516	651.00
32	2	0.30	B2_Cascaded1NN	4009	0.843750	0.843750	0.844727	118.00
32	2	0.30	B3_CascadedModernHopfield	4009	0.187500	0.468750	0.721680	4166.00
32	2	0.30	Candidate_ModernTrilinearChain	4010	0.000000	0.187500	0.569336	696.00
32	2	0.30	B1_LinearTrilinearChain	4010	0.000000	0.000000	0.139648	772.00
32	2	0.30	B0_PairwiseChain	4010	0.000000	0.000000	0.245117	671.00
32	2	0.30	B2_Cascaded1NN	4010	0.875000	0.875000	0.881836	90.00
32	2	0.30	B3_CascadedModernHopfield	4010	0.156250	0.375000	0.588867	313.00
32	2	0.30	Candidate_ModernTrilinearChain	4011	0.125000	0.437500	0.703125	663.00
32	2	0.30	B1_LinearTrilinearChain	4011	0.000000	0.000000	0.251953	805.00
32	2	0.30	B0_PairwiseChain	4011	0.000000	0.000000	0.222656	611.00
32	2	0.30	B2_Cascaded1NN	4011	0.875000	0.875000	0.876953	89.00
32	2	0.30	B3_CascadedModernHopfield	4011	0.125000	0.468750	0.622070	253.00
32	2	0.30	Candidate_ModernTrilinearChain	4012	0.093750	0.500000	0.716797	4717.00
32	2	0.30	B1_LinearTrilinearChain	4012	0.000000	0.000000	0.192383	1695.00
32	2	0.30	B0_PairwiseChain	4012	0.000000	0.000000	0.244141	1539.00
32	2	0.30	B2_Cascaded1NN	4012	0.906250	0.906250	0.904297	259.00
32	2	0.30	B3_CascadedModernHopfield	4012	0.187500	0.468750	0.625000	4208.00
32	2	0.30	Candidate_ModernTrilinearChain	4013	0.062500	0.312500	0.598633	902.00
32	2	0.30	B1_LinearTrilinearChain	4013	0.000000	0.000000	0.220703	1629.00
32	2	0.30	B0_PairwiseChain	4013	0.000000	0.000000	0.220703	2725.00
32	2	0.30	B2_Cascaded1NN	4013	0.906250	0.906250	0.906250	557.00
32	2	0.30	B3_CascadedModernHopfield	4013	0.250000	0.500000	0.669922	1448.00
32	2	0.30	Candidate_ModernTrilinearChain	4014	0.250000	0.500000	0.732422	1859.00
32	2	0.30	B1_LinearTrilinearChain	4014	0.000000	0.000000	0.191406	3259.00
32	2	0.30	B0_PairwiseChain	4014	0.000000	0.000000	0.245117	6845.00
32	2	0.30	B2_Cascaded1NN	4014	0.750000	0.750000	0.743164	146.00
32	2	0.30	B3_CascadedModernHopfield	4014	0.093750	0.406250	0.635742	516.00
32	2	0.30	Candidate_ModernTrilinearChain	4015	0.125000	0.468750	0.719727	938.00
32	2	0.30	B1_LinearTrilinearChain	4015	0.000000	0.000000	0.259766	1607.00
32	2	0.30	B0_PairwiseChain	4015	0.000000	0.000000	0.242188	4206.00
32	2	0.30	B2_Cascaded1NN	4015	0.781250	0.750000	0.760742	267.00
32	2	0.30	B3_CascadedModernHopfield	4015	0.125000	0.312500	0.628906	428.00
32	2	0.30	Candidate_ModernTrilinearChain	4016	0.156250	0.375000	0.661133	494.00
32	2	0.30	B1_LinearTrilinearChain	4016	0.000000	0.000000	0.188477	4492.00
32	2	0.30	B0_PairwiseChain	4016	0.000000	0.000000	0.246094	1167.00
32	2	0.30	B2_Cascaded1NN	4016	0.812500	0.812500	0.806641	135.00
32	2	0.30	B3_CascadedModernHopfield	4016	0.156250	0.406250	0.713867	460.00
32	2	0.30	Candidate_ModernTrilinearChain	4017	0.156250	0.437500	0.662109	861.00
32	2	0.30	B1_LinearTrilinearChain	4017	0.000000	0.000000	0.167969	5657.00
32	2	0.30	B0_PairwiseChain	4017	0.000000	0.000000	0.270508	1155.00
32	2	0.30	B2_Cascaded1NN	4017	0.843750	0.843750	0.844727	136.00
32	2	0.30	B3_CascadedModernHopfield	4017	0.187500	0.531250	0.635742	507.00
32	2	0.30	Candidate_ModernTrilinearChain	4018	0.156250	0.406250	0.620117	739.00
32	2	0.30	B1_LinearTrilinearChain	4018	0.000000	0.000000	0.228516	4727.00
32	2	0.30	B0_PairwiseChain	4018	0.000000	0.000000	0.243164	593.00
32	2	0.30	B2_Cascaded1NN	4018	0.875000	0.875000	0.880859	90.00
32	2	0.30	B3_CascadedModernHopfield	4018	0.187500	0.468750	0.675781	275.00
32	2	0.30	Candidate_ModernTrilinearChain	4019	0.125000	0.406250	0.700195	814.00
32	2	0.30	B1_LinearTrilinearChain	4019	0.000000	0.000000	0.231445	861.00
32	2	0.30	B0_PairwiseChain	4019	0.000000	0.000000	0.264648	544.00
32	2	0.30	B2_Cascaded1NN	4019	0.875000	0.875000	0.881836	95.00
32	2	0.30	B3_CascadedModernHopfield	4019	0.093750	0.437500	0.618164	278.00
32	2	0.30	Candidate_ModernTrilinearChain	4020	0.218750	0.437500	0.658203	4539.00
32	2	0.30	B1_LinearTrilinearChain	4020	0.000000	0.000000	0.165039	843.00
32	2	0.30	B0_PairwiseChain	4020	0.000000	0.000000	0.208008	575.00
32	2	0.30	B2_Cascaded1NN	4020	0.812500	0.781250	0.760742	90.00
32	2	0.30	B3_CascadedModernHopfield	4020	0.156250	0.437500	0.659180	262.00
32	4	0.30	Candidate_ModernTrilinearChain	4001	0.187500	0.281250	0.534180	935.00
32	4	0.30	B1_LinearTrilinearChain	4001	0.000000	0.000000	0.253906	1580.00
32	4	0.30	B0_PairwiseChain	4001	0.000000	0.000000	0.253906	6669.00
32	4	0.30	B2_Cascaded1NN	4001	0.781250	0.781250	0.782227	191.00
32	4	0.30	B3_CascadedModernHopfield	4001	0.187500	0.468750	0.638672	472.00
32	4	0.30	Candidate_ModernTrilinearChain	4002	0.156250	0.468750	0.636719	1672.00
32	4	0.30	B1_LinearTrilinearChain	4002	0.000000	0.000000	0.210938	10225.00
32	4	0.30	B0_PairwiseChain	4002	0.000000	0.000000	0.225586	6296.00
32	4	0.30	B2_Cascaded1NN	4002	0.781250	0.781250	0.773438	143.00
32	4	0.30	B3_CascadedModernHopfield	4002	0.187500	0.406250	0.637695	468.00
32	4	0.30	Candidate_ModernTrilinearChain	4003	0.187500	0.437500	0.586914	1728.00
32	4	0.30	B1_LinearTrilinearChain	4003	0.000000	0.000000	0.264648	7192.00
32	4	0.30	B0_PairwiseChain	4003	0.000000	0.000000	0.203125	6333.00
32	4	0.30	B2_Cascaded1NN	4003	0.875000	0.875000	0.874023	149.00
32	4	0.30	B3_CascadedModernHopfield	4003	0.093750	0.250000	0.522461	479.00
32	4	0.30	Candidate_ModernTrilinearChain	4004	0.156250	0.468750	0.667969	869.00
32	4	0.30	B1_LinearTrilinearChain	4004	0.000000	0.000000	0.199219	1579.00
32	4	0.30	B0_PairwiseChain	4004	0.000000	0.000000	0.229492	1558.00
32	4	0.30	B2_Cascaded1NN	4004	0.875000	0.875000	0.883789	93.00
32	4	0.30	B3_CascadedModernHopfield	4004	0.125000	0.375000	0.554688	263.00
32	4	0.30	Candidate_ModernTrilinearChain	4005	0.187500	0.281250	0.573242	843.00
32	4	0.30	B1_LinearTrilinearChain	4005	0.000000	0.000000	0.258789	6377.00
32	4	0.30	B0_PairwiseChain	4005	0.000000	0.000000	0.233398	2417.00
32	4	0.30	B2_Cascaded1NN	4005	0.968750	0.937500	0.934570	143.00
32	4	0.30	B3_CascadedModernHopfield	4005	0.125000	0.406250	0.681641	826.00
32	4	0.30	Candidate_ModernTrilinearChain	4006	0.187500	0.406250	0.629883	1854.00
32	4	0.30	B1_LinearTrilinearChain	4006	0.000000	0.000000	0.219727	7287.00
32	4	0.30	B0_PairwiseChain	4006	0.000000	0.000000	0.275391	6060.00
32	4	0.30	B2_Cascaded1NN	4006	0.843750	0.843750	0.839844	145.00
32	4	0.30	B3_CascadedModernHopfield	4006	0.125000	0.375000	0.617188	458.00
32	4	0.30	Candidate_ModernTrilinearChain	4007	0.125000	0.406250	0.668945	2873.00
32	4	0.30	B1_LinearTrilinearChain	4007	0.000000	0.000000	0.251953	6276.00
32	4	0.30	B0_PairwiseChain	4007	0.000000	0.000000	0.232422	2350.00
32	4	0.30	B2_Cascaded1NN	4007	0.843750	0.843750	0.836914	179.00
32	4	0.30	B3_CascadedModernHopfield	4007	0.062500	0.531250	0.727539	472.00
32	4	0.30	Candidate_ModernTrilinearChain	4008	0.093750	0.468750	0.691406	1741.00
32	4	0.30	B1_LinearTrilinearChain	4008	0.000000	0.000000	0.214844	8051.00
32	4	0.30	B0_PairwiseChain	4008	0.000000	0.000000	0.244141	4374.00
32	4	0.30	B2_Cascaded1NN	4008	0.843750	0.843750	0.843750	208.00
32	4	0.30	B3_CascadedModernHopfield	4008	0.125000	0.281250	0.569336	474.00
32	4	0.30	Candidate_ModernTrilinearChain	4009	0.218750	0.468750	0.703125	1698.00
32	4	0.30	B1_LinearTrilinearChain	4009	0.000000	0.000000	0.311523	7263.00
32	4	0.30	B0_PairwiseChain	4009	0.000000	0.000000	0.228516	2322.00
32	4	0.30	B2_Cascaded1NN	4009	0.843750	0.843750	0.844727	142.00
32	4	0.30	B3_CascadedModernHopfield	4009	0.187500	0.468750	0.721680	475.00
32	4	0.30	Candidate_ModernTrilinearChain	4010	0.000000	0.187500	0.569336	1772.00
32	4	0.30	B1_LinearTrilinearChain	4010	0.000000	0.000000	0.141602	3275.00
32	4	0.30	B0_PairwiseChain	4010	0.000000	0.000000	0.245117	3113.00
32	4	0.30	B2_Cascaded1NN	4010	0.875000	0.875000	0.881836	216.00
32	4	0.30	B3_CascadedModernHopfield	4010	0.156250	0.375000	0.588867	565.00
32	4	0.30	Candidate_ModernTrilinearChain	4011	0.125000	0.437500	0.703125	1649.00
32	4	0.30	B1_LinearTrilinearChain	4011	0.000000	0.000000	0.253906	3463.00
32	4	0.30	B0_PairwiseChain	4011	0.000000	0.000000	0.222656	2403.00
32	4	0.30	B2_Cascaded1NN	4011	0.875000	0.875000	0.876953	134.00
32	4	0.30	B3_CascadedModernHopfield	4011	0.125000	0.468750	0.622070	498.00
32	4	0.30	Candidate_ModernTrilinearChain	4012	0.093750	0.500000	0.716797	1676.00
32	4	0.30	B1_LinearTrilinearChain	4012	0.000000	0.000000	0.235352	6264.00
32	4	0.30	B0_PairwiseChain	4012	0.000000	0.000000	0.244141	2315.00
32	4	0.30	B2_Cascaded1NN	4012	0.906250	0.906250	0.904297	144.00
32	4	0.30	B3_CascadedModernHopfield	4012	0.187500	0.468750	0.625000	520.00
32	4	0.30	Candidate_ModernTrilinearChain	4013	0.062500	0.312500	0.598633	886.00
32	4	0.30	B1_LinearTrilinearChain	4013	0.000000	0.000000	0.242188	6455.00
32	4	0.30	B0_PairwiseChain	4013	0.000000	0.000000	0.220703	6697.00
32	4	0.30	B2_Cascaded1NN	4013	0.906250	0.906250	0.906250	153.00
32	4	0.30	B3_CascadedModernHopfield	4013	0.250000	0.500000	0.669922	479.00
32	4	0.30	Candidate_ModernTrilinearChain	4014	0.250000	0.500000	0.732422	1638.00
32	4	0.30	B1_LinearTrilinearChain	4014	0.000000	0.000000	0.184570	3298.00
32	4	0.30	B0_PairwiseChain	4014	0.000000	0.000000	0.245117	5538.00
32	4	0.30	B2_Cascaded1NN	4014	0.750000	0.750000	0.743164	154.00
32	4	0.30	B3_CascadedModernHopfield	4014	0.093750	0.406250	0.635742	458.00
32	4	0.30	Candidate_ModernTrilinearChain	4015	0.125000	0.468750	0.719727	4982.00
32	4	0.30	B1_LinearTrilinearChain	4015	0.000000	0.000000	0.293945	3284.00
32	4	0.30	B0_PairwiseChain	4015	0.000000	0.000000	0.242188	2212.00
32	4	0.30	B2_Cascaded1NN	4015	0.781250	0.750000	0.760742	127.00
32	4	0.30	B3_CascadedModernHopfield	4015	0.125000	0.312500	0.628906	518.00
32	4	0.30	Candidate_ModernTrilinearChain	4016	0.156250	0.375000	0.661133	827.00
32	4	0.30	B1_LinearTrilinearChain	4016	0.000000	0.000000	0.220703	1508.00
32	4	0.30	B0_PairwiseChain	4016	0.000000	0.000000	0.246094	1011.00
32	4	0.30	B2_Cascaded1NN	4016	0.812500	0.812500	0.806641	125.00
32	4	0.30	B3_CascadedModernHopfield	4016	0.156250	0.406250	0.713867	4391.00
32	4	0.30	Candidate_ModernTrilinearChain	4017	0.156250	0.437500	0.662109	841.00
32	4	0.30	B1_LinearTrilinearChain	4017	0.000000	0.000000	0.198242	1568.00
32	4	0.30	B0_PairwiseChain	4017	0.000000	0.000000	0.270508	1054.00
32	4	0.30	B2_Cascaded1NN	4017	0.843750	0.843750	0.844727	94.00
32	4	0.30	B3_CascadedModernHopfield	4017	0.187500	0.531250	0.635742	4552.00
32	4	0.30	Candidate_ModernTrilinearChain	4018	0.156250	0.406250	0.620117	1790.00
32	4	0.30	B1_LinearTrilinearChain	4018	0.000000	0.000000	0.233398	10871.00
32	4	0.30	B0_PairwiseChain	4018	0.000000	0.000000	0.243164	1040.00
32	4	0.30	B2_Cascaded1NN	4018	0.875000	0.875000	0.880859	90.00
32	4	0.30	B3_CascadedModernHopfield	4018	0.187500	0.468750	0.675781	261.00
32	4	0.30	Candidate_ModernTrilinearChain	4019	0.125000	0.406250	0.700195	863.00
32	4	0.30	B1_LinearTrilinearChain	4019	0.000000	0.000000	0.257812	1518.00
32	4	0.30	B0_PairwiseChain	4019	0.000000	0.000000	0.264648	6400.00
32	4	0.30	B2_Cascaded1NN	4019	0.875000	0.875000	0.881836	126.00
32	4	0.30	B3_CascadedModernHopfield	4019	0.093750	0.437500	0.618164	5888.00
32	4	0.30	Candidate_ModernTrilinearChain	4020	0.218750	0.437500	0.658203	1033.00
32	4	0.30	B1_LinearTrilinearChain	4020	0.000000	0.000000	0.158203	2556.00
32	4	0.30	B0_PairwiseChain	4020	0.000000	0.000000	0.208008	1009.00
32	4	0.30	B2_Cascaded1NN	4020	0.812500	0.781250	0.760742	95.00
32	4	0.30	B3_CascadedModernHopfield	4020	0.156250	0.437500	0.659180	350.00
32	8	0.30	Candidate_ModernTrilinearChain	4001	0.187500	0.281250	0.534180	11370.00
32	8	0.30	B1_LinearTrilinearChain	4001	0.000000	0.000000	0.250977	12747.00
32	8	0.30	B0_PairwiseChain	4001	0.000000	0.000000	0.253906	8669.00
32	8	0.30	B2_Cascaded1NN	4001	0.781250	0.781250	0.782227	141.00
32	8	0.30	B3_CascadedModernHopfield	4001	0.187500	0.468750	0.638672	466.00
32	8	0.30	Candidate_ModernTrilinearChain	4002	0.156250	0.468750	0.636719	7322.00
32	8	0.30	B1_LinearTrilinearChain	4002	0.000000	0.000000	0.207031	14466.00
32	8	0.30	B0_PairwiseChain	4002	0.000000	0.000000	0.225586	8803.00
32	8	0.30	B2_Cascaded1NN	4002	0.781250	0.781250	0.773438	130.00
32	8	0.30	B3_CascadedModernHopfield	4002	0.187500	0.406250	0.637695	556.00
32	8	0.30	Candidate_ModernTrilinearChain	4003	0.187500	0.437500	0.586914	7167.00
32	8	0.30	B1_LinearTrilinearChain	4003	0.000000	0.000000	0.268555	14387.00
32	8	0.30	B0_PairwiseChain	4003	0.000000	0.000000	0.203125	7955.00
32	8	0.30	B2_Cascaded1NN	4003	0.875000	0.875000	0.874023	91.00
32	8	0.30	B3_CascadedModernHopfield	4003	0.093750	0.250000	0.522461	645.00
32	8	0.30	Candidate_ModernTrilinearChain	4004	0.156250	0.468750	0.667969	1920.00
32	8	0.30	B1_LinearTrilinearChain	4004	0.000000	0.000000	0.200195	9773.00
32	8	0.30	B0_PairwiseChain	4004	0.000000	0.000000	0.229492	10501.00
32	8	0.30	B2_Cascaded1NN	4004	0.875000	0.875000	0.883789	133.00
32	8	0.30	B3_CascadedModernHopfield	4004	0.125000	0.375000	0.554688	5699.00
32	8	0.30	Candidate_ModernTrilinearChain	4005	0.187500	0.281250	0.573242	1693.00
32	8	0.30	B1_LinearTrilinearChain	4005	0.000000	0.000000	0.252930	8790.00
32	8	0.30	B0_PairwiseChain	4005	0.000000	0.000000	0.233398	6588.00
32	8	0.30	B2_Cascaded1NN	4005	0.968750	0.937500	0.934570	91.00
32	8	0.30	B3_CascadedModernHopfield	4005	0.125000	0.406250	0.681641	279.00
32	8	0.30	Candidate_ModernTrilinearChain	4006	0.187500	0.406250	0.629883	6612.00
32	8	0.30	B1_LinearTrilinearChain	4006	0.000000	0.000000	0.229492	3013.00
32	8	0.30	B0_PairwiseChain	4006	0.000000	0.000000	0.275391	7473.00
32	8	0.30	B2_Cascaded1NN	4006	0.843750	0.843750	0.839844	133.00
32	8	0.30	B3_CascadedModernHopfield	4006	0.125000	0.375000	0.617188	354.00
32	8	0.30	Candidate_ModernTrilinearChain	4007	0.125000	0.406250	0.668945	10239.00
32	8	0.30	B1_LinearTrilinearChain	4007	0.000000	0.000000	0.246094	12891.00
32	8	0.30	B0_PairwiseChain	4007	0.000000	0.000000	0.232422	9895.00
32	8	0.30	B2_Cascaded1NN	4007	0.843750	0.843750	0.836914	169.00
32	8	0.30	B3_CascadedModernHopfield	4007	0.062500	0.531250	0.727539	570.00
32	8	0.30	Candidate_ModernTrilinearChain	4008	0.093750	0.468750	0.691406	6899.00
32	8	0.30	B1_LinearTrilinearChain	4008	0.000000	0.000000	0.200195	7339.00
32	8	0.30	B0_PairwiseChain	4008	0.000000	0.000000	0.244141	8751.00
32	8	0.30	B2_Cascaded1NN	4008	0.843750	0.843750	0.843750	137.00
32	8	0.30	B3_CascadedModernHopfield	4008	0.125000	0.281250	0.569336	467.00
32	8	0.30	Candidate_ModernTrilinearChain	4009	0.218750	0.468750	0.703125	4805.00
32	8	0.30	B1_LinearTrilinearChain	4009	0.000000	0.000000	0.299805	8316.00
32	8	0.30	B0_PairwiseChain	4009	0.000000	0.000000	0.228516	3344.00
32	8	0.30	B2_Cascaded1NN	4009	0.843750	0.843750	0.844727	93.00
32	8	0.30	B3_CascadedModernHopfield	4009	0.187500	0.468750	0.721680	321.00
32	8	0.30	Candidate_ModernTrilinearChain	4010	0.000000	0.187500	0.569336	1841.00
32	8	0.30	B1_LinearTrilinearChain	4010	0.000000	0.000000	0.160156	3167.00
32	8	0.30	B0_PairwiseChain	4010	0.000000	0.000000	0.245117	4976.00
32	8	0.30	B2_Cascaded1NN	4010	0.875000	0.875000	0.881836	141.00
32	8	0.30	B3_CascadedModernHopfield	4010	0.156250	0.375000	0.588867	439.00
32	8	0.30	Candidate_ModernTrilinearChain	4011	0.125000	0.437500	0.703125	6776.00
32	8	0.30	B1_LinearTrilinearChain	4011	0.000000	0.000000	0.257812	14097.00
32	8	0.30	B0_PairwiseChain	4011	0.000000	0.000000	0.222656	5665.00
32	8	0.30	B2_Cascaded1NN	4011	0.875000	0.875000	0.876953	138.00
32	8	0.30	B3_CascadedModernHopfield	4011	0.125000	0.468750	0.622070	469.00
32	8	0.30	Candidate_ModernTrilinearChain	4012	0.093750	0.500000	0.716797	4673.00
32	8	0.30	B1_LinearTrilinearChain	4012	0.000000	0.000000	0.245117	6695.00
32	8	0.30	B0_PairwiseChain	4012	0.000000	0.000000	0.244141	4571.00
32	8	0.30	B2_Cascaded1NN	4012	0.906250	0.906250	0.904297	138.00
32	8	0.30	B3_CascadedModernHopfield	4012	0.187500	0.468750	0.625000	466.00
32	8	0.30	Candidate_ModernTrilinearChain	4013	0.062500	0.312500	0.598633	3288.00
32	8	0.30	B1_LinearTrilinearChain	4013	0.000000	0.000000	0.222656	12423.00
32	8	0.30	B0_PairwiseChain	4013	0.000000	0.000000	0.220703	6436.00
32	8	0.30	B2_Cascaded1NN	4013	0.906250	0.906250	0.906250	114.00
32	8	0.30	B3_CascadedModernHopfield	4013	0.250000	0.500000	0.669922	321.00
32	8	0.30	Candidate_ModernTrilinearChain	4014	0.250000	0.500000	0.732422	7362.00
32	8	0.30	B1_LinearTrilinearChain	4014	0.000000	0.000000	0.202148	14569.00
32	8	0.30	B0_PairwiseChain	4014	0.000000	0.000000	0.245117	7714.00
32	8	0.30	B2_Cascaded1NN	4014	0.750000	0.750000	0.743164	120.00
32	8	0.30	B3_CascadedModernHopfield	4014	0.093750	0.406250	0.635742	269.00
32	8	0.30	Candidate_ModernTrilinearChain	4015	0.125000	0.468750	0.719727	1750.00
32	8	0.30	B1_LinearTrilinearChain	4015	0.000000	0.000000	0.320312	9530.00
32	8	0.30	B0_PairwiseChain	4015	0.000000	0.000000	0.242188	2220.00
32	8	0.30	B2_Cascaded1NN	4015	0.781250	0.750000	0.760742	94.00
32	8	0.30	B3_CascadedModernHopfield	4015	0.125000	0.312500	0.628906	274.00
32	8	0.30	Candidate_ModernTrilinearChain	4016	0.156250	0.375000	0.661133	3262.00
32	8	0.30	B1_LinearTrilinearChain	4016	0.000000	0.000000	0.230469	15945.00
32	8	0.30	B0_PairwiseChain	4016	0.000000	0.000000	0.246094	8457.00
32	8	0.30	B2_Cascaded1NN	4016	0.812500	0.812500	0.806641	4241.00
32	8	0.30	B3_CascadedModernHopfield	4016	0.156250	0.406250	0.713867	510.00
32	8	0.30	Candidate_ModernTrilinearChain	4017	0.156250	0.437500	0.662109	3198.00
32	8	0.30	B1_LinearTrilinearChain	4017	0.000000	0.000000	0.212891	14435.00
32	8	0.30	B0_PairwiseChain	4017	0.000000	0.000000	0.270508	8307.00
32	8	0.30	B2_Cascaded1NN	4017	0.843750	0.843750	0.844727	95.00
32	8	0.30	B3_CascadedModernHopfield	4017	0.187500	0.531250	0.635742	446.00
32	8	0.30	Candidate_ModernTrilinearChain	4018	0.156250	0.406250	0.620117	3244.00
32	8	0.30	B1_LinearTrilinearChain	4018	0.000000	0.000000	0.232422	20944.00
32	8	0.30	B0_PairwiseChain	4018	0.000000	0.000000	0.243164	2196.00
32	8	0.30	B2_Cascaded1NN	4018	0.875000	0.875000	0.880859	90.00
32	8	0.30	B3_CascadedModernHopfield	4018	0.187500	0.468750	0.675781	346.00
32	8	0.30	Candidate_ModernTrilinearChain	4019	0.125000	0.406250	0.700195	10668.00
32	8	0.30	B1_LinearTrilinearChain	4019	0.000000	0.000000	0.240234	15279.00
32	8	0.30	B0_PairwiseChain	4019	0.000000	0.000000	0.264648	16484.00
32	8	0.30	B2_Cascaded1NN	4019	0.875000	0.875000	0.881836	144.00
32	8	0.30	B3_CascadedModernHopfield	4019	0.093750	0.437500	0.618164	533.00
32	8	0.30	Candidate_ModernTrilinearChain	4020	0.218750	0.437500	0.658203	11152.00
32	8	0.30	B1_LinearTrilinearChain	4020	0.000000	0.000000	0.141602	19083.00
32	8	0.30	B0_PairwiseChain	4020	0.000000	0.000000	0.208008	7936.00
32	8	0.30	B2_Cascaded1NN	4020	0.812500	0.781250	0.760742	90.00
32	8	0.30	B3_CascadedModernHopfield	4020	0.156250	0.437500	0.659180	274.00
