family	b	boundary_contexts	interface_rank	distinct_scalar_inputs	distinct_chosen_responses	unique_optimum_contexts	minimum_gap	maximum_polynomial_coefficient	normalized_minimum_gap	exhaustive_energy_evaluations	closed_form_output_bits
binary_square	1	2	1	2	2	2	1	2	1/2	4	1
binary_square	2	4	1	4	4	4	1	8	1/8	16	2
binary_square	3	8	1	8	8	8	1	32	1/32	64	3
binary_square	4	16	1	16	16	16	1	128	1/128	256	4
binary_square	5	32	1	32	32	32	1	512	1/512	1024	5
binary_square	6	64	1	64	64	64	1	2048	1/2048	4096	6
unit_square	1	2	1	2	2	2	1	2	1/2	4	NA
unit_square	2	4	1	3	3	2	0	2	0/2	16	NA
unit_square	3	8	1	4	4	2	0	2	0/2	64	NA
unit_square	4	16	1	5	5	2	0	2	0/2	256	NA
unit_square	5	32	1	6	6	2	0	2	0/2	1024	NA
unit_square	6	64	1	7	7	2	0	2	0/2	4096	NA
separable	1	2	1	2	2	2	1	2	1/2	4	NA
separable	2	4	1	4	3	4	1	4	1/4	16	NA
separable	3	8	1	8	4	8	1	8	1/8	64	NA
separable	4	16	1	16	5	16	1	16	1/16	256	NA
separable	5	32	1	32	6	32	1	32	1/32	1024	NA
separable	6	64	1	64	7	64	1	64	1/64	4096	NA
