instance,family,n,solver,seed,energy,native,wall_ms,reference,gap,success
sk_s64_i0,sk,64,Ultimate,9309548440667147260,-91.251671,-91.251671,290.2136,-91.251671,0.000000,1
sk_s64_i0,sk,64,Ultimate,9309551739202031893,-91.251671,-91.251671,294.3422,-91.251671,0.000000,1
sk_s64_i0,sk,64,Ultimate,9309550639690403682,-91.251671,-91.251671,291.3605,-91.251671,0.000000,1
sk_s64_i0,sk,64,Ultimate,9309553938225288315,-91.251671,-91.251671,289.5780,-91.251671,0.000000,1
sk_s64_i0,sk,64,Ultimate,9309552838713660104,-91.251671,-91.251671,291.2636,-91.251671,0.000000,1
sk_s64_i0,sk,64,Ultimate,9309556137248544737,-91.251671,-91.251671,287.7907,-91.251671,0.000000,1
sk_s64_i0,sk,64,Ultimate,9309555037736916526,-91.251671,-91.251671,290.9589,-91.251671,0.000000,1
sk_s64_i0,sk,64,Ultimate,9309558336271801159,-91.251671,-91.251671,291.2772,-91.251671,0.000000,1
sk_s64_i0,sk,64,PT,9309548440667147260,-89.786518,-89.786518,1.8215,-91.251671,0.016056,0
sk_s64_i0,sk,64,PT,9309551739202031893,-89.179435,-89.179435,1.5919,-91.251671,0.022709,0
sk_s64_i0,sk,64,PT,9309550639690403682,-86.578707,-86.578707,1.6009,-91.251671,0.051210,0
sk_s64_i0,sk,64,PT,9309553938225288315,-91.204097,-91.204097,1.6208,-91.251671,0.000521,0
sk_s64_i0,sk,64,PT,9309552838713660104,-90.719470,-90.719470,1.5664,-91.251671,0.005832,0
sk_s64_i0,sk,64,PT,9309556137248544737,-88.715315,-88.715315,1.5536,-91.251671,0.027795,0
sk_s64_i0,sk,64,PT,9309555037736916526,-88.393780,-88.393780,1.5795,-91.251671,0.031319,0
sk_s64_i0,sk,64,PT,9309558336271801159,-88.761327,-88.761327,1.5968,-91.251671,0.027291,0
sk_s64_i0,sk,64,SA,9309548440667147260,-91.251671,-91.251671,1.0702,-91.251671,0.000000,1
sk_s64_i0,sk,64,SA,9309551739202031893,-91.251671,-91.251671,1.1781,-91.251671,0.000000,1
sk_s64_i0,sk,64,SA,9309550639690403682,-91.021549,-91.021549,1.1848,-91.251671,0.002522,0
sk_s64_i0,sk,64,SA,9309553938225288315,-91.021549,-91.021549,1.1183,-91.251671,0.002522,0
sk_s64_i0,sk,64,SA,9309552838713660104,-91.251671,-91.251671,1.1069,-91.251671,0.000000,1
sk_s64_i0,sk,64,SA,9309556137248544737,-91.251671,-91.251671,1.0575,-91.251671,0.000000,1
sk_s64_i0,sk,64,SA,9309555037736916526,-91.021549,-91.021549,1.0783,-91.251671,0.002522,0
sk_s64_i0,sk,64,SA,9309558336271801159,-91.021549,-91.021549,1.1518,-91.251671,0.002522,0
sk_s64_i1,sk,64,Ultimate,9309541843597188769,-84.597987,-84.597987,291.6258,-84.597987,0.000000,1
sk_s64_i1,sk,64,Ultimate,9309538545062304136,-84.597987,-84.597987,289.2020,-84.597987,0.000000,1
sk_s64_i1,sk,64,Ultimate,9309539644573932347,-84.597987,-84.597987,292.4106,-84.597987,0.000000,1
sk_s64_i1,sk,64,Ultimate,9309536346039047714,-84.597987,-84.597987,291.5109,-84.597987,0.000000,1
sk_s64_i1,sk,64,Ultimate,9309537445550675925,-84.597987,-84.597987,290.7497,-84.597987,0.000000,1
sk_s64_i1,sk,64,Ultimate,9309534147015791292,-84.597987,-84.597987,289.1531,-84.597987,0.000000,1
sk_s64_i1,sk,64,Ultimate,9309535246527419503,-84.597987,-84.597987,290.9438,-84.597987,0.000000,1
sk_s64_i1,sk,64,Ultimate,9309531947992534870,-84.597987,-84.597987,296.2040,-84.597987,0.000000,1
sk_s64_i1,sk,64,PT,9309541843597188769,-83.762577,-83.762577,1.5626,-84.597987,0.009875,0
sk_s64_i1,sk,64,PT,9309538545062304136,-84.581979,-84.581979,1.5507,-84.597987,0.000189,0
sk_s64_i1,sk,64,PT,9309539644573932347,-80.062801,-80.062801,1.6207,-84.597987,0.053609,0
sk_s64_i1,sk,64,PT,9309536346039047714,-83.502161,-83.502161,1.6814,-84.597987,0.012953,0
sk_s64_i1,sk,64,PT,9309537445550675925,-82.949912,-82.949912,1.5817,-84.597987,0.019481,0
sk_s64_i1,sk,64,PT,9309534147015791292,-83.908251,-83.908251,1.5393,-84.597987,0.008153,0
sk_s64_i1,sk,64,PT,9309535246527419503,-84.213701,-84.213701,1.5932,-84.597987,0.004542,0
sk_s64_i1,sk,64,PT,9309531947992534870,-81.592066,-81.592066,1.6396,-84.597987,0.035532,0
sk_s64_i1,sk,64,SA,9309541843597188769,-84.581979,-84.581979,1.0344,-84.597987,0.000189,0
sk_s64_i1,sk,64,SA,9309538545062304136,-84.597987,-84.597987,1.0548,-84.597987,0.000000,1
sk_s64_i1,sk,64,SA,9309539644573932347,-82.923374,-82.923374,1.1267,-84.597987,0.019795,0
sk_s64_i1,sk,64,SA,9309536346039047714,-84.597987,-84.597987,1.0238,-84.597987,0.000000,1
sk_s64_i1,sk,64,SA,9309537445550675925,-84.597987,-84.597987,1.0221,-84.597987,0.000000,1
sk_s64_i1,sk,64,SA,9309534147015791292,-84.597987,-84.597987,1.1089,-84.597987,0.000000,1
sk_s64_i1,sk,64,SA,9309535246527419503,-84.581979,-84.581979,1.1251,-84.597987,0.000189,0
sk_s64_i1,sk,64,SA,9309531947992534870,-84.581979,-84.581979,1.0264,-84.597987,0.000189,0
sk_s128_i0,sk,128,Ultimate,1767653780331680397,-225.527628,-225.527628,460.7360,-225.527628,0.000000,1
sk_s128_i0,sk,128,Ultimate,1767650481796795764,-225.527628,-225.527628,470.7112,-225.527628,0.000000,1
sk_s128_i0,sk,128,Ultimate,1767651581308423975,-225.527628,-225.527628,465.4527,-225.527628,0.000000,1
sk_s128_i0,sk,128,Ultimate,1767639486680513654,-225.527628,-225.527628,466.8889,-225.527628,0.000000,1
sk_s128_i0,sk,128,Ultimate,1767640586192141865,-225.527628,-225.527628,460.1445,-225.527628,0.000000,1
sk_s128_i0,sk,128,Ultimate,1767637287657257232,-225.527628,-225.527628,466.6363,-225.527628,0.000000,1
sk_s128_i0,sk,128,Ultimate,1767638387168885443,-225.527628,-225.527628,459.9628,-225.527628,0.000000,1
sk_s128_i0,sk,128,Ultimate,1767643884727026498,-225.527628,-225.527628,466.4476,-225.527628,0.000000,1
sk_s128_i0,sk,128,PT,1767653780331680397,-194.200342,-194.200342,4.6504,-225.527628,0.138907,0
sk_s128_i0,sk,128,PT,1767650481796795764,-182.928301,-182.928301,4.7516,-225.527628,0.188887,0
sk_s128_i0,sk,128,PT,1767651581308423975,-188.321979,-188.321979,4.4933,-225.527628,0.164972,0
sk_s128_i0,sk,128,PT,1767639486680513654,-191.523500,-191.523500,4.5769,-225.527628,0.150776,0
sk_s128_i0,sk,128,PT,1767640586192141865,-182.478157,-182.478157,4.4333,-225.527628,0.190883,0
sk_s128_i0,sk,128,PT,1767637287657257232,-186.483237,-186.483237,4.4034,-225.527628,0.173125,0
sk_s128_i0,sk,128,PT,1767638387168885443,-181.282300,-181.282300,4.5204,-225.527628,0.196186,0
sk_s128_i0,sk,128,PT,1767643884727026498,-185.932738,-185.932738,4.5143,-225.527628,0.175566,0
sk_s128_i0,sk,128,SA,1767653780331680397,-225.527628,-225.527628,4.2178,-225.527628,0.000000,1
sk_s128_i0,sk,128,SA,1767650481796795764,-225.527628,-225.527628,4.6781,-225.527628,0.000000,1
sk_s128_i0,sk,128,SA,1767651581308423975,-225.527628,-225.527628,4.1458,-225.527628,0.000000,1
sk_s128_i0,sk,128,SA,1767639486680513654,-225.527628,-225.527628,4.2762,-225.527628,0.000000,1
sk_s128_i0,sk,128,SA,1767640586192141865,-225.527628,-225.527628,4.8784,-225.527628,0.000000,1
sk_s128_i0,sk,128,SA,1767637287657257232,-225.527628,-225.527628,3.9614,-225.527628,0.000000,1
sk_s128_i0,sk,128,SA,1767638387168885443,-225.527628,-225.527628,4.1968,-225.527628,0.000000,1
sk_s128_i0,sk,128,SA,1767643884727026498,-224.936155,-224.936155,5.2717,-225.527628,0.002623,0
sk_s128_i1,sk,128,Ultimate,1765355801028908632,-212.039218,-212.039218,461.8063,-212.039218,0.000000,1
sk_s128_i1,sk,128,Ultimate,1765359099563793265,-212.039218,-212.039218,455.8999,-212.039218,0.000000,1
sk_s128_i1,sk,128,Ultimate,1765358000052165054,-212.039218,-212.039218,459.7083,-212.039218,0.000000,1
sk_s128_i1,sk,128,Ultimate,1765352502494023999,-212.039218,-212.039218,467.8523,-212.039218,0.000000,1
sk_s128_i1,sk,128,Ultimate,1765351402982395788,-212.039218,-212.039218,465.5981,-212.039218,0.000000,1
sk_s128_i1,sk,128,Ultimate,1765354701517280421,-212.039218,-212.039218,471.6497,-212.039218,0.000000,1
sk_s128_i1,sk,128,Ultimate,1765353602005652210,-212.039218,-212.039218,463.9627,-212.039218,0.000000,1
sk_s128_i1,sk,128,Ultimate,1765348104447511155,-212.039218,-212.039218,462.4164,-212.039218,0.000000,1
sk_s128_i1,sk,128,PT,1765355801028908632,-171.286927,-171.286927,4.8282,-212.039218,0.192192,0
sk_s128_i1,sk,128,PT,1765359099563793265,-181.081859,-181.081859,5.1188,-212.039218,0.145998,0
sk_s128_i1,sk,128,PT,1765358000052165054,-181.164821,-181.164821,4.6578,-212.039218,0.145607,0
sk_s128_i1,sk,128,PT,1765352502494023999,-178.342900,-178.342900,4.9183,-212.039218,0.158916,0
sk_s128_i1,sk,128,PT,1765351402982395788,-175.673439,-175.673439,5.0469,-212.039218,0.171505,0
sk_s128_i1,sk,128,PT,1765354701517280421,-165.970501,-165.970501,4.9441,-212.039218,0.217265,0
sk_s128_i1,sk,128,PT,1765353602005652210,-171.522029,-171.522029,4.5996,-212.039218,0.191083,0
sk_s128_i1,sk,128,PT,1765348104447511155,-178.179376,-178.179376,5.1065,-212.039218,0.159687,0
sk_s128_i1,sk,128,SA,1765355801028908632,-211.330140,-211.330140,4.7213,-212.039218,0.003344,0
sk_s128_i1,sk,128,SA,1765359099563793265,-210.123834,-210.123834,4.1432,-212.039218,0.009033,0
sk_s128_i1,sk,128,SA,1765358000052165054,-210.798312,-210.798312,4.6548,-212.039218,0.005852,0
sk_s128_i1,sk,128,SA,1765352502494023999,-212.039218,-212.039218,4.4767,-212.039218,0.000000,1
sk_s128_i1,sk,128,SA,1765351402982395788,-212.039218,-212.039218,4.3024,-212.039218,0.000000,1
sk_s128_i1,sk,128,SA,1765354701517280421,-211.969713,-211.969713,4.1623,-212.039218,0.000328,0
sk_s128_i1,sk,128,SA,1765353602005652210,-211.969713,-211.969713,4.0986,-212.039218,0.000328,0
sk_s128_i1,sk,128,SA,1765348104447511155,-211.969713,-211.969713,4.1626,-212.039218,0.000328,0
random_s64_i0,random,64,Ultimate,5295006035199975581,-69.758938,-69.758938,275.1309,-69.758938,0.000000,1
random_s64_i0,random,64,Ultimate,5295002736665090948,-69.758938,-69.758938,269.7120,-69.758938,0.000000,1
random_s64_i0,random,64,Ultimate,5295003836176719159,-69.758938,-69.758938,270.4795,-69.758938,0.000000,1
random_s64_i0,random,64,Ultimate,5294991741548808838,-69.758938,-69.758938,270.3846,-69.758938,0.000000,1
random_s64_i0,random,64,Ultimate,5294992841060437049,-69.758938,-69.758938,275.8114,-69.758938,0.000000,1
random_s64_i0,random,64,Ultimate,5294989542525552416,-69.758938,-69.758938,268.6206,-69.758938,0.000000,1
random_s64_i0,random,64,Ultimate,5294990642037180627,-69.758938,-69.758938,269.8474,-69.758938,0.000000,1
random_s64_i0,random,64,Ultimate,5294996139595321682,-69.758938,-69.758938,271.2440,-69.758938,0.000000,1
random_s64_i0,random,64,PT,5295006035199975581,-69.710363,-69.710363,0.9433,-69.758938,0.000696,0
random_s64_i0,random,64,PT,5295002736665090948,-67.773518,-67.773518,1.0410,-69.758938,0.028461,0
random_s64_i0,random,64,PT,5295003836176719159,-66.898866,-66.898866,0.9523,-69.758938,0.040999,0
random_s64_i0,random,64,PT,5294991741548808838,-66.234514,-66.234514,0.9841,-69.758938,0.050523,0
random_s64_i0,random,64,PT,5294992841060437049,-68.621036,-68.621036,0.9436,-69.758938,0.016312,0
random_s64_i0,random,64,PT,5294989542525552416,-67.765948,-67.765948,1.0202,-69.758938,0.028570,0
random_s64_i0,random,64,PT,5294990642037180627,-67.359050,-67.359050,0.9485,-69.758938,0.034403,0
random_s64_i0,random,64,PT,5294996139595321682,-68.896305,-68.896305,1.0047,-69.758938,0.012366,0
random_s64_i0,random,64,SA,5295006035199975581,-68.925308,-68.925308,0.5430,-69.758938,0.011950,0
random_s64_i0,random,64,SA,5295002736665090948,-69.724411,-69.724411,0.5253,-69.758938,0.000495,0
random_s64_i0,random,64,SA,5295003836176719159,-69.724411,-69.724411,0.5292,-69.758938,0.000495,0
random_s64_i0,random,64,SA,5294991741548808838,-69.089407,-69.089407,0.6037,-69.758938,0.009598,0
random_s64_i0,random,64,SA,5294992841060437049,-68.856300,-68.856300,0.5523,-69.758938,0.012939,0
random_s64_i0,random,64,SA,5294989542525552416,-69.089407,-69.089407,0.5488,-69.758938,0.009598,0
random_s64_i0,random,64,SA,5294990642037180627,-68.925308,-68.925308,0.5664,-69.758938,0.011950,0
random_s64_i0,random,64,SA,5294996139595321682,-69.710363,-69.710363,0.5530,-69.758938,0.000696,0
random_s64_i1,random,64,Ultimate,5295030224455985448,-90.267214,-90.267214,272.2087,-90.267214,0.000000,1
random_s64_i1,random,64,Ultimate,5295033522990870081,-90.267214,-90.267214,271.6170,-90.267214,0.000000,1
random_s64_i1,random,64,Ultimate,5295032423479241870,-90.267214,-90.267214,274.9215,-90.267214,0.000000,1
random_s64_i1,random,64,Ultimate,5295026925921100815,-90.267214,-90.267214,281.9925,-90.267214,0.000000,1
random_s64_i1,random,64,Ultimate,5295025826409472604,-90.267214,-90.267214,273.5788,-90.267214,0.000000,1
random_s64_i1,random,64,Ultimate,5295029124944357237,-90.267214,-90.267214,268.1791,-90.267214,0.000000,1
random_s64_i1,random,64,Ultimate,5295028025432729026,-90.267214,-90.267214,270.4640,-90.267214,0.000000,1
random_s64_i1,random,64,Ultimate,5295022527874587971,-90.267214,-90.267214,273.8925,-90.267214,0.000000,1
random_s64_i1,random,64,PT,5295030224455985448,-86.559669,-86.559669,1.4083,-90.267214,0.041073,0
random_s64_i1,random,64,PT,5295033522990870081,-89.658378,-89.658378,1.3582,-90.267214,0.006745,0
random_s64_i1,random,64,PT,5295032423479241870,-89.301424,-89.301424,1.0339,-90.267214,0.010699,0
random_s64_i1,random,64,PT,5295026925921100815,-89.141935,-89.141935,1.1849,-90.267214,0.012466,0
random_s64_i1,random,64,PT,5295025826409472604,-88.821789,-88.821789,0.9340,-90.267214,0.016013,0
random_s64_i1,random,64,PT,5295029124944357237,-88.619988,-88.619988,1.0130,-90.267214,0.018248,0
random_s64_i1,random,64,PT,5295028025432729026,-87.270449,-87.270449,0.9016,-90.267214,0.033199,0
random_s64_i1,random,64,PT,5295022527874587971,-89.993919,-89.993919,1.0230,-90.267214,0.003028,0
random_s64_i1,random,64,SA,5295030224455985448,-90.267214,-90.267214,0.5358,-90.267214,0.000000,1
random_s64_i1,random,64,SA,5295033522990870081,-90.267214,-90.267214,0.5359,-90.267214,0.000000,1
random_s64_i1,random,64,SA,5295032423479241870,-90.267214,-90.267214,0.6049,-90.267214,0.000000,1
random_s64_i1,random,64,SA,5295026925921100815,-90.244273,-90.244273,0.5378,-90.267214,0.000254,0
random_s64_i1,random,64,SA,5295025826409472604,-90.267214,-90.267214,0.5296,-90.267214,0.000000,1
random_s64_i1,random,64,SA,5295029124944357237,-90.267214,-90.267214,0.5745,-90.267214,0.000000,1
random_s64_i1,random,64,SA,5295028025432729026,-90.244273,-90.244273,0.5342,-90.267214,0.000254,0
random_s64_i1,random,64,SA,5295022527874587971,-90.244273,-90.244273,0.5271,-90.267214,0.000254,0
random_s128_i0,random,128,Ultimate,4303897643695862702,-244.319564,-244.319564,321.9730,-244.319564,0.000000,1
random_s128_i0,random,128,Ultimate,4303896544184234491,-244.319564,-244.319564,326.7444,-244.319564,0.000000,1
random_s128_i0,random,128,Ultimate,4303895444672606280,-244.319564,-244.319564,323.6680,-244.319564,0.000000,1
random_s128_i0,random,128,Ultimate,4303894345160978069,-244.319564,-244.319564,319.2488,-244.319564,0.000000,1
random_s128_i0,random,128,Ultimate,4303893245649349858,-244.319564,-244.319564,326.1130,-244.319564,0.000000,1
random_s128_i0,random,128,Ultimate,4303892146137721647,-244.319564,-244.319564,329.1038,-244.319564,0.000000,1
random_s128_i0,random,128,Ultimate,4303891046626093436,-244.319564,-244.319564,319.1738,-244.319564,0.000000,1
random_s128_i0,random,128,Ultimate,4303889947114465225,-244.319564,-244.319564,321.5528,-244.319564,0.000000,1
random_s128_i0,random,128,PT,4303897643695862702,-203.029707,-203.029707,3.8809,-244.319564,0.168999,0
random_s128_i0,random,128,PT,4303896544184234491,-206.443696,-206.443696,3.6820,-244.319564,0.155026,0
random_s128_i0,random,128,PT,4303895444672606280,-201.693620,-201.693620,3.8086,-244.319564,0.174468,0
random_s128_i0,random,128,PT,4303894345160978069,-196.193874,-196.193874,3.6682,-244.319564,0.196978,0
random_s128_i0,random,128,PT,4303893245649349858,-195.900055,-195.900055,3.7777,-244.319564,0.198181,0
random_s128_i0,random,128,PT,4303892146137721647,-228.202274,-228.202274,3.7606,-244.319564,0.065968,0
random_s128_i0,random,128,PT,4303891046626093436,-191.843279,-191.843279,3.7176,-244.319564,0.214785,0
random_s128_i0,random,128,PT,4303889947114465225,-205.434724,-205.434724,3.6787,-244.319564,0.159156,0
random_s128_i0,random,128,SA,4303897643695862702,-244.312688,-244.312688,2.0959,-244.319564,0.000028,0
random_s128_i0,random,128,SA,4303896544184234491,-244.312688,-244.312688,2.1326,-244.319564,0.000028,0
random_s128_i0,random,128,SA,4303895444672606280,-244.312688,-244.312688,2.0655,-244.319564,0.000028,0
random_s128_i0,random,128,SA,4303894345160978069,-244.319564,-244.319564,2.2603,-244.319564,0.000000,1
random_s128_i0,random,128,SA,4303893245649349858,-244.319564,-244.319564,2.0620,-244.319564,0.000000,1
random_s128_i0,random,128,SA,4303892146137721647,-244.319564,-244.319564,2.1839,-244.319564,0.000000,1
random_s128_i0,random,128,SA,4303891046626093436,-244.312688,-244.312688,2.2131,-244.319564,0.000028,0
random_s128_i0,random,128,SA,4303889947114465225,-244.312688,-244.312688,2.1882,-244.319564,0.000028,0
random_s128_i1,random,128,Ultimate,4303864658346827147,-246.809743,-246.809743,317.5985,-246.809743,0.000000,1
random_s128_i1,random,128,Ultimate,4303865757858455358,-246.809743,-246.809743,316.2948,-246.809743,0.000000,1
random_s128_i1,random,128,Ultimate,4303866857370083569,-246.809743,-246.809743,310.8377,-246.809743,0.000000,1
random_s128_i1,random,128,Ultimate,4303859160788686092,-246.809743,-246.809743,319.9749,-246.809743,0.000000,1
random_s128_i1,random,128,Ultimate,4303860260300314303,-246.809743,-246.809743,310.0642,-246.809743,0.000000,1
random_s128_i1,random,128,Ultimate,4303861359811942514,-246.809743,-246.809743,323.8677,-246.809743,0.000000,1
random_s128_i1,random,128,Ultimate,4303862459323570725,-246.809743,-246.809743,318.2145,-246.809743,0.000000,1
random_s128_i1,random,128,Ultimate,4303854762742173248,-246.809743,-246.809743,319.8114,-246.809743,0.000000,1
random_s128_i1,random,128,PT,4303864658346827147,-210.033561,-210.033561,3.5961,-246.809743,0.149006,0
random_s128_i1,random,128,PT,4303865757858455358,-210.036805,-210.036805,3.6198,-246.809743,0.148993,0
random_s128_i1,random,128,PT,4303866857370083569,-223.512907,-223.512907,3.5544,-246.809743,0.094392,0
random_s128_i1,random,128,PT,4303859160788686092,-207.831746,-207.831746,3.4993,-246.809743,0.157927,0
random_s128_i1,random,128,PT,4303860260300314303,-219.500679,-219.500679,3.4983,-246.809743,0.110648,0
random_s128_i1,random,128,PT,4303861359811942514,-202.771710,-202.771710,3.4004,-246.809743,0.178429,0
random_s128_i1,random,128,PT,4303862459323570725,-209.658687,-209.658687,3.5186,-246.809743,0.150525,0
random_s128_i1,random,128,PT,4303854762742173248,-215.066959,-215.066959,3.5573,-246.809743,0.128612,0
random_s128_i1,random,128,SA,4303864658346827147,-246.766941,-246.766941,2.1033,-246.809743,0.000173,0
random_s128_i1,random,128,SA,4303865757858455358,-246.657621,-246.657621,2.0525,-246.809743,0.000616,0
random_s128_i1,random,128,SA,4303866857370083569,-246.809743,-246.809743,2.1323,-246.809743,0.000000,1
random_s128_i1,random,128,SA,4303859160788686092,-246.657621,-246.657621,2.0829,-246.809743,0.000616,0
random_s128_i1,random,128,SA,4303860260300314303,-246.766941,-246.766941,2.1420,-246.809743,0.000173,0
random_s128_i1,random,128,SA,4303861359811942514,-246.766941,-246.766941,2.0237,-246.809743,0.000173,0
random_s128_i1,random,128,SA,4303862459323570725,-246.809743,-246.809743,2.1330,-246.809743,0.000000,1
random_s128_i1,random,128,SA,4303854762742173248,-246.809743,-246.809743,1.9863,-246.809743,0.000000,1
dense_s64_i0,dense,64,Ultimate,3037136962927836179,-167.636773,-167.636773,289.0623,-167.636773,0.000000,1
dense_s64_i0,dense,64,Ultimate,3037138062439464390,-167.636773,-167.636773,296.7449,-167.636773,0.000000,1
dense_s64_i0,dense,64,Ultimate,3037139161951092601,-167.636773,-167.636773,299.7309,-167.636773,0.000000,1
dense_s64_i0,dense,64,Ultimate,3037149057555746500,-167.636773,-167.636773,293.7679,-167.636773,0.000000,1
dense_s64_i0,dense,64,Ultimate,3037150157067374711,-167.636773,-167.636773,294.6913,-167.636773,0.000000,1
dense_s64_i0,dense,64,Ultimate,3037151256579002922,-167.636773,-167.636773,292.8529,-167.636773,0.000000,1
dense_s64_i0,dense,64,Ultimate,3037152356090631133,-167.636773,-167.636773,293.4816,-167.636773,0.000000,1
dense_s64_i0,dense,64,Ultimate,3037144659509233656,-167.636773,-167.636773,290.7883,-167.636773,0.000000,1
dense_s64_i0,dense,64,PT,3037136962927836179,-166.887400,-166.887400,2.6139,-167.636773,0.004470,0
dense_s64_i0,dense,64,PT,3037138062439464390,-166.887400,-166.887400,2.5923,-167.636773,0.004470,0
dense_s64_i0,dense,64,PT,3037139161951092601,-163.997233,-163.997233,2.5331,-167.636773,0.021711,0
dense_s64_i0,dense,64,PT,3037149057555746500,-163.207849,-163.207849,2.5855,-167.636773,0.026420,0
dense_s64_i0,dense,64,PT,3037150157067374711,-166.535412,-166.535412,2.5834,-167.636773,0.006570,0
dense_s64_i0,dense,64,PT,3037151256579002922,-161.512222,-161.512222,2.6359,-167.636773,0.036535,0
dense_s64_i0,dense,64,PT,3037152356090631133,-163.119821,-163.119821,2.6085,-167.636773,0.026945,0
dense_s64_i0,dense,64,PT,3037144659509233656,-166.136920,-166.136920,2.4479,-167.636773,0.008947,0
dense_s64_i0,dense,64,SA,3037136962927836179,-167.636773,-167.636773,1.0245,-167.636773,0.000000,1
dense_s64_i0,dense,64,SA,3037138062439464390,-167.636773,-167.636773,0.9760,-167.636773,0.000000,1
dense_s64_i0,dense,64,SA,3037139161951092601,-167.636773,-167.636773,1.0168,-167.636773,0.000000,1
dense_s64_i0,dense,64,SA,3037149057555746500,-167.636773,-167.636773,0.9687,-167.636773,0.000000,1
dense_s64_i0,dense,64,SA,3037150157067374711,-167.636773,-167.636773,1.0429,-167.636773,0.000000,1
dense_s64_i0,dense,64,SA,3037151256579002922,-167.636773,-167.636773,1.0167,-167.636773,0.000000,1
dense_s64_i0,dense,64,SA,3037152356090631133,-163.997233,-163.997233,0.9949,-167.636773,0.021711,0
dense_s64_i0,dense,64,SA,3037144659509233656,-167.636773,-167.636773,1.2105,-167.636773,0.000000,1
dense_s64_i1,dense,64,Ultimate,3037169948276871734,-142.337504,-142.337504,292.4332,-142.337504,0.000000,1
dense_s64_i1,dense,64,Ultimate,3037168848765243523,-142.337504,-142.337504,289.0511,-142.337504,0.000000,1
dense_s64_i1,dense,64,Ultimate,3037167749253615312,-142.337504,-142.337504,292.8229,-142.337504,0.000000,1
dense_s64_i1,dense,64,Ultimate,3037184241928038477,-142.337504,-142.337504,297.9311,-142.337504,0.000000,1
dense_s64_i1,dense,64,Ultimate,3037183142416410266,-142.337504,-142.337504,293.3130,-142.337504,0.000000,1
dense_s64_i1,dense,64,Ultimate,3037182042904782055,-142.337504,-142.337504,294.0274,-142.337504,0.000000,1
dense_s64_i1,dense,64,Ultimate,3037180943393153844,-142.337504,-142.337504,293.3506,-142.337504,0.000000,1
dense_s64_i1,dense,64,Ultimate,3037179843881525633,-142.337504,-142.337504,298.1716,-142.337504,0.000000,1
dense_s64_i1,dense,64,PT,3037169948276871734,-138.480333,-138.480333,2.9787,-142.337504,0.027099,0
dense_s64_i1,dense,64,PT,3037168848765243523,-139.780849,-139.780849,2.9097,-142.337504,0.017962,0
dense_s64_i1,dense,64,PT,3037167749253615312,-141.429308,-141.429308,2.8088,-142.337504,0.006381,0
dense_s64_i1,dense,64,PT,3037184241928038477,-140.265391,-140.265391,2.7975,-142.337504,0.014558,0
dense_s64_i1,dense,64,PT,3037183142416410266,-137.277170,-137.277170,3.1900,-142.337504,0.035552,0
dense_s64_i1,dense,64,PT,3037182042904782055,-139.720832,-139.720832,2.6108,-142.337504,0.018384,0
dense_s64_i1,dense,64,PT,3037180943393153844,-138.890296,-138.890296,2.4508,-142.337504,0.024219,0
dense_s64_i1,dense,64,PT,3037179843881525633,-142.337504,-142.337504,2.7943,-142.337504,0.000000,1
dense_s64_i1,dense,64,SA,3037169948276871734,-142.337504,-142.337504,1.5927,-142.337504,0.000000,1
dense_s64_i1,dense,64,SA,3037168848765243523,-141.324511,-141.324511,0.9949,-142.337504,0.007117,0
dense_s64_i1,dense,64,SA,3037167749253615312,-141.375834,-141.375834,0.9733,-142.337504,0.006756,0
dense_s64_i1,dense,64,SA,3037184241928038477,-142.337504,-142.337504,0.9456,-142.337504,0.000000,1
dense_s64_i1,dense,64,SA,3037183142416410266,-141.375834,-141.375834,0.9936,-142.337504,0.006756,0
dense_s64_i1,dense,64,SA,3037182042904782055,-142.337504,-142.337504,1.0193,-142.337504,0.000000,1
dense_s64_i1,dense,64,SA,3037180943393153844,-142.337504,-142.337504,0.9917,-142.337504,0.000000,1
dense_s64_i1,dense,64,SA,3037179843881525633,-142.337504,-142.337504,0.9482,-142.337504,0.000000,1
dense_s128_i0,dense,128,Ultimate,7653302338557860192,-451.493140,-451.493140,445.4162,-451.493140,0.000000,1
dense_s128_i0,dense,128,Ultimate,7653305637092744825,-451.493140,-451.493140,461.2398,-451.493140,0.000000,1
dense_s128_i0,dense,128,Ultimate,7653304537581116614,-451.493140,-451.493140,451.1901,-451.493140,0.000000,1
dense_s128_i0,dense,128,Ultimate,7653316632209026935,-451.493140,-451.493140,456.7382,-451.493140,0.000000,1
dense_s128_i0,dense,128,Ultimate,7653315532697398724,-451.493140,-451.493140,442.9633,-451.493140,0.000000,1
dense_s128_i0,dense,128,Ultimate,7653318831232283357,-451.493140,-451.493140,449.2984,-451.493140,0.000000,1
dense_s128_i0,dense,128,Ultimate,7653317731720655146,-451.493140,-451.493140,456.1075,-451.493140,0.000000,1
dense_s128_i0,dense,128,Ultimate,7653312234162514091,-451.493140,-451.493140,454.7595,-451.493140,0.000000,1
dense_s128_i0,dense,128,PT,7653302338557860192,-359.980678,-359.980678,9.3609,-451.493140,0.202688,0
dense_s128_i0,dense,128,PT,7653305637092744825,-381.845218,-381.845218,9.4866,-451.493140,0.154261,0
dense_s128_i0,dense,128,PT,7653304537581116614,-369.661423,-369.661423,10.1440,-451.493140,0.181247,0
dense_s128_i0,dense,128,PT,7653316632209026935,-388.237551,-388.237551,10.2080,-451.493140,0.140103,0
dense_s128_i0,dense,128,PT,7653315532697398724,-368.295072,-368.295072,10.1593,-451.493140,0.184273,0
dense_s128_i0,dense,128,PT,7653318831232283357,-389.482422,-389.482422,10.1819,-451.493140,0.137346,0
dense_s128_i0,dense,128,PT,7653317731720655146,-362.743557,-362.743557,10.4762,-451.493140,0.196569,0
dense_s128_i0,dense,128,PT,7653312234162514091,-371.925837,-371.925837,10.4120,-451.493140,0.176231,0
dense_s128_i0,dense,128,SA,7653302338557860192,-451.493140,-451.493140,5.4254,-451.493140,0.000000,1
dense_s128_i0,dense,128,SA,7653305637092744825,-451.484464,-451.484464,5.5016,-451.493140,0.000019,0
dense_s128_i0,dense,128,SA,7653304537581116614,-451.484464,-451.484464,5.6968,-451.493140,0.000019,0
dense_s128_i0,dense,128,SA,7653316632209026935,-451.484464,-451.484464,5.6860,-451.493140,0.000019,0
dense_s128_i0,dense,128,SA,7653315532697398724,-451.493140,-451.493140,5.5260,-451.493140,0.000000,1
dense_s128_i0,dense,128,SA,7653318831232283357,-451.484464,-451.484464,5.3762,-451.493140,0.000019,0
dense_s128_i0,dense,128,SA,7653317731720655146,-451.493140,-451.493140,5.4721,-451.493140,0.000000,1
dense_s128_i0,dense,128,SA,7653312234162514091,-451.493140,-451.493140,5.5559,-451.493140,0.000000,1
dense_s128_i1,dense,128,Ultimate,7653687167628301717,-458.655196,-458.655196,452.9846,-458.655196,0.000000,1
dense_s128_i1,dense,128,Ultimate,7653683869093417084,-458.655196,-458.655196,453.8941,-458.655196,0.000000,1
dense_s128_i1,dense,128,Ultimate,7653684968605045295,-458.655196,-458.655196,447.5283,-458.655196,0.000000,1
dense_s128_i1,dense,128,Ultimate,7653690466163186350,-458.655196,-458.655196,447.9151,-458.655196,0.000000,1
dense_s128_i1,dense,128,Ultimate,7653691565674814561,-458.655196,-458.655196,453.1095,-458.655196,0.000000,1
dense_s128_i1,dense,128,Ultimate,7653688267139929928,-458.655196,-458.655196,458.1554,-458.655196,0.000000,1
dense_s128_i1,dense,128,Ultimate,7653689366651558139,-458.655196,-458.655196,458.0051,-458.655196,0.000000,1
dense_s128_i1,dense,128,Ultimate,7653694864209699194,-458.655196,-458.655196,448.7030,-458.655196,0.000000,1
dense_s128_i1,dense,128,PT,7653687167628301717,-372.016625,-372.016625,9.2496,-458.655196,0.188897,0
dense_s128_i1,dense,128,PT,7653683869093417084,-382.392028,-382.392028,9.0897,-458.655196,0.166276,0
dense_s128_i1,dense,128,PT,7653684968605045295,-402.536606,-402.536606,9.1008,-458.655196,0.122355,0
dense_s128_i1,dense,128,PT,7653690466163186350,-392.306264,-392.306264,9.2126,-458.655196,0.144660,0
dense_s128_i1,dense,128,PT,7653691565674814561,-377.555017,-377.555017,8.8722,-458.655196,0.176822,0
dense_s128_i1,dense,128,PT,7653688267139929928,-390.343689,-390.343689,9.0989,-458.655196,0.148939,0
dense_s128_i1,dense,128,PT,7653689366651558139,-382.128479,-382.128479,8.8595,-458.655196,0.166850,0
dense_s128_i1,dense,128,PT,7653694864209699194,-424.072789,-424.072789,9.0637,-458.655196,0.075400,0
dense_s128_i1,dense,128,SA,7653687167628301717,-455.926858,-455.926858,3.8148,-458.655196,0.005949,0
dense_s128_i1,dense,128,SA,7653683869093417084,-456.537810,-456.537810,3.7617,-458.655196,0.004617,0
dense_s128_i1,dense,128,SA,7653684968605045295,-455.538741,-455.538741,3.8811,-458.655196,0.006795,0
dense_s128_i1,dense,128,SA,7653690466163186350,-458.655196,-458.655196,3.7462,-458.655196,0.000000,1
dense_s128_i1,dense,128,SA,7653691565674814561,-458.655196,-458.655196,3.8739,-458.655196,0.000000,1
dense_s128_i1,dense,128,SA,7653688267139929928,-456.537810,-456.537810,3.8345,-458.655196,0.004617,0
dense_s128_i1,dense,128,SA,7653689366651558139,-458.655196,-458.655196,4.0559,-458.655196,0.000000,1
dense_s128_i1,dense,128,SA,7653694864209699194,-458.655196,-458.655196,3.9316,-458.655196,0.000000,1
sparse_s64_i0,sparse,64,Ultimate,10951745524427363198,-36.954583,-36.954583,253.4567,-36.954583,0.000000,1
sparse_s64_i0,sparse,64,Ultimate,10951744424915734987,-36.954583,-36.954583,250.4058,-36.954583,0.000000,1
sparse_s64_i0,sparse,64,Ultimate,10951743325404106776,-36.954583,-36.954583,249.8326,-36.954583,0.000000,1
sparse_s64_i0,sparse,64,Ultimate,10951742225892478565,-36.954583,-36.954583,248.6578,-36.954583,0.000000,1
sparse_s64_i0,sparse,64,Ultimate,10951741126380850354,-36.954583,-36.954583,255.6219,-36.954583,0.000000,1
sparse_s64_i0,sparse,64,Ultimate,10951740026869222143,-36.954583,-36.954583,251.1166,-36.954583,0.000000,1
sparse_s64_i0,sparse,64,Ultimate,10951738927357593932,-36.954583,-36.954583,247.7636,-36.954583,0.000000,1
sparse_s64_i0,sparse,64,Ultimate,10951737827845965721,-36.954583,-36.954583,250.6235,-36.954583,0.000000,1
sparse_s64_i0,sparse,64,PT,10951745524427363198,-35.596770,-35.596770,0.5112,-36.954583,0.036743,0
sparse_s64_i0,sparse,64,PT,10951744424915734987,-35.067581,-35.067581,0.5042,-36.954583,0.051063,0
sparse_s64_i0,sparse,64,PT,10951743325404106776,-36.573094,-36.573094,0.4670,-36.954583,0.010323,0
sparse_s64_i0,sparse,64,PT,10951742225892478565,-35.986063,-35.986063,0.4635,-36.954583,0.026208,0
sparse_s64_i0,sparse,64,PT,10951741126380850354,-35.285727,-35.285727,0.4849,-36.954583,0.045160,0
sparse_s64_i0,sparse,64,PT,10951740026869222143,-35.384271,-35.384271,0.5212,-36.954583,0.042493,0
sparse_s64_i0,sparse,64,PT,10951738927357593932,-34.755832,-34.755832,0.4678,-36.954583,0.059499,0
sparse_s64_i0,sparse,64,PT,10951737827845965721,-35.647862,-35.647862,0.4734,-36.954583,0.035360,0
sparse_s64_i0,sparse,64,SA,10951745524427363198,-36.887666,-36.887666,0.5346,-36.954583,0.001811,0
sparse_s64_i0,sparse,64,SA,10951744424915734987,-36.887666,-36.887666,0.4639,-36.954583,0.001811,0
sparse_s64_i0,sparse,64,SA,10951743325404106776,-36.346024,-36.346024,0.4514,-36.954583,0.016468,0
sparse_s64_i0,sparse,64,SA,10951742225892478565,-36.872118,-36.872118,0.4863,-36.954583,0.002232,0
sparse_s64_i0,sparse,64,SA,10951741126380850354,-36.760581,-36.760581,0.5001,-36.954583,0.005250,0
sparse_s64_i0,sparse,64,SA,10951740026869222143,-36.760581,-36.760581,0.4872,-36.954583,0.005250,0
sparse_s64_i0,sparse,64,SA,10951738927357593932,-36.445963,-36.445963,0.4516,-36.954583,0.013763,0
sparse_s64_i0,sparse,64,SA,10951737827845965721,-36.954583,-36.954583,0.4508,-36.954583,0.000000,1
sparse_s64_i1,sparse,64,Ultimate,10951782907822533147,-56.392588,-56.392588,251.6141,-56.392588,0.000000,1
sparse_s64_i1,sparse,64,Ultimate,10951784007334161358,-56.392588,-56.392588,249.1308,-56.392588,0.000000,1
sparse_s64_i1,sparse,64,Ultimate,10951785106845789569,-56.392588,-56.392588,247.5256,-56.392588,0.000000,1
sparse_s64_i1,sparse,64,Ultimate,10951777410264392092,-56.392588,-56.392588,246.5300,-56.392588,0.000000,1
sparse_s64_i1,sparse,64,Ultimate,10951778509776020303,-56.392588,-56.392588,252.5153,-56.392588,0.000000,1
sparse_s64_i1,sparse,64,Ultimate,10951779609287648514,-56.392588,-56.392588,248.2395,-56.392588,0.000000,1
sparse_s64_i1,sparse,64,Ultimate,10951780708799276725,-56.392588,-56.392588,249.7503,-56.392588,0.000000,1
sparse_s64_i1,sparse,64,Ultimate,10951773012217879248,-56.392588,-56.392588,246.8978,-56.392588,0.000000,1
sparse_s64_i1,sparse,64,PT,10951782907822533147,-54.533593,-54.533593,0.5106,-56.392588,0.032965,0
sparse_s64_i1,sparse,64,PT,10951784007334161358,-55.682337,-55.682337,0.5454,-56.392588,0.012595,0
sparse_s64_i1,sparse,64,PT,10951785106845789569,-55.948826,-55.948826,0.5116,-56.392588,0.007869,0
sparse_s64_i1,sparse,64,PT,10951777410264392092,-55.948826,-55.948826,0.4800,-56.392588,0.007869,0
sparse_s64_i1,sparse,64,PT,10951778509776020303,-55.564257,-55.564257,0.5010,-56.392588,0.014689,0
sparse_s64_i1,sparse,64,PT,10951779609287648514,-55.963455,-55.963455,0.5862,-56.392588,0.007610,0
sparse_s64_i1,sparse,64,PT,10951780708799276725,-55.440848,-55.440848,0.5236,-56.392588,0.016877,0
sparse_s64_i1,sparse,64,PT,10951773012217879248,-55.346161,-55.346161,0.4852,-56.392588,0.018556,0
sparse_s64_i1,sparse,64,SA,10951782907822533147,-56.392588,-56.392588,0.5310,-56.392588,0.000000,1
sparse_s64_i1,sparse,64,SA,10951784007334161358,-56.392588,-56.392588,0.5155,-56.392588,0.000000,1
sparse_s64_i1,sparse,64,SA,10951785106845789569,-56.392588,-56.392588,0.6185,-56.392588,0.000000,1
sparse_s64_i1,sparse,64,SA,10951777410264392092,-56.392588,-56.392588,0.5424,-56.392588,0.000000,1
sparse_s64_i1,sparse,64,SA,10951778509776020303,-56.392588,-56.392588,0.5667,-56.392588,0.000000,1
sparse_s64_i1,sparse,64,SA,10951779609287648514,-56.392588,-56.392588,0.5689,-56.392588,0.000000,1
sparse_s64_i1,sparse,64,SA,10951780708799276725,-56.392588,-56.392588,0.5299,-56.392588,0.000000,1
sparse_s64_i1,sparse,64,SA,10951773012217879248,-56.044706,-56.044706,0.5302,-56.392588,0.006169,0
sparse_s128_i0,sparse,128,Ultimate,7941935097118127979,-89.734440,-89.734440,267.8725,-89.734440,0.000000,1
sparse_s128_i0,sparse,128,Ultimate,7941936196629756190,-89.734440,-89.734440,262.5863,-89.734440,0.000000,1
sparse_s128_i0,sparse,128,Ultimate,7941937296141384401,-89.734440,-89.734440,262.9800,-89.734440,0.000000,1
sparse_s128_i0,sparse,128,Ultimate,7941929599559986924,-89.734440,-89.734440,261.9752,-89.734440,0.000000,1
sparse_s128_i0,sparse,128,Ultimate,7941930699071615135,-89.734440,-89.734440,264.9356,-89.734440,0.000000,1
sparse_s128_i0,sparse,128,Ultimate,7941931798583243346,-89.734440,-89.734440,266.5305,-89.734440,0.000000,1
sparse_s128_i0,sparse,128,Ultimate,7941932898094871557,-89.734440,-89.734440,265.9736,-89.734440,0.000000,1
sparse_s128_i0,sparse,128,Ultimate,7941925201513474080,-89.734440,-89.734440,263.0201,-89.734440,0.000000,1
sparse_s128_i0,sparse,128,PT,7941935097118127979,-76.735535,-76.735535,0.8404,-89.734440,0.144860,0
sparse_s128_i0,sparse,128,PT,7941936196629756190,-79.244037,-79.244037,0.8693,-89.734440,0.116905,0
sparse_s128_i0,sparse,128,PT,7941937296141384401,-76.491102,-76.491102,0.9405,-89.734440,0.147584,0
sparse_s128_i0,sparse,128,PT,7941929599559986924,-79.467019,-79.467019,0.8812,-89.734440,0.114420,0
sparse_s128_i0,sparse,128,PT,7941930699071615135,-79.888035,-79.888035,0.8415,-89.734440,0.109728,0
sparse_s128_i0,sparse,128,PT,7941931798583243346,-75.408388,-75.408388,0.8107,-89.734440,0.159649,0
sparse_s128_i0,sparse,128,PT,7941932898094871557,-77.672723,-77.672723,0.8504,-89.734440,0.134416,0
sparse_s128_i0,sparse,128,PT,7941925201513474080,-75.613441,-75.613441,0.8569,-89.734440,0.157364,0
sparse_s128_i0,sparse,128,SA,7941935097118127979,-89.682133,-89.682133,1.1911,-89.734440,0.000583,0
sparse_s128_i0,sparse,128,SA,7941936196629756190,-89.588417,-89.588417,1.0841,-89.734440,0.001627,0
sparse_s128_i0,sparse,128,SA,7941937296141384401,-89.640724,-89.640724,1.1301,-89.734440,0.001044,0
sparse_s128_i0,sparse,128,SA,7941929599559986924,-89.311046,-89.311046,1.1068,-89.734440,0.004718,0
sparse_s128_i0,sparse,128,SA,7941930699071615135,-89.192523,-89.192523,1.1806,-89.734440,0.006039,0
sparse_s128_i0,sparse,128,SA,7941931798583243346,-89.734440,-89.734440,1.1026,-89.734440,0.000000,1
sparse_s128_i0,sparse,128,SA,7941932898094871557,-89.734440,-89.734440,1.1145,-89.734440,0.000000,1
sparse_s128_i0,sparse,128,SA,7941925201513474080,-89.734440,-89.734440,1.1494,-89.734440,0.000000,1
sparse_s128_i1,sparse,128,Ultimate,7933976831955596686,-91.587953,-91.587953,267.5792,-91.587953,0.000000,1
sparse_s128_i1,sparse,128,Ultimate,7933975732443968475,-91.587953,-91.587953,262.1339,-91.587953,0.000000,1
sparse_s128_i1,sparse,128,Ultimate,7933974632932340264,-91.587953,-91.587953,260.8958,-91.587953,0.000000,1
sparse_s128_i1,sparse,128,Ultimate,7933973533420712053,-91.587953,-91.587953,264.9749,-91.587953,0.000000,1
sparse_s128_i1,sparse,128,Ultimate,7933972433909083842,-91.587953,-91.587953,268.8072,-91.587953,0.000000,1
sparse_s128_i1,sparse,128,Ultimate,7933971334397455631,-91.587953,-91.587953,266.0036,-91.587953,0.000000,1
sparse_s128_i1,sparse,128,Ultimate,7933970234885827420,-91.587953,-91.587953,262.4419,-91.587953,0.000000,1
sparse_s128_i1,sparse,128,Ultimate,7933969135374199209,-91.587953,-91.587953,268.1510,-91.587953,0.000000,1
sparse_s128_i1,sparse,128,PT,7933976831955596686,-72.027400,-72.027400,0.8734,-91.587953,0.213571,0
sparse_s128_i1,sparse,128,PT,7933975732443968475,-84.223560,-84.223560,0.7974,-91.587953,0.080408,0
sparse_s128_i1,sparse,128,PT,7933974632932340264,-81.847460,-81.847460,0.7785,-91.587953,0.106351,0
sparse_s128_i1,sparse,128,PT,7933973533420712053,-82.076654,-82.076654,0.7400,-91.587953,0.103849,0
sparse_s128_i1,sparse,128,PT,7933972433909083842,-81.295573,-81.295573,0.7114,-91.587953,0.112377,0
sparse_s128_i1,sparse,128,PT,7933971334397455631,-77.148461,-77.148461,0.8031,-91.587953,0.157657,0
sparse_s128_i1,sparse,128,PT,7933970234885827420,-74.507682,-74.507682,0.7541,-91.587953,0.186490,0
sparse_s128_i1,sparse,128,PT,7933969135374199209,-83.313928,-83.313928,0.7243,-91.587953,0.090340,0
sparse_s128_i1,sparse,128,SA,7933976831955596686,-91.545144,-91.545144,0.9254,-91.587953,0.000467,0
sparse_s128_i1,sparse,128,SA,7933975732443968475,-91.551489,-91.551489,0.8879,-91.587953,0.000398,0
sparse_s128_i1,sparse,128,SA,7933974632932340264,-91.579841,-91.579841,0.9270,-91.587953,0.000089,0
sparse_s128_i1,sparse,128,SA,7933973533420712053,-91.557944,-91.557944,0.9613,-91.587953,0.000328,0
sparse_s128_i1,sparse,128,SA,7933972433909083842,-91.552681,-91.552681,0.9139,-91.587953,0.000385,0
sparse_s128_i1,sparse,128,SA,7933971334397455631,-91.567041,-91.567041,0.8854,-91.587953,0.000228,0
sparse_s128_i1,sparse,128,SA,7933970234885827420,-91.579841,-91.579841,0.9122,-91.587953,0.000089,0
sparse_s128_i1,sparse,128,SA,7933969135374199209,-91.551489,-91.551489,0.9642,-91.587953,0.000398,0
chimera_s64_i0,chimera,8,Ultimate,1902221347477077301,-3.788356,-3.788356,225.6666,-3.788356,0.000000,1
chimera_s64_i0,chimera,8,Ultimate,1902218048942192668,-3.788356,-3.788356,226.2644,-3.788356,0.000000,1
chimera_s64_i0,chimera,8,Ultimate,1902219148453820879,-3.788356,-3.788356,226.4824,-3.788356,0.000000,1
chimera_s64_i0,chimera,8,Ultimate,1902224646011961934,-3.788356,-3.788356,230.4875,-3.788356,0.000000,1
chimera_s64_i0,chimera,8,Ultimate,1902225745523590145,-3.788356,-3.788356,234.5800,-3.788356,0.000000,1
chimera_s64_i0,chimera,8,Ultimate,1902222446988705512,-3.788356,-3.788356,225.7202,-3.788356,0.000000,1
chimera_s64_i0,chimera,8,Ultimate,1902223546500333723,-3.788356,-3.788356,222.5040,-3.788356,0.000000,1
chimera_s64_i0,chimera,8,Ultimate,1902229044058474778,-3.788356,-3.788356,229.8257,-3.788356,0.000000,1
chimera_s64_i0,chimera,8,PT,1902221347477077301,-3.788356,-3.788356,0.2067,-3.788356,0.000000,1
chimera_s64_i0,chimera,8,PT,1902218048942192668,-3.788356,-3.788356,0.1828,-3.788356,0.000000,1
chimera_s64_i0,chimera,8,PT,1902219148453820879,-3.788356,-3.788356,0.1831,-3.788356,0.000000,1
chimera_s64_i0,chimera,8,PT,1902224646011961934,-3.788356,-3.788356,0.2235,-3.788356,0.000000,1
chimera_s64_i0,chimera,8,PT,1902225745523590145,-3.788356,-3.788356,0.1818,-3.788356,0.000000,1
chimera_s64_i0,chimera,8,PT,1902222446988705512,-3.788356,-3.788356,0.1795,-3.788356,0.000000,1
chimera_s64_i0,chimera,8,PT,1902223546500333723,-3.788356,-3.788356,0.1825,-3.788356,0.000000,1
chimera_s64_i0,chimera,8,PT,1902229044058474778,-3.788356,-3.788356,0.1825,-3.788356,0.000000,1
chimera_s64_i0,chimera,8,SA,1902221347477077301,-3.788356,-3.788356,0.0494,-3.788356,0.000000,1
chimera_s64_i0,chimera,8,SA,1902218048942192668,-3.788356,-3.788356,0.0497,-3.788356,0.000000,1
chimera_s64_i0,chimera,8,SA,1902219148453820879,-3.788356,-3.788356,0.0498,-3.788356,0.000000,1
chimera_s64_i0,chimera,8,SA,1902224646011961934,-3.788356,-3.788356,0.0513,-3.788356,0.000000,1
chimera_s64_i0,chimera,8,SA,1902225745523590145,-3.788356,-3.788356,0.0498,-3.788356,0.000000,1
chimera_s64_i0,chimera,8,SA,1902222446988705512,-3.788356,-3.788356,0.0504,-3.788356,0.000000,1
chimera_s64_i0,chimera,8,SA,1902223546500333723,-3.788356,-3.788356,0.0503,-3.788356,0.000000,1
chimera_s64_i0,chimera,8,SA,1902229044058474778,-3.788356,-3.788356,0.0491,-3.788356,0.000000,1
chimera_s64_i1,chimera,8,Ultimate,1902175167988881664,-4.565133,-4.565133,224.4736,-4.565133,0.000000,1
chimera_s64_i1,chimera,8,Ultimate,1902178466523766297,-4.565133,-4.565133,228.6508,-4.565133,0.000000,1
chimera_s64_i1,chimera,8,Ultimate,1902177367012138086,-4.565133,-4.565133,221.6049,-4.565133,0.000000,1
chimera_s64_i1,chimera,8,Ultimate,1902189461640048407,-4.565133,-4.565133,223.9786,-4.565133,0.000000,1
chimera_s64_i1,chimera,8,Ultimate,1902188362128420196,-4.565133,-4.565133,229.2818,-4.565133,0.000000,1
chimera_s64_i1,chimera,8,Ultimate,1902191660663304829,-4.565133,-4.565133,227.5178,-4.565133,0.000000,1
chimera_s64_i1,chimera,8,Ultimate,1902190561151676618,-4.565133,-4.565133,225.0823,-4.565133,0.000000,1
chimera_s64_i1,chimera,8,Ultimate,1902185063593535563,-4.565133,-4.565133,222.1125,-4.565133,0.000000,1
chimera_s64_i1,chimera,8,PT,1902175167988881664,-4.565133,-4.565133,0.2716,-4.565133,0.000000,1
chimera_s64_i1,chimera,8,PT,1902178466523766297,-4.565133,-4.565133,0.2266,-4.565133,0.000000,1
chimera_s64_i1,chimera,8,PT,1902177367012138086,-4.565133,-4.565133,0.2318,-4.565133,0.000000,1
chimera_s64_i1,chimera,8,PT,1902189461640048407,-4.565133,-4.565133,0.2302,-4.565133,0.000000,1
chimera_s64_i1,chimera,8,PT,1902188362128420196,-4.565133,-4.565133,0.2291,-4.565133,0.000000,1
chimera_s64_i1,chimera,8,PT,1902191660663304829,-4.565133,-4.565133,0.3262,-4.565133,0.000000,1
chimera_s64_i1,chimera,8,PT,1902190561151676618,-4.565133,-4.565133,0.2303,-4.565133,0.000000,1
chimera_s64_i1,chimera,8,PT,1902185063593535563,-4.565133,-4.565133,0.2306,-4.565133,0.000000,1
chimera_s64_i1,chimera,8,SA,1902175167988881664,-4.565133,-4.565133,0.0645,-4.565133,0.000000,1
chimera_s64_i1,chimera,8,SA,1902178466523766297,-4.565133,-4.565133,0.0622,-4.565133,0.000000,1
chimera_s64_i1,chimera,8,SA,1902177367012138086,-4.565133,-4.565133,0.0624,-4.565133,0.000000,1
chimera_s64_i1,chimera,8,SA,1902189461640048407,-4.565133,-4.565133,0.0935,-4.565133,0.000000,1
chimera_s64_i1,chimera,8,SA,1902188362128420196,-4.565133,-4.565133,0.0636,-4.565133,0.000000,1
chimera_s64_i1,chimera,8,SA,1902191660663304829,-4.565133,-4.565133,0.0642,-4.565133,0.000000,1
chimera_s64_i1,chimera,8,SA,1902190561151676618,-4.565133,-4.565133,0.0621,-4.565133,0.000000,1
chimera_s64_i1,chimera,8,SA,1902185063593535563,-4.565133,-4.565133,0.0632,-4.565133,0.000000,1
chimera_s128_i0,chimera,32,Ultimate,7827226677725293190,-11.246297,-11.246297,239.2559,-11.246297,0.000000,1
chimera_s128_i0,chimera,32,Ultimate,7827225578213664979,-11.246297,-11.246297,240.5725,-11.246297,0.000000,1
chimera_s128_i0,chimera,32,Ultimate,7827224478702036768,-11.246297,-11.246297,238.1941,-11.246297,0.000000,1
chimera_s128_i0,chimera,32,Ultimate,7827240971376459933,-11.246297,-11.246297,235.0006,-11.246297,0.000000,1
chimera_s128_i0,chimera,32,Ultimate,7827239871864831722,-11.246297,-11.246297,239.8721,-11.246297,0.000000,1
chimera_s128_i0,chimera,32,Ultimate,7827238772353203511,-11.246297,-11.246297,245.3453,-11.246297,0.000000,1
chimera_s128_i0,chimera,32,Ultimate,7827237672841575300,-11.246297,-11.246297,238.1300,-11.246297,0.000000,1
chimera_s128_i0,chimera,32,Ultimate,7827236573329947089,-11.246297,-11.246297,235.0949,-11.246297,0.000000,1
chimera_s128_i0,chimera,32,PT,7827226677725293190,-11.246297,-11.246297,0.2975,-11.246297,0.000000,1
chimera_s128_i0,chimera,32,PT,7827225578213664979,-11.246297,-11.246297,0.2809,-11.246297,0.000000,1
chimera_s128_i0,chimera,32,PT,7827224478702036768,-11.246297,-11.246297,0.3937,-11.246297,0.000000,1
chimera_s128_i0,chimera,32,PT,7827240971376459933,-11.246297,-11.246297,0.4806,-11.246297,0.000000,1
chimera_s128_i0,chimera,32,PT,7827239871864831722,-11.246297,-11.246297,0.5061,-11.246297,0.000000,1
chimera_s128_i0,chimera,32,PT,7827238772353203511,-11.246297,-11.246297,0.3182,-11.246297,0.000000,1
chimera_s128_i0,chimera,32,PT,7827237672841575300,-11.246297,-11.246297,0.3121,-11.246297,0.000000,1
chimera_s128_i0,chimera,32,PT,7827236573329947089,-11.246297,-11.246297,0.2754,-11.246297,0.000000,1
chimera_s128_i0,chimera,32,SA,7827226677725293190,-11.246297,-11.246297,0.1974,-11.246297,0.000000,1
chimera_s128_i0,chimera,32,SA,7827225578213664979,-11.246297,-11.246297,0.1926,-11.246297,0.000000,1
chimera_s128_i0,chimera,32,SA,7827224478702036768,-11.246297,-11.246297,0.2771,-11.246297,0.000000,1
chimera_s128_i0,chimera,32,SA,7827240971376459933,-11.246297,-11.246297,0.2387,-11.246297,0.000000,1
chimera_s128_i0,chimera,32,SA,7827239871864831722,-10.776467,-10.776467,0.1999,-11.246297,0.041776,0
chimera_s128_i0,chimera,32,SA,7827238772353203511,-10.776467,-10.776467,0.1966,-11.246297,0.041776,0
chimera_s128_i0,chimera,32,SA,7827237672841575300,-11.246297,-11.246297,0.1967,-11.246297,0.000000,1
chimera_s128_i0,chimera,32,SA,7827236573329947089,-11.246297,-11.246297,0.2228,-11.246297,0.000000,1
chimera_s128_i1,chimera,32,Ultimate,7827602710702709027,-10.112567,-10.112567,235.0727,-10.112567,0.000000,1
chimera_s128_i1,chimera,32,Ultimate,7827603810214337238,-10.112567,-10.112567,238.3238,-10.112567,0.000000,1
chimera_s128_i1,chimera,32,Ultimate,7827604909725965449,-10.112567,-10.112567,243.2627,-10.112567,0.000000,1
chimera_s128_i1,chimera,32,Ultimate,7827614805330619348,-10.112567,-10.112567,239.9282,-10.112567,0.000000,1
chimera_s128_i1,chimera,32,Ultimate,7827615904842247559,-10.112567,-10.112567,236.7637,-10.112567,0.000000,1
chimera_s128_i1,chimera,32,Ultimate,7827617004353875770,-10.112567,-10.112567,245.9601,-10.112567,0.000000,1
chimera_s128_i1,chimera,32,Ultimate,7827618103865503981,-10.112567,-10.112567,240.4240,-10.112567,0.000000,1
chimera_s128_i1,chimera,32,Ultimate,7827610407284106504,-10.112567,-10.112567,239.9794,-10.112567,0.000000,1
chimera_s128_i1,chimera,32,PT,7827602710702709027,-10.112567,-10.112567,0.2907,-10.112567,0.000000,1
chimera_s128_i1,chimera,32,PT,7827603810214337238,-9.608130,-9.608130,0.3168,-10.112567,0.049882,0
chimera_s128_i1,chimera,32,PT,7827604909725965449,-9.993448,-9.993448,0.3045,-10.112567,0.011779,0
chimera_s128_i1,chimera,32,PT,7827614805330619348,-10.112567,-10.112567,0.2693,-10.112567,0.000000,1
chimera_s128_i1,chimera,32,PT,7827615904842247559,-10.112567,-10.112567,0.3130,-10.112567,0.000000,1
chimera_s128_i1,chimera,32,PT,7827617004353875770,-10.112567,-10.112567,0.2719,-10.112567,0.000000,1
chimera_s128_i1,chimera,32,PT,7827618103865503981,-10.112567,-10.112567,0.3064,-10.112567,0.000000,1
chimera_s128_i1,chimera,32,PT,7827610407284106504,-10.112567,-10.112567,0.2684,-10.112567,0.000000,1
chimera_s128_i1,chimera,32,SA,7827602710702709027,-9.993448,-9.993448,0.2565,-10.112567,0.011779,0
chimera_s128_i1,chimera,32,SA,7827603810214337238,-10.112567,-10.112567,0.1932,-10.112567,0.000000,1
chimera_s128_i1,chimera,32,SA,7827604909725965449,-10.112567,-10.112567,0.2810,-10.112567,0.000000,1
chimera_s128_i1,chimera,32,SA,7827614805330619348,-9.593006,-9.593006,0.1972,-10.112567,0.051378,0
chimera_s128_i1,chimera,32,SA,7827615904842247559,-10.112567,-10.112567,0.2271,-10.112567,0.000000,1
chimera_s128_i1,chimera,32,SA,7827617004353875770,-10.112567,-10.112567,0.1960,-10.112567,0.000000,1
chimera_s128_i1,chimera,32,SA,7827618103865503981,-10.112567,-10.112567,0.1977,-10.112567,0.000000,1
chimera_s128_i1,chimera,32,SA,7827610407284106504,-10.112567,-10.112567,0.2202,-10.112567,0.000000,1
