family,solver,n_instances,n_runs,p_success,tts099,tts_lo,tts_hi,mean_native,best_native,mean_gap,gap_lo,gap_hi,mean_ms
chimera,PT,4,32,0.9375,0.4518,0.2720,0.6748,-7.4086,-11.2463,0.001927,0.000000,0.005413,0.2720
chimera,SA,4,32,0.8750,0.3063,0.1838,0.4595,-7.3788,-11.2463,0.004585,0.000368,0.009439,0.1383
chimera,Ultimate,4,32,1.0000,232.9817,232.9817,232.9817,-7.4281,-11.2463,0.000000,0.000000,0.000000,232.9817
dense,PT,4,32,0.0312,888.9663,286.7076,inf,-267.2497,-424.0728,0.088848,0.061415,0.114080,6.1287
dense,SA,4,32,0.6250,13.4767,8.6972,22.9738,-304.5091,-458.6552,0.002012,0.000755,0.003657,2.8703
dense,Ultimate,4,32,1.0000,373.1322,373.1322,373.1322,-305.0307,-458.6552,0.000000,0.000000,0.000000,373.1322
random,PT,4,32,0.0000,inf,inf,inf,-143.1182,-228.2023,0.087684,0.062940,0.111614,2.3410
random,SA,4,32,0.3438,14.5749,8.8569,29.5664,-162.6463,-246.8097,0.001887,0.000554,0.003413,1.3331
random,Ultimate,4,32,1.0000,296.3227,296.3227,296.3227,-162.7889,-246.8097,0.000000,0.000000,0.000000,296.3227
sk,PT,4,32,0.0000,inf,inf,inf,-133.5714,-194.2003,0.096519,0.068579,0.122787,3.1645
sk,SA,4,32,0.5312,16.6794,10.8651,30.0032,-153.1257,-225.5276,0.001634,0.000576,0.003111,2.7443
sk,Ultimate,4,32,1.0000,377.6393,377.6393,377.6393,-153.3541,-225.5276,0.000000,0.000000,0.000000,377.6393
sparse,PT,4,32,0.0000,inf,inf,inf,-62.0527,-84.2236,0.080058,0.059742,0.100771,0.6597
sparse,SA,4,32,0.3438,8.4272,5.1210,17.0952,-68.5566,-91.5798,0.002161,0.000968,0.003672,0.7708
sparse,Ultimate,4,32,1.0000,257.3920,257.3920,257.3920,-68.6674,-91.5880,0.000000,0.000000,0.000000,257.3920
